{
    "results": {
        "acc_test_teacher": {
            "0": 46.25,
            "1": 51.849999999999994,
            "2": 53.1,
            "3": 56.3,
            "4": 57.49999999999999,
            "5": 56.8,
            "6": 56.55,
            "7": 54.949999999999996,
            "8": 59.35,
            "9": 56.35,
            "10": 56.89999999999999,
            "11": 58.4,
            "12": 56.2,
            "13": 57.9,
            "14": 58.550000000000004,
            "15": 59.0,
            "16": 59.45,
            "17": 58.599999999999994,
            "18": 57.599999999999994,
            "19": 60.199999999999996,
            "20": 58.050000000000004,
            "21": 60.199999999999996,
            "22": 58.699999999999996,
            "23": 59.95,
            "24": 59.0,
            "25": 60.45,
            "26": 60.150000000000006,
            "27": 60.199999999999996,
            "28": 61.8,
            "29": 60.099999999999994,
            "30": 60.3,
            "31": 60.5,
            "32": 60.699999999999996,
            "33": 60.3,
            "34": 60.95,
            "35": 58.5,
            "36": 59.5,
            "37": 60.550000000000004,
            "38": 60.550000000000004,
            "39": 59.35
        },
        "acc_test_student": {
            "0": 49.6,
            "1": 52.75,
            "2": 53.05,
            "3": 53.949999999999996,
            "4": 55.25,
            "5": 56.3,
            "6": 55.7,
            "7": 55.75,
            "8": 54.75,
            "9": 57.699999999999996,
            "10": 54.800000000000004,
            "11": 56.89999999999999,
            "12": 56.00000000000001,
            "13": 56.65,
            "14": 56.99999999999999,
            "15": 56.45,
            "16": 55.900000000000006,
            "17": 57.45,
            "18": 55.1,
            "19": 55.50000000000001,
            "20": 57.49999999999999,
            "21": 59.0,
            "22": 57.9,
            "23": 57.35,
            "24": 55.95,
            "25": 56.3,
            "26": 59.3,
            "27": 57.4,
            "28": 57.699999999999996,
            "29": 57.75,
            "30": 59.199999999999996,
            "31": 58.95,
            "32": 58.5,
            "33": 57.599999999999994,
            "34": 57.550000000000004,
            "35": 58.75,
            "36": 57.95,
            "37": 57.8,
            "38": 57.4,
            "39": 57.8
        },
        "acc_test_distilled": {
            "0": NaN,
            "1": NaN,
            "2": NaN,
            "3": NaN,
            "4": NaN,
            "5": NaN,
            "6": NaN,
            "7": NaN,
            "8": NaN,
            "9": NaN,
            "10": 48.199999999999996,
            "11": 53.849999999999994,
            "12": 54.400000000000006,
            "13": 54.400000000000006,
            "14": 57.35,
            "15": 56.99999999999999,
            "16": 58.25,
            "17": 60.4,
            "18": 59.550000000000004,
            "19": 59.5,
            "20": 59.5,
            "21": 59.45,
            "22": 59.050000000000004,
            "23": 58.35,
            "24": 60.75000000000001,
            "25": 60.3,
            "26": 60.3,
            "27": 60.050000000000004,
            "28": 61.6,
            "29": 59.9,
            "30": 58.8,
            "31": 60.35,
            "32": 61.3,
            "33": 60.75000000000001,
            "34": 60.150000000000006,
            "35": 60.150000000000006,
            "36": 60.6,
            "37": 59.75,
            "38": 60.550000000000004,
            "39": 60.95
        },
        "time_train_teacher": {
            "0": 4.637790203094482,
            "1": 3.987121820449829,
            "2": 3.704230785369873,
            "3": 3.1497795581817627,
            "4": 3.084261894226074,
            "5": 2.8021717071533203,
            "6": 2.7336010932922363,
            "7": 2.663426160812378,
            "8": 2.649345874786377,
            "9": 2.535115957260132,
            "10": 2.4800431728363037,
            "11": 2.3477299213409424,
            "12": 2.32751727104187,
            "13": 2.3048481941223145,
            "14": 2.2858223915100098,
            "15": 2.244943380355835,
            "16": 2.1879165172576904,
            "17": 2.1301441192626953,
            "18": 2.1043128967285156,
            "19": 2.1219072341918945,
            "20": 2.0975754261016846,
            "21": 2.0399019718170166,
            "22": 2.0364558696746826,
            "23": 1.9936833381652832,
            "24": 2.0129947662353516,
            "25": 1.9785552024841309,
            "26": 1.9817800521850586,
            "27": 1.925574541091919,
            "28": 1.9458513259887695,
            "29": 1.8905706405639648,
            "30": 1.9096894264221191,
            "31": 1.8783373832702637,
            "32": 1.9612679481506348,
            "33": 1.8568882942199707,
            "34": 1.8836243152618408,
            "35": 1.8306381702423096,
            "36": 1.8658392429351807,
            "37": 1.8448684215545654,
            "38": 1.8195712566375732,
            "39": 1.8239140510559082
        },
        "time_train_student": {
            "0": 0.6013138294219971,
            "1": 0.5331029891967773,
            "2": 0.5187315940856934,
            "3": 0.4983847141265869,
            "4": 0.4838876724243164,
            "5": 0.46808934211730957,
            "6": 0.4733104705810547,
            "7": 0.44658994674682617,
            "8": 0.44199657440185547,
            "9": 0.4488332271575928,
            "10": 0.44200730323791504,
            "11": 0.42675328254699707,
            "12": 0.42545104026794434,
            "13": 0.4267284870147705,
            "14": 0.4245026111602783,
            "15": 0.4164893627166748,
            "16": 0.4084346294403076,
            "17": 0.4091041088104248,
            "18": 0.4567101001739502,
            "19": 0.41492152214050293,
            "20": 0.4199028015136719,
            "21": 0.44538402557373047,
            "22": 0.39508962631225586,
            "23": 0.39171361923217773,
            "24": 0.3898022174835205,
            "25": 0.4113006591796875,
            "26": 0.39141082763671875,
            "27": 0.3842475414276123,
            "28": 0.3893465995788574,
            "29": 0.39032578468322754,
            "30": 0.3843240737915039,
            "31": 0.3911917209625244,
            "32": 0.38662195205688477,
            "33": 0.3722963333129883,
            "34": 0.3790454864501953,
            "35": 0.3674798011779785,
            "36": 0.37454795837402344,
            "37": 0.3674290180206299,
            "38": 0.38348388671875,
            "39": 0.36974334716796875
        },
        "time_train_distilled": {
            "0": NaN,
            "1": NaN,
            "2": NaN,
            "3": NaN,
            "4": NaN,
            "5": NaN,
            "6": NaN,
            "7": NaN,
            "8": NaN,
            "9": NaN,
            "10": 0.9861485958099365,
            "11": 0.8780314922332764,
            "12": 0.8376436233520508,
            "13": 0.7846734523773193,
            "14": 0.7711441516876221,
            "15": 0.7538957595825195,
            "16": 0.737847089767456,
            "17": 0.6992051601409912,
            "18": 0.6987378597259521,
            "19": 0.6666872501373291,
            "20": 0.6647818088531494,
            "21": 0.6698238849639893,
            "22": 0.6514115333557129,
            "23": 0.6352460384368896,
            "24": 0.639000654220581,
            "25": 0.642486572265625,
            "26": 0.6396353244781494,
            "27": 0.6280257701873779,
            "28": 0.626563549041748,
            "29": 0.6162552833557129,
            "30": 0.603173017501831,
            "31": 0.6155951023101807,
            "32": 0.6089999675750732,
            "33": 0.6084532737731934,
            "34": 0.6052477359771729,
            "35": 0.5838446617126465,
            "36": 0.5776708126068115,