{
    "analysis": {
        "avg_acc_test_teacher": 58.251250000000006,
        "std_acc_test_teacher": 2.7239556337928486,
        "avg_acc_test_student": 56.89375,
        "std_acc_test_student": 2.1657943263621693,
        "avg_acc_test_distilled": 58.073750000000004,
        "std_acc_test_distilled": 3.2073031146480018,
        "final_acc_test_distilled": 60.650000000000006,
        "sum_time_train_teacher": 92.58114957809448,
        "sum_time_train_student": 16.8615825176239,
        "sum_time_train_distilled": 51.306806802749634,
        "total_time": 164.05414867401123,
        "num_clauses_dropped": 3495,
        "num_clauses_dropped_percentage": 34.949999999999996
    },
    "mutual_information": {
        "sklearn_teacher": 0.8262086121401371,
        "sklearn_student": 2.2691998862720633
    },
    "params": {
        "teacher_num_clauses": 1000,
        "student_num_clauses": 100,
        "T": 60,
        "s": 3.0,
        "teacher_epochs": 10,
        "student_epochs": 30,
        "over": 0.95,
        "under": 0.05,
        "weighted_clauses": true,
        "number_of_state_bits": 8
    },
    "experiment_name": "MNIST-3D",
    "timestamp": "2025-02-05 18:20:52",
    "id": "MNIST-3D_tnc1000_snc100_T60_s3.0_te10_se30_over0.95_under0.05",
    "results": {
        "acc_test_teacher": {
            "0": 50.349999999999994,
            "1": 48.3,
            "2": 53.949999999999996,
            "3": 55.15,
            "4": 55.55,
            "5": 56.10000000000001,
            "6": 55.400000000000006,
            "7": 56.3,
            "8": 59.0,
            "9": 57.35,
            "10": 57.25,
            "11": 58.45,
            "12": 59.199999999999996,
            "13": 57.49999999999999,
            "14": 57.35,
            "15": 59.9,
            "16": 60.35,
            "17": 58.4,
            "18": 60.8,
            "19": 58.9,
            "20": 58.9,
            "21": 58.85,
            "22": 58.4,
            "23": 59.550000000000004,
            "24": 58.75,
            "25": 60.050000000000004,
            "26": 59.0,
            "27": 61.150000000000006,
            "28": 58.8,
            "29": 60.199999999999996,
            "30": 59.45,
            "31": 60.199999999999996,
            "32": 60.550000000000004,
            "33": 59.550000000000004,
            "34": 61.050000000000004,
            "35": 60.0,
            "36": 58.75,
            "37": 60.650000000000006,
            "38": 60.8,
            "39": 59.85
        },
        "acc_test_student": {
            "0": 49.25,
            "1": 51.449999999999996,
            "2": 53.0,
            "3": 55.25,
            "4": 54.0,
            "5": 54.55,
            "6": 54.50000000000001,
            "7": 54.300000000000004,
            "8": 57.05,
            "9": 56.2,
            "10": 58.199999999999996,
            "11": 57.05,
            "12": 57.45,
            "13": 57.05,
            "14": 56.8,
            "15": 56.699999999999996,
            "16": 56.49999999999999,
            "17": 58.099999999999994,
            "18": 56.39999999999999,
            "19": 58.5,
            "20": 57.75,
            "21": 57.05,
            "22": 58.199999999999996,
            "23": 57.49999999999999,
            "24": 57.85,
            "25": 57.45,
            "26": 58.5,
            "27": 58.3,
            "28": 58.550000000000004,
            "29": 57.95,
            "30": 58.099999999999994,
            "31": 58.8,
            "32": 57.099999999999994,
            "33": 59.35,
            "34": 57.45,
            "35": 58.050000000000004,
            "36": 57.85,
            "37": 59.9,
            "38": 59.4,
            "39": 58.35
        },
        "acc_test_distilled": {
            "0": 50.349999999999994,
            "1": 48.3,
            "2": 53.949999999999996,
            "3": 55.15,
            "4": 55.55,
            "5": 56.10000000000001,
            "6": 55.400000000000006,
            "7": 56.3,
            "8": 59.0,
            "9": 57.35,
            "10": 50.0,
            "11": 55.00000000000001,
            "12": 57.599999999999994,
            "13": 56.65,
            "14": 58.25,
            "15": 56.2,
            "16": 58.15,
            "17": 58.85,
            "18": 60.8,
            "19": 59.4,
            "20": 59.45,
            "21": 58.4,
            "22": 58.650000000000006,
            "23": 60.150000000000006,
            "24": 61.550000000000004,
            "25": 59.699999999999996,
            "26": 61.150000000000006,
            "27": 59.75,
            "28": 60.699999999999996,
            "29": 59.95,
            "30": 59.050000000000004,
            "31": 59.699999999999996,
            "32": 60.95,
            "33": 60.75000000000001,
            "34": 61.35,
            "35": 60.3,
            "36": 61.0,
            "37": 61.199999999999996,
            "38": 60.199999999999996,
            "39": 60.650000000000006
        },
        "time_train_teacher": {
            "0": 4.202128648757935,
            "1": 3.676696300506592,
            "2": 3.3910248279571533,
            "3": 3.3360865116119385,
            "4": 3.013607978820801,
            "5": 2.959213972091675,
            "6": 2.859788417816162,
            "7": 2.6507718563079834,
            "8": 2.606307029724121,
            "9": 2.5009703636169434,
            "10": 2.5117549896240234,
            "11": 2.384626865386963,
            "12": 2.3528034687042236,
            "13": 2.3421175479888916,
            "14": 2.2547147274017334,
            "15": 2.2542879581451416,
            "16": 2.195282220840454,
            "17": 2.2124271392822266,
            "18": 2.1410293579101562,
            "19": 2.1517858505249023,
            "20": 2.0432286262512207,
            "21": 2.0436267852783203,
            "22": 2.0175254344940186,
            "23": 1.9879827499389648,
            "24": 1.9719963073730469,
            "25": 2.005194664001465,
            "26": 1.9785897731781006,
            "27": 1.97896146774292,
            "28": 1.9162063598632812,
            "29": 1.9370503425598145,
            "30": 1.9193308353424072,
            "31": 1.9035539627075195,
            "32": 1.9580466747283936,
            "33": 1.8831470012664795,
            "34": 1.8843538761138916,
            "35": 1.8616983890533447,
            "36": 1.8336734771728516,
            "37": 1.8261470794677734,
            "38": 1.820676565170288,
            "39": 1.8127331733703613
        },
        "time_train_student": {
            "0": 0.5870184898376465,
            "1": 0.5321009159088135,
            "2": 0.504502534866333,
            "3": 0.488555908203125,
            "4": 0.4784557819366455,
            "5": 0.46285271644592285,
            "6": 0.46311378479003906,
            "7": 0.4629988670349121,
            "8": 0.4488484859466553,
            "9": 0.4439394474029541,
            "10": 0.45625829696655273,
            "11": 0.4334688186645508,
            "12": 0.43788576126098633,
            "13": 0.42125391960144043,
            "14": 0.4386277198791504,
            "15": 0.44338274002075195,
            "16": 0.42665529251098633,
            "17": 0.4132270812988281,
            "18": 0.42231297492980957,
            "19": 0.4081857204437256,
            "20": 0.41033029556274414,
            "21": 0.40149712562561035,
            "22": 0.40179967880249023,
            "23": 0.396892786026001,
            "24": 0.3957371711730957,
            "25": 0.38656020164489746,
            "26": 0.3854825496673584,
            "27": 0.40267372131347656,
            "28": 0.38148975372314453,
            "29": 0.3816208839416504,
            "30": 0.38593435287475586,
            "31": 0.37439632415771484,
            "32": 0.3733677864074707,
            "33": 0.3762500286102295,
            "34": 0.36364245414733887,
            "35": 0.3710453510284424,
            "36": 0.36533212661743164,
            "37": 0.3740236759185791,