{
    "analysis": {
        "avg_acc_test_teacher": 58.20125,
        "std_acc_test_teacher": 2.533430012493956,
        "avg_acc_test_student": 57.633750000000006,
        "std_acc_test_student": 1.8731704749448534,
        "avg_acc_test_distilled": 58.561250000000015,
        "std_acc_test_distilled": 3.1280879614984927,
        "final_acc_test_distilled": 61.050000000000004,
        "final_acc_test_teacher": 60.199999999999996,
        "final_acc_test_student": 58.9,
        "sum_time_train_teacher": 247.78837752342224,
        "sum_time_train_student": 40.07822608947754,
        "sum_time_train_distilled": 163.14728236198425,
        "sum_time_test_teacher": 80.32392764091492,
        "sum_time_test_student": 7.973201513290405,
        "sum_time_test_distilled": 38.87904977798462,
        "avg_time_train_teacher": 6.194709438085556,
        "avg_time_train_student": 1.0019556522369384,
        "avg_time_train_distilled": 4.078682059049607,
        "avg_time_test_teacher": 2.008098191022873,
        "avg_time_test_student": 0.19933003783226014,
        "avg_time_test_distilled": 0.9719762444496155,
        "total_time": 482.44827580451965,
        "num_clauses_dropped": 8866,
        "num_clauses_dropped_percentage": 44.330000000000005
    },
    "mutual_information": {
        "sklearn_teacher": 0.9280406547606348,
        "sklearn_student": 2.2779214411082536,
        "info_teacher": 1.4681368722990313,
        "info_student": 35.68959067563544,
        "info_distilled": 279.9803385253285
    },
    "params": {
        "teacher_num_clauses": 2000,
        "student_num_clauses": 300,
        "T": 60,
        "s": 3.0,
        "teacher_epochs": 10,
        "student_epochs": 30,
        "downsample": 0.02,
        "weighted_clauses": true,
        "number_of_state_bits": 8,
        "combined_epochs": 40
    },
    "experiment_name": "MNIST3D",
    "timestamp": "2025-02-09 22:12:05",
    "id": "MNIST3D_tnc2000_snc300_T60_s3.0_te10_se30_downsample0.02",
    "results": {
        "acc_test_teacher": {
            "0": 48.5,
            "1": 52.900000000000006,
            "2": 52.849999999999994,
            "3": 55.85,
            "4": 55.65,
            "5": 56.65,
            "6": 55.50000000000001,
            "7": 57.8,
            "8": 56.00000000000001,
            "9": 55.800000000000004,
            "10": 57.8,
            "11": 57.099999999999994,
            "12": 58.15,
            "13": 58.4,
            "14": 59.050000000000004,
            "15": 58.3,
            "16": 60.25,
            "17": 59.25,
            "18": 58.25,
            "19": 59.3,
            "20": 58.45,
            "21": 58.5,
            "22": 59.45,
            "23": 59.650000000000006,
            "24": 58.95,
            "25": 60.199999999999996,
            "26": 60.5,
            "27": 59.0,
            "28": 59.650000000000006,
            "29": 60.85,
            "30": 58.5,
            "31": 60.3,
            "32": 59.9,
            "33": 59.4,
            "34": 60.9,
            "35": 60.4,
            "36": 59.45,
            "37": 59.9,
            "38": 60.550000000000004,
            "39": 60.199999999999996
        },
        "acc_test_student": {
            "0": 51.5,
            "1": 53.05,
            "2": 53.75,
            "3": 55.45,
            "4": 56.65,
            "5": 56.599999999999994,
            "6": 57.099999999999994,
            "7": 56.95,
            "8": 53.900000000000006,
            "9": 56.89999999999999,
            "10": 57.65,
            "11": 58.35,
            "12": 58.75,
            "13": 57.45,
            "14": 58.599999999999994,
            "15": 58.35,
            "16": 57.199999999999996,
            "17": 58.9,
            "18": 58.3,
            "19": 59.75,
            "20": 58.75,
            "21": 58.75,
            "22": 58.650000000000006,
            "23": 57.4,
            "24": 56.599999999999994,
            "25": 58.699999999999996,
            "26": 58.099999999999994,
            "27": 58.25,
            "28": 59.3,
            "29": 57.45,
            "30": 58.35,
            "31": 57.699999999999996,
            "32": 59.5,
            "33": 59.599999999999994,
            "34": 58.4,
            "35": 59.4,
            "36": 57.35,
            "37": 60.4,
            "38": 58.650000000000006,
            "39": 58.9
        },
        "acc_test_distilled": {
            "0": 48.5,
            "1": 52.900000000000006,
            "2": 52.849999999999994,
            "3": 55.85,
            "4": 55.65,
            "5": 56.65,
            "6": 55.50000000000001,
            "7": 57.8,
            "8": 56.00000000000001,
            "9": 55.800000000000004,
            "10": 53.15,
            "11": 54.949999999999996,
            "12": 56.95,
            "13": 60.0,
            "14": 59.650000000000006,
            "15": 59.150000000000006,
            "16": 58.35,
            "17": 58.050000000000004,
            "18": 58.5,
            "19": 61.199999999999996,
            "20": 58.75,
            "21": 58.9,
            "22": 60.5,
            "23": 61.0,
            "24": 61.550000000000004,
            "25": 61.050000000000004,
            "26": 60.199999999999996,
            "27": 61.550000000000004,
            "28": 59.4,
            "29": 59.699999999999996,
            "30": 62.050000000000004,
            "31": 59.650000000000006,
            "32": 60.95,
            "33": 60.9,
            "34": 60.85,
            "35": 61.0,
            "36": 62.0,
            "37": 61.4,
            "38": 62.55,
            "39": 61.050000000000004
        },
        "time_train_teacher": {
            "0": 12.1099534034729,
            "1": 10.419466733932495,
            "2": 9.840895652770996,
            "3": 9.031979084014893,
            "4": 8.582448720932007,
            "5": 8.348292350769043,
            "6": 8.167273998260498,
            "7": 7.647326707839966,
            "8": 7.353647947311401,
            "9": 7.235633850097656,
            "10": 6.699193239212036,
            "11": 6.847308397293091,
            "12": 6.792893648147583,
            "13": 6.296013832092285,
            "14": 6.207156658172607,
            "15": 6.116954326629639,
            "16": 5.767951011657715,
            "17": 5.827702045440674,
            "18": 5.576463460922241,
            "19": 5.882222414016724,
            "20": 5.559558868408203,
            "21": 5.616091728210449,
            "22": 5.4514000415802,
            "23": 5.330329656600952,
            "24": 4.863464117050171,
            "25": 4.880312204360962,
            "26": 4.826688766479492,
            "27": 5.125508069992065,
            "28": 4.807018280029297,
            "29": 4.724693775177002,
            "30": 4.765428066253662,
            "31": 4.696793556213379,
            "32": 4.737473964691162,
            "33": 4.648597717285156,
            "34": 4.594214200973511,
            "35": 4.501237392425537,
            "36": 4.5943193435668945,
            "37": 4.420286655426025,
            "38": 4.5282182693481445,
            "39": 4.365965366363525
        },
        "time_train_student": {
            "0": 1.8207426071166992,
            "1": 1.5714051723480225,
            "2": 1.51546049118042,
            "3": 1.425766944885254,
            "4": 1.365143060684204,
            "5": 1.3248200416564941,
            "6": 1.2769801616668701,
            "7": 1.241502285003662,
            "8": 1.2013256549835205,
            "9": 1.1142327785491943,
            "10": 1.171057939529419,
            "11": 1.093536138534546,
            "12": 1.0088605880737305,
            "13": 1.0709526538848877,
            "14": 0.9764993190765381,
            "15": 1.0243847370147705,
            "16": 0.9656085968017578,
            "17": 0.9795384407043457,
            "18": 0.9521331787109375,
            "19": 0.9044718742370605,
            "20": 0.8957958221435547,
            "21": 0.8896021842956543,