{
    "results": {
        "acc_test_teacher": {
            "0": 45.45,
            "1": 48.65,
            "2": 55.800000000000004,
            "3": 56.2,
            "4": 55.900000000000006,
            "5": 55.900000000000006,
            "6": 58.099999999999994,
            "7": 57.550000000000004,
            "8": 56.10000000000001,
            "9": 56.45,
            "10": 58.099999999999994,
            "11": 58.599999999999994,
            "12": 58.25,
            "13": 60.6,
            "14": 58.95,
            "15": 57.8,
            "16": 58.550000000000004,
            "17": 57.95,
            "18": 58.9,
            "19": 57.8,
            "20": 59.8,
            "21": 58.550000000000004,
            "22": 57.9,
            "23": 59.25,
            "24": 59.599999999999994,
            "25": 59.0,
            "26": 59.25,
            "27": 59.599999999999994,
            "28": 59.599999999999994,
            "29": 58.599999999999994,
            "30": 59.199999999999996,
            "31": 59.0,
            "32": 59.650000000000006,
            "33": 59.550000000000004,
            "34": 58.599999999999994,
            "35": 59.8,
            "36": 60.4,
            "37": 60.099999999999994,
            "38": 60.25,
            "39": 59.599999999999994
        },
        "acc_test_student": {
            "0": 50.64999999999999,
            "1": 50.24999999999999,
            "2": 53.849999999999994,
            "3": 56.25,
            "4": 55.65,
            "5": 54.85,
            "6": 55.75,
            "7": 56.39999999999999,
            "8": 55.85,
            "9": 55.75,
            "10": 53.949999999999996,
            "11": 58.599999999999994,
            "12": 58.35,
            "13": 57.49999999999999,
            "14": 57.45,
            "15": 56.49999999999999,
            "16": 57.099999999999994,
            "17": 57.35,
            "18": 57.4,
            "19": 57.45,
            "20": 57.75,
            "21": 58.550000000000004,
            "22": 59.050000000000004,
            "23": 57.65,
            "24": 58.75,
            "25": 57.3,
            "26": 59.35,
            "27": 57.99999999999999,
            "28": 58.699999999999996,
            "29": 57.599999999999994,
            "30": 57.45,
            "31": 57.95,
            "32": 58.3,
            "33": 57.49999999999999,
            "34": 57.25,
            "35": 58.35,
            "36": 58.599999999999994,
            "37": 57.49999999999999,
            "38": 57.3,
            "39": 58.15
        },
        "acc_test_distilled": {
            "0": 48.6,
            "1": 50.55,
            "2": 53.2,
            "3": 54.7,
            "4": 55.00000000000001,
            "5": 53.05,
            "6": 57.550000000000004,
            "7": 55.85,
            "8": 56.599999999999994,
            "9": 58.8,
            "10": 51.1,
            "11": 52.900000000000006,
            "12": 54.2,
            "13": 55.400000000000006,
            "14": 57.599999999999994,
            "15": 57.95,
            "16": 57.95,
            "17": 59.650000000000006,
            "18": 59.599999999999994,
            "19": 59.0,
            "20": 58.45,
            "21": 57.3,
            "22": 60.199999999999996,
            "23": 59.050000000000004,
            "24": 57.99999999999999,
            "25": 59.150000000000006,
            "26": 59.550000000000004,
            "27": 61.1,
            "28": 61.150000000000006,
            "29": 60.3,
            "30": 61.050000000000004,
            "31": 61.050000000000004,
            "32": 60.650000000000006,
            "33": 61.45,
            "34": 60.35,
            "35": 60.95,
            "36": 61.550000000000004,
            "37": 60.6,
            "38": 60.699999999999996,
            "39": 61.0
        },
        "time_train_teacher": {
            "0": 4.489793539047241,
            "1": 4.123505592346191,
            "2": 3.6253678798675537,
            "3": 3.1961915493011475,
            "4": 3.0342459678649902,
            "5": 2.8452725410461426,
            "6": 2.881080389022827,
            "7": 2.731934070587158,
            "8": 2.6167261600494385,
            "9": 2.4958858489990234,
            "10": 2.4792630672454834,
            "11": 2.355104446411133,
            "12": 2.400371789932251,
            "13": 2.284684419631958,
            "14": 2.255652666091919,
            "15": 2.2670695781707764,
            "16": 2.221647024154663,
            "17": 2.161064624786377,
            "18": 2.166372299194336,
            "19": 2.1089577674865723,
            "20": 2.1117355823516846,
            "21": 2.112653970718384,
            "22": 2.0179030895233154,
            "23": 2.0719101428985596,
            "24": 2.038227081298828,
            "25": 2.088435173034668,
            "26": 1.976374626159668,
            "27": 2.0137436389923096,
            "28": 1.9450345039367676,
            "29": 1.9736754894256592,
            "30": 1.9465715885162354,
            "31": 1.9187934398651123,
            "32": 1.9497315883636475,
            "33": 1.9201319217681885,
            "34": 2.1286118030548096,
            "35": 2.109576940536499,
            "36": 2.1047871112823486,
            "37": 2.103405237197876,
            "38": 2.1463663578033447,
            "39": 2.1280570030212402
        },
        "time_train_student": {
            "0": 0.6008424758911133,
            "1": 0.5369372367858887,
            "2": 0.5153524875640869,
            "3": 0.4942770004272461,
            "4": 0.4763803482055664,
            "5": 0.4717545509338379,
            "6": 0.4621922969818115,
            "7": 0.4672811031341553,
            "8": 0.4551846981048584,
            "9": 0.45189905166625977,
            "10": 0.4488358497619629,
            "11": 0.4310314655303955,
            "12": 0.44113922119140625,
            "13": 0.415755033493042,
            "14": 0.4301328659057617,
            "15": 0.4276092052459717,
            "16": 0.44223999977111816,
            "17": 0.41106081008911133,
            "18": 0.4338388442993164,
            "19": 0.4192991256713867,
            "20": 0.3913726806640625,
            "21": 0.3951396942138672,
            "22": 0.3939478397369385,
            "23": 0.40312623977661133,
            "24": 0.3888535499572754,
            "25": 0.38976335525512695,
            "26": 0.39508628845214844,
            "27": 0.39097118377685547,
            "28": 0.380979061126709,
            "29": 0.3892652988433838,
            "30": 0.38785409927368164,
            "31": 0.37194323539733887,
            "32": 0.3918313980102539,
            "33": 0.3795628547668457,
            "34": 0.37553930282592773,
            "35": 0.3803231716156006,
            "36": 0.3831760883331299,
            "37": 0.36479806900024414,
            "38": 0.36292028427124023,
            "39": 0.38243627548217773
        },
        "time_train_distilled": {
            "0": 4.471258640289307,
            "1": 3.628521680831909,
            "2": 3.4980952739715576,
            "3": 3.1622471809387207,
            "4": 3.0622470378875732,
            "5": 2.9766714572906494,
            "6": 2.7323877811431885,
            "7": 2.7164905071258545,
            "8": 2.610605001449585,
            "9": 2.577608108520508,
            "10": 1.3883233070373535,
            "11": 1.2070586681365967,
            "12": 1.1134979724884033,
            "13": 1.080775499343872,
            "14": 1.0701847076416016,
            "15": 1.042032241821289,
            "16": 0.9940009117126465,
            "17": 0.9831960201263428,
            "18": 0.9329116344451904,
            "19": 0.9361717700958252,
            "20": 0.9233710765838623,
            "21": 0.875807523727417,
            "22": 0.8630225658416748,
            "23": 0.8668515682220459,
            "24": 0.8514206409454346,
            "25": 0.842534065246582,
            "26": 0.8413112163543701,
            "27": 0.869051456451416,