{
    "results": {
        "acc_test_teacher": {
            "0": 48.449999999999996,
            "1": 46.949999999999996,
            "2": 55.7,
            "3": 56.15,
            "4": 53.849999999999994,
            "5": 54.25,
            "6": 56.39999999999999,
            "7": 58.35,
            "8": 59.25,
            "9": 56.49999999999999,
            "10": 59.3,
            "11": 60.0,
            "12": 60.85,
            "13": 59.099999999999994,
            "14": 59.050000000000004,
            "15": 59.050000000000004,
            "16": 58.75,
            "17": 59.4,
            "18": 59.0,
            "19": 60.25,
            "20": 59.699999999999996,
            "21": 60.550000000000004,
            "22": 59.150000000000006,
            "23": 59.35,
            "24": 60.25,
            "25": 59.699999999999996,
            "26": 60.6,
            "27": 59.9,
            "28": 59.650000000000006,
            "29": 59.699999999999996,
            "30": 60.050000000000004,
            "31": 59.85,
            "32": 59.35,
            "33": 60.85,
            "34": 59.050000000000004,
            "35": 61.45,
            "36": 61.050000000000004,
            "37": 61.5,
            "38": 61.35,
            "39": 60.3
        },
        "acc_test_student": {
            "0": 50.349999999999994,
            "1": 51.949999999999996,
            "2": 53.5,
            "3": 56.8,
            "4": 55.45,
            "5": 57.550000000000004,
            "6": 55.15,
            "7": 57.45,
            "8": 58.099999999999994,
            "9": 57.199999999999996,
            "10": 57.099999999999994,
            "11": 57.49999999999999,
            "12": 56.699999999999996,
            "13": 57.85,
            "14": 59.85,
            "15": 58.3,
            "16": 55.400000000000006,
            "17": 58.699999999999996,
            "18": 55.55,
            "19": 59.599999999999994,
            "20": 59.050000000000004,
            "21": 60.199999999999996,
            "22": 59.25,
            "23": 59.599999999999994,
            "24": 59.0,
            "25": 59.75,
            "26": 59.4,
            "27": 59.699999999999996,
            "28": 59.3,
            "29": 60.3,
            "30": 59.3,
            "31": 59.4,
            "32": 59.599999999999994,
            "33": 59.3,
            "34": 60.3,
            "35": 59.9,
            "36": 59.95,
            "37": 60.699999999999996,
            "38": 60.199999999999996,
            "39": 60.45
        },
        "acc_test_distilled": {
            "0": NaN,
            "1": NaN,
            "2": NaN,
            "3": NaN,
            "4": NaN,
            "5": NaN,
            "6": NaN,
            "7": NaN,
            "8": NaN,
            "9": NaN,
            "10": 53.7,
            "11": 57.05,
            "12": 54.65,
            "13": 56.05,
            "14": 56.45,
            "15": 59.25,
            "16": 57.550000000000004,
            "17": 57.65,
            "18": 59.699999999999996,
            "19": 58.45,
            "20": 60.150000000000006,
            "21": 61.8,
            "22": 60.5,
            "23": 61.650000000000006,
            "24": 61.150000000000006,
            "25": 61.6,
            "26": 60.8,
            "27": 60.099999999999994,
            "28": 61.1,
            "29": 61.550000000000004,
            "30": 60.150000000000006,
            "31": 62.4,
            "32": 61.150000000000006,
            "33": 62.4,
            "34": 61.9,
            "35": 61.3,
            "36": 62.2,
            "37": 61.4,
            "38": 62.0,
            "39": 62.5
        },
        "time_train_teacher": {
            "0": 9.144540071487427,
            "1": 7.974538803100586,
            "2": 7.3941662311553955,
            "3": 7.32358455657959,
            "4": 6.828261137008667,
            "5": 6.633378982543945,
            "6": 6.3199217319488525,
            "7": 6.072021722793579,
            "8": 6.114705562591553,
            "9": 6.046309232711792,
            "10": 5.855559587478638,
            "11": 5.65043830871582,
            "12": 5.583187580108643,
            "13": 5.693598031997681,
            "14": 5.487658739089966,
            "15": 5.432542562484741,
            "16": 5.376849174499512,
            "17": 4.5753138065338135,
            "18": 4.63008451461792,
            "19": 4.599661111831665,
            "20": 4.4689857959747314,
            "21": 4.457257509231567,
            "22": 4.37469482421875,
            "23": 4.43490195274353,
            "24": 4.37179708480835,
            "25": 4.377391576766968,
            "26": 4.3905346393585205,
            "27": 4.203576564788818,
            "28": 4.250722408294678,
            "29": 4.168815851211548,
            "30": 4.173339605331421,
            "31": 4.192925691604614,
            "32": 4.118870258331299,
            "33": 4.150738716125488,
            "34": 4.408723831176758,
            "35": 4.343613147735596,
            "36": 4.326336860656738,
            "37": 4.3687074184417725,
            "38": 4.300630807876587,
            "39": 4.3073577880859375
        },
        "time_train_student": {
            "0": 1.7831957340240479,
            "1": 1.5667262077331543,
            "2": 1.4054830074310303,
            "3": 1.3445491790771484,
            "4": 1.243804931640625,
            "5": 1.2101068496704102,
            "6": 1.2211344242095947,
            "7": 1.1274707317352295,
            "8": 1.0796597003936768,
            "9": 1.0351150035858154,
            "10": 0.9912445545196533,
            "11": 1.0220444202423096,
            "12": 0.9993181228637695,
            "13": 0.9340972900390625,
            "14": 0.9315223693847656,
            "15": 0.8986849784851074,
            "16": 0.8779876232147217,
            "17": 0.8417763710021973,
            "18": 0.86346435546875,
            "19": 0.8284914493560791,
            "20": 0.8245549201965332,
            "21": 0.7927148342132568,
            "22": 0.8131866455078125,
            "23": 0.7963755130767822,
            "24": 0.8193039894104004,
            "25": 0.7776126861572266,
            "26": 0.7987689971923828,
            "27": 0.7727718353271484,
            "28": 0.7545859813690186,
            "29": 0.758704423904419,
            "30": 0.7664902210235596,
            "31": 0.7604765892028809,
            "32": 0.7172684669494629,
            "33": 0.713738203048706,
            "34": 0.6942026615142822,
            "35": 0.682215690612793,
            "36": 0.6728129386901855,
            "37": 0.6584179401397705,
            "38": 0.6835765838623047,
            "39": 0.6918544769287109
        },
        "time_train_distilled": {
            "0": NaN,
            "1": NaN,
            "2": NaN,
            "3": NaN,
            "4": NaN,
            "5": NaN,
            "6": NaN,
            "7": NaN,
            "8": NaN,
            "9": NaN,
            "10": 5.603205442428589,
            "11": 4.790781497955322,
            "12": 4.182352542877197,
            "13": 3.9242911338806152,
            "14": 3.8485615253448486,
            "15": 3.5221786499023438,
            "16": 3.377027988433838,
            "17": 3.1922872066497803,
            "18": 3.1011080741882324,
            "19": 2.9561636447906494,
            "20": 2.9094622135162354,
            "21": 2.5974321365356445,
            "22": 2.5323634147644043,
            "23": 2.4442121982574463,
            "24": 2.403503656387329,
            "25": 2.370354175567627,
            "26": 2.3232457637786865,
            "27": 2.2718708515167236,
            "28": 2.3017184734344482,
            "29": 2.2188045978546143,
            "30": 2.1780576705932617,
            "31": 2.2402992248535156,
            "32": 2.173769950866699,
            "33": 2.17673659324646,
            "34": 2.128650188446045,
            "35": 2.1604084968566895,
            "36": 2.1021769046783447,
            "37": 2.11348557472229,