{
    "analysis": {
        "avg_acc_test_teacher": 58.42,
        "std_acc_test_teacher": 2.7421636600432033,
        "avg_acc_test_student": 58.07249999999999,
        "std_acc_test_student": 1.834776238715187,
        "avg_acc_test_distilled": 57.58625000000001,
        "std_acc_test_distilled": 3.2127148735881237,
        "final_acc_test_distilled": 60.45,
        "sum_time_train_teacher": 237.37320280075073,
        "sum_time_train_student": 48.78259634971619,
        "sum_time_train_distilled": 116.42220568656921,
        "total_time": 419.9242398738861,
        "num_clauses_dropped": 16415,
        "num_clauses_dropped_percentage": 82.075
    },
    "mutual_information": {
        "sklearn_teacher": 0.9188441368279128,
        "sklearn_student": 2.2658299690763095
    },
    "params": {
        "teacher_num_clauses": 2000,
        "student_num_clauses": 400,
        "T": 60,
        "s": 3.0,
        "teacher_epochs": 10,
        "student_epochs": 30,
        "over": 0.75,
        "under": 0.25,
        "weighted_clauses": true,
        "number_of_state_bits": 8
    },
    "experiment_name": "MNIST-3D",
    "timestamp": "2025-02-07 17:51:56",
    "id": "MNIST-3D_tnc2000_snc400_T60_s3.0_te10_se30_over0.75_under0.25",
    "results": {
        "acc_test_teacher": {
            "0": 48.8,
            "1": 51.15,
            "2": 52.7,
            "3": 54.400000000000006,
            "4": 55.60000000000001,
            "5": 55.900000000000006,
            "6": 56.85,
            "7": 58.35,
            "8": 56.85,
            "9": 58.3,
            "10": 57.099999999999994,
            "11": 58.4,
            "12": 57.25,
            "13": 57.25,
            "14": 59.650000000000006,
            "15": 57.49999999999999,
            "16": 59.550000000000004,
            "17": 58.699999999999996,
            "18": 60.85,
            "19": 59.4,
            "20": 59.699999999999996,
            "21": 59.199999999999996,
            "22": 59.5,
            "23": 59.650000000000006,
            "24": 60.4,
            "25": 58.599999999999994,
            "26": 61.0,
            "27": 60.099999999999994,
            "28": 60.150000000000006,
            "29": 60.0,
            "30": 60.050000000000004,
            "31": 61.4,
            "32": 60.45,
            "33": 60.4,
            "34": 60.699999999999996,
            "35": 60.150000000000006,
            "36": 60.4,
            "37": 60.5,
            "38": 59.699999999999996,
            "39": 60.199999999999996
        },
        "acc_test_student": {
            "0": 53.349999999999994,
            "1": 55.7,
            "2": 54.65,
            "3": 57.95,
            "4": 55.900000000000006,
            "5": 55.65,
            "6": 53.449999999999996,
            "7": 55.75,
            "8": 57.550000000000004,
            "9": 56.65,
            "10": 55.7,
            "11": 57.550000000000004,
            "12": 58.75,
            "13": 60.099999999999994,
            "14": 58.75,
            "15": 57.35,
            "16": 58.8,
            "17": 58.75,
            "18": 58.15,
            "19": 58.5,
            "20": 59.650000000000006,
            "21": 58.8,
            "22": 58.3,
            "23": 60.5,
            "24": 58.099999999999994,
            "25": 58.25,
            "26": 58.5,
            "27": 60.85,
            "28": 59.150000000000006,
            "29": 59.599999999999994,
            "30": 58.550000000000004,
            "31": 59.3,
            "32": 59.4,
            "33": 57.49999999999999,
            "34": 59.35,
            "35": 59.45,
            "36": 58.85,
            "37": 60.150000000000006,
            "38": 60.35,
            "39": 59.3
        },
        "acc_test_distilled": {
            "0": 48.8,
            "1": 51.15,
            "2": 52.7,
            "3": 54.400000000000006,
            "4": 55.60000000000001,
            "5": 55.900000000000006,
            "6": 56.85,
            "7": 58.35,
            "8": 56.85,
            "9": 58.3,
            "10": 50.8,
            "11": 53.5,
            "12": 52.900000000000006,
            "13": 54.85,
            "14": 54.7,
            "15": 55.45,
            "16": 58.25,
            "17": 58.599999999999994,
            "18": 60.9,
            "19": 57.199999999999996,
            "20": 58.050000000000004,
            "21": 59.550000000000004,
            "22": 58.3,
            "23": 59.599999999999994,
            "24": 58.85,
            "25": 59.0,
            "26": 60.099999999999994,
            "27": 59.4,
            "28": 59.9,
            "29": 59.4,
            "30": 60.4,
            "31": 61.25000000000001,
            "32": 58.699999999999996,
            "33": 59.650000000000006,
            "34": 61.4,
            "35": 61.4,
            "36": 60.8,
            "37": 60.85,
            "38": 60.35,
            "39": 60.45
        },
        "time_train_teacher": {
            "0": 11.408320665359497,
            "1": 10.14573860168457,
            "2": 9.751856327056885,
            "3": 9.167456865310669,
            "4": 8.059040307998657,
            "5": 7.504501581192017,
            "6": 7.084659576416016,
            "7": 7.18663477897644,
            "8": 6.7169013023376465,
            "9": 6.874936819076538,
            "10": 6.503402471542358,
            "11": 6.2751991748809814,
            "12": 6.1584320068359375,
            "13": 6.0269691944122314,
            "14": 5.962101221084595,
            "15": 5.575751304626465,
            "16": 5.733072519302368,
            "17": 5.404520511627197,
            "18": 5.37748122215271,
            "19": 5.197072982788086,
            "20": 5.241862773895264,
            "21": 5.236793756484985,
            "22": 4.853222370147705,
            "23": 5.08726954460144,
            "24": 4.984673738479614,
            "25": 4.895107984542847,
            "26": 5.059189081192017,
            "27": 4.80517053604126,
            "28": 4.6760337352752686,
            "29": 4.597491979598999,
            "30": 4.781388521194458,
            "31": 4.653404235839844,
            "32": 4.550467491149902,
            "33": 4.7177512645721436,
            "34": 4.525524377822876,
            "35": 4.585531234741211,
            "36": 4.492607831954956,
            "37": 4.647253751754761,
            "38": 4.451117515563965,
            "39": 4.417291641235352
        },
        "time_train_student": {
            "0": 2.388747453689575,
            "1": 2.0748860836029053,
            "2": 1.9554569721221924,
            "3": 1.8532969951629639,
            "4": 1.6943011283874512,
            "5": 1.6519248485565186,
            "6": 1.6741437911987305,
            "7": 1.515566110610962,
            "8": 1.4257442951202393,
            "9": 1.4037160873413086,
            "10": 1.381042242050171,
            "11": 1.2883644104003906,
            "12": 1.2797644138336182,
            "13": 1.1997394561767578,
            "14": 1.2602720260620117,
            "15": 1.1862390041351318,
            "16": 1.0905969142913818,
            "17": 1.141850471496582,
            "18": 1.1306259632110596,
            "19": 1.1303496360778809,
            "20": 1.094775915145874,
            "21": 1.056898832321167,
            "22": 1.0519089698791504,
            "23": 1.0469450950622559,
            "24": 1.0042848587036133,
            "25": 1.0005238056182861,
            "26": 0.9690322875976562,
            "27": 0.9665515422821045,
            "28": 0.9591505527496338,
            "29": 0.9523541927337646,
            "30": 0.9250702857971191,
            "31": 0.9496991634368896,
            "32": 0.904491662979126,
            "33": 0.9378597736358643,
            "34": 0.930304765701294,
            "35": 0.8888509273529053,
            "36": 0.887282133102417,
            "37": 0.840247392654419,
            "38": 0.8318846225738525,
            "39": 0.8578512668609619
        },