{
    "analysis": {
        "avg_acc_test_teacher": 58.30499999999999,
        "std_acc_test_teacher": 3.324863598513171,
        "avg_acc_test_student": 57.848749999999974,
        "std_acc_test_student": 2.02694944151588,
        "avg_acc_test_distilled": 58.41374999999999,
        "std_acc_test_distilled": 3.6653083876971495,
        "final_acc_test_distilled": 60.9,
        "sum_time_train_teacher": 236.65937852859497,
        "sum_time_train_student": 49.525620222091675,
        "sum_time_train_distilled": 127.99794411659241,
        "total_time": 434.31279253959656,
        "num_clauses_dropped": 14866,
        "num_clauses_dropped_percentage": 74.33
    },
    "mutual_information": {
        "sklearn_teacher": 0.9106770344633983,
        "sklearn_student": 2.282593592397346
    },
    "params": {
        "teacher_num_clauses": 2000,
        "student_num_clauses": 400,
        "T": 60,
        "s": 3.0,
        "teacher_epochs": 10,
        "student_epochs": 30,
        "over": 0.8,
        "under": 0.2,
        "weighted_clauses": true,
        "number_of_state_bits": 8
    },
    "experiment_name": "MNIST-3D",
    "timestamp": "2025-02-07 17:44:56",
    "id": "MNIST-3D_tnc2000_snc400_T60_s3.0_te10_se30_over0.8_under0.2",
    "results": {
        "acc_test_teacher": {
            "0": 44.3,
            "1": 48.3,
            "2": 56.05,
            "3": 53.75,
            "4": 55.1,
            "5": 55.05,
            "6": 55.60000000000001,
            "7": 58.4,
            "8": 58.099999999999994,
            "9": 57.85,
            "10": 58.85,
            "11": 58.4,
            "12": 58.199999999999996,
            "13": 58.25,
            "14": 58.699999999999996,
            "15": 58.099999999999994,
            "16": 58.9,
            "17": 59.25,
            "18": 57.9,
            "19": 59.650000000000006,
            "20": 60.25,
            "21": 60.75000000000001,
            "22": 60.4,
            "23": 60.3,
            "24": 60.3,
            "25": 59.25,
            "26": 59.9,
            "27": 61.199999999999996,
            "28": 59.099999999999994,
            "29": 60.0,
            "30": 59.45,
            "31": 61.050000000000004,
            "32": 59.050000000000004,
            "33": 60.35,
            "34": 60.0,
            "35": 59.95,
            "36": 60.699999999999996,
            "37": 60.25,
            "38": 60.6,
            "39": 60.650000000000006
        },
        "acc_test_student": {
            "0": 49.6,
            "1": 54.900000000000006,
            "2": 56.15,
            "3": 54.50000000000001,
            "4": 56.10000000000001,
            "5": 54.949999999999996,
            "6": 57.099999999999994,
            "7": 57.699999999999996,
            "8": 55.50000000000001,
            "9": 56.8,
            "10": 57.15,
            "11": 57.199999999999996,
            "12": 57.25,
            "13": 57.8,
            "14": 58.4,
            "15": 59.75,
            "16": 56.39999999999999,
            "17": 59.050000000000004,
            "18": 57.75,
            "19": 59.75,
            "20": 57.599999999999994,
            "21": 59.35,
            "22": 58.4,
            "23": 58.9,
            "24": 59.35,
            "25": 58.95,
            "26": 58.8,
            "27": 60.35,
            "28": 59.099999999999994,
            "29": 58.650000000000006,
            "30": 59.85,
            "31": 57.8,
            "32": 57.599999999999994,
            "33": 58.650000000000006,
            "34": 59.75,
            "35": 58.650000000000006,
            "36": 59.45,
            "37": 59.599999999999994,
            "38": 60.199999999999996,
            "39": 59.150000000000006
        },
        "acc_test_distilled": {
            "0": 44.3,
            "1": 48.3,
            "2": 56.05,
            "3": 53.75,
            "4": 55.1,
            "5": 55.05,
            "6": 55.60000000000001,
            "7": 58.4,
            "8": 58.099999999999994,
            "9": 57.85,
            "10": 53.900000000000006,
            "11": 57.9,
            "12": 57.9,
            "13": 55.60000000000001,
            "14": 57.99999999999999,
            "15": 58.599999999999994,
            "16": 57.65,
            "17": 58.699999999999996,
            "18": 59.3,
            "19": 59.050000000000004,
            "20": 60.9,
            "21": 60.199999999999996,
            "22": 60.199999999999996,
            "23": 59.5,
            "24": 59.8,
            "25": 60.75000000000001,
            "26": 62.3,
            "27": 61.050000000000004,
            "28": 62.45,
            "29": 62.5,
            "30": 60.150000000000006,
            "31": 60.6,
            "32": 60.699999999999996,
            "33": 60.8,
            "34": 61.1,
            "35": 61.35,
            "36": 61.199999999999996,
            "37": 60.85,
            "38": 60.150000000000006,
            "39": 60.9
        },
        "time_train_teacher": {
            "0": 11.616766214370728,
            "1": 10.247483253479004,
            "2": 9.468310594558716,
            "3": 8.816341400146484,
            "4": 8.44031834602356,
            "5": 7.6292383670806885,
            "6": 7.537388324737549,
            "7": 7.080114841461182,
            "8": 6.738335847854614,
            "9": 6.564224004745483,
            "10": 6.546165943145752,
            "11": 6.1123948097229,
            "12": 6.211655139923096,
            "13": 5.76425313949585,
            "14": 5.729160785675049,
            "15": 5.6449244022369385,
            "16": 5.699206113815308,
            "17": 5.48631739616394,
            "18": 5.220440864562988,
            "19": 5.119927406311035,
            "20": 5.303088188171387,
            "21": 5.1083478927612305,
            "22": 5.015427350997925,
            "23": 4.950548410415649,
            "24": 4.992244482040405,
            "25": 4.8242597579956055,
            "26": 4.8331828117370605,
            "27": 4.679897308349609,
            "28": 4.849421501159668,
            "29": 4.851520538330078,
            "30": 4.590893745422363,
            "31": 4.606898307800293,
            "32": 4.677600383758545,
            "33": 4.511922836303711,
            "34": 4.53495454788208,
            "35": 4.576950550079346,
            "36": 4.655155181884766,
            "37": 4.549314022064209,
            "38": 4.413135766983032,
            "39": 4.4616477489471436
        },
        "time_train_student": {
            "0": 2.410686731338501,
            "1": 2.0297858715057373,
            "2": 1.863860845565796,
            "3": 1.8268911838531494,
            "4": 1.7972891330718994,
            "5": 1.6436538696289062,
            "6": 1.5929913520812988,
            "7": 1.536508321762085,
            "8": 1.4549922943115234,
            "9": 1.3681590557098389,
            "10": 1.3731260299682617,
            "11": 1.3550338745117188,
            "12": 1.3213841915130615,
            "13": 1.2994880676269531,
            "14": 1.1931321620941162,
            "15": 1.2291359901428223,
            "16": 1.228614330291748,
            "17": 1.2358882427215576,
            "18": 1.1567399501800537,
            "19": 1.1497373580932617,
            "20": 1.0872960090637207,
            "21": 1.0820848941802979,
            "22": 1.145752191543579,
            "23": 1.0213325023651123,
            "24": 1.0536079406738281,
            "25": 0.9845502376556396,
            "26": 1.0151782035827637,
            "27": 0.9748935699462891,
            "28": 1.0046873092651367,
            "29": 0.971463680267334,
            "30": 0.943756103515625,
            "31": 0.8974032402038574,
            "32": 0.968613862991333,
            "33": 0.9306228160858154,
            "34": 0.9056332111358643,
            "35": 0.9176323413848877,
            "36": 0.8995795249938965,
            "37": 0.9361741542816162,
            "38": 0.8576622009277344,
            "39": 0.8605973720550537
        },