{
    "analysis": {
        "avg_acc_test_teacher": 58.416250000000005,
        "std_acc_test_teacher": 2.7646205169180287,
        "avg_acc_test_student": 57.916250000000005,
        "std_acc_test_student": 2.254351561211885,
        "avg_acc_test_distilled": 58.56000000000002,
        "std_acc_test_distilled": 3.1605784929750476,
        "final_acc_test_distilled": 61.550000000000004,
        "final_acc_test_teacher": 59.25,
        "final_acc_test_student": 59.4,
        "sum_time_train_teacher": 242.4741449356079,
        "sum_time_train_student": 49.613736629486084,
        "sum_time_train_distilled": 274.8651351928711,
        "sum_time_test_teacher": 73.61958289146423,
        "sum_time_test_student": 11.322163820266724,
        "sum_time_test_distilled": 73.37881374359131,
        "total_time": 633.5098805427551,
        "num_clauses_dropped": 0,
        "num_clauses_dropped_percentage": 0.0
    },
    "mutual_information": {
        "sklearn_teacher": 0.8674907138004185,
        "sklearn_student": 2.276858603956564,
        "info_teacher": 1.4681368722990313,
        "info_student": 23.821328584820346,
        "info_distilled": 195.6011502714073
    },
    "params": {
        "teacher_num_clauses": 2000,
        "student_num_clauses": 400,
        "T": 60,
        "s": 3.0,
        "teacher_epochs": 10,
        "student_epochs": 30,
        "downsample": 0,
        "weighted_clauses": true,
        "number_of_state_bits": 8,
        "combined_epochs": 40
    },
    "experiment_name": "ds",
    "timestamp": "2025-02-09 18:32:20",
    "id": "ds_tnc2000_snc400_T60_s3.0_te10_se30_downsample0",
    "results": {
        "acc_test_teacher": {
            "0": 48.449999999999996,
            "1": 51.15,
            "2": 52.449999999999996,
            "3": 54.85,
            "4": 55.7,
            "5": 55.85,
            "6": 57.099999999999994,
            "7": 56.8,
            "8": 56.49999999999999,
            "9": 58.25,
            "10": 58.3,
            "11": 56.55,
            "12": 59.75,
            "13": 60.35,
            "14": 59.050000000000004,
            "15": 60.099999999999994,
            "16": 57.699999999999996,
            "17": 58.099999999999994,
            "18": 59.4,
            "19": 59.8,
            "20": 59.0,
            "21": 60.3,
            "22": 60.699999999999996,
            "23": 59.85,
            "24": 59.5,
            "25": 59.5,
            "26": 60.150000000000006,
            "27": 59.8,
            "28": 60.45,
            "29": 58.95,
            "30": 61.199999999999996,
            "31": 59.8,
            "32": 59.699999999999996,
            "33": 60.6,
            "34": 59.8,
            "35": 61.1,
            "36": 60.85,
            "37": 59.550000000000004,
            "38": 60.4,
            "39": 59.25
        },
        "acc_test_student": {
            "0": 49.05,
            "1": 54.75,
            "2": 55.35,
            "3": 53.15,
            "4": 56.35,
            "5": 57.099999999999994,
            "6": 56.599999999999994,
            "7": 56.75,
            "8": 55.95,
            "9": 57.99999999999999,
            "10": 58.15,
            "11": 59.5,
            "12": 59.050000000000004,
            "13": 55.900000000000006,
            "14": 59.95,
            "15": 58.15,
            "16": 57.4,
            "17": 58.85,
            "18": 59.25,
            "19": 56.599999999999994,
            "20": 58.699999999999996,
            "21": 59.3,
            "22": 57.699999999999996,
            "23": 59.650000000000006,
            "24": 57.75,
            "25": 59.099999999999994,
            "26": 56.599999999999994,
            "27": 57.05,
            "28": 57.95,
            "29": 59.75,
            "30": 58.650000000000006,
            "31": 59.0,
            "32": 58.199999999999996,
            "33": 59.85,
            "34": 59.8,
            "35": 60.550000000000004,
            "36": 61.0,
            "37": 59.9,
            "38": 60.9,
            "39": 59.4
        },
        "acc_test_distilled": {
            "0": 48.449999999999996,
            "1": 51.15,
            "2": 52.449999999999996,
            "3": 54.85,
            "4": 55.7,
            "5": 55.85,
            "6": 57.099999999999994,
            "7": 56.8,
            "8": 56.49999999999999,
            "9": 58.25,
            "10": 51.65,
            "11": 56.599999999999994,
            "12": 57.3,
            "13": 59.5,
            "14": 59.8,
            "15": 59.25,
            "16": 58.5,
            "17": 59.5,
            "18": 60.4,
            "19": 61.150000000000006,
            "20": 60.5,
            "21": 61.0,
            "22": 61.35,
            "23": 60.099999999999994,
            "24": 61.25000000000001,
            "25": 59.75,
            "26": 59.699999999999996,
            "27": 61.199999999999996,
            "28": 60.35,
            "29": 61.25000000000001,
            "30": 60.150000000000006,
            "31": 61.150000000000006,
            "32": 60.5,
            "33": 60.650000000000006,
            "34": 59.25,
            "35": 60.75000000000001,
            "36": 60.050000000000004,
            "37": 60.4,
            "38": 60.75000000000001,
            "39": 61.550000000000004
        },
        "time_train_teacher": {
            "0": 12.299455881118774,
            "1": 10.399097919464111,
            "2": 9.701144695281982,
            "3": 9.135877847671509,
            "4": 8.782167196273804,
            "5": 7.966182708740234,
            "6": 7.6161885261535645,
            "7": 7.283294439315796,
            "8": 6.890941619873047,
            "9": 6.433336019515991,
            "10": 6.331397294998169,
            "11": 6.133708715438843,
            "12": 6.138254404067993,
            "13": 5.974782705307007,
            "14": 5.751258134841919,
            "15": 5.8634116649627686,
            "16": 5.694153308868408,
            "17": 5.7657294273376465,
            "18": 5.635715007781982,
            "19": 5.258824586868286,
            "20": 5.317759990692139,
            "21": 5.3021533489227295,
            "22": 5.054762840270996,
            "23": 5.071271896362305,
            "24": 5.0533835887908936,
            "25": 4.887604475021362,
            "26": 4.798504590988159,
            "27": 4.925107717514038,
            "28": 4.709903240203857,
            "29": 4.720722198486328,
            "30": 4.99165415763855,
            "31": 4.861249208450317,
            "32": 4.8451337814331055,
            "33": 4.938392639160156,
            "34": 4.6856348514556885,
            "35": 4.753254175186157,
            "36": 4.643280982971191,
            "37": 4.669734954833984,
            "38": 4.704901933670044,
            "39": 4.484812259674072
        },
        "time_train_student": {
            "0": 2.4229021072387695,
            "1": 2.0002715587615967,
            "2": 1.976841926574707,
            "3": 1.862654209136963,
            "4": 1.7853806018829346,
            "5": 1.6937031745910645,
            "6": 1.5470311641693115,
            "7": 1.503601312637329,
            "8": 1.4126200675964355,
            "9": 1.4732780456542969,
            "10": 1.362123727798462,
            "11": 1.3036377429962158,
            "12": 1.3265914916992188,
            "13": 1.2645294666290283,
            "14": 1.2133150100708008,
            "15": 1.2315316200256348,
            "16": 1.1745681762695312,
            "17": 1.1578824520111084,
            "18": 1.1148340702056885,
            "19": 1.112555742263794,
            "20": 1.1633875370025635,
            "21": 1.0829908847808838,
            "22": 1.0649325847625732,
            "23": 1.0404629707336426,
            "24": 1.1042532920837402,
            "25": 1.0642890930175781,
            "26": 1.0562033653259277,
            "27": 1.012571096420288,
            "28": 1.0164127349853516,
            "29": 0.9487793445587158,
            "30": 0.894139289855957,