{
    "analysis": {
        "avg_acc_test_teacher": 58.51874999999999,
        "std_acc_test_teacher": 3.3285803453401295,
        "avg_acc_test_student": 57.820000000000014,
        "std_acc_test_student": 1.761038446558284,
        "avg_acc_test_distilled": 58.17375000000002,
        "std_acc_test_distilled": 3.6682453623580775,
        "final_acc_test_distilled": 61.050000000000004,
        "sum_time_train_teacher": 239.0899600982666,
        "sum_time_train_student": 49.37183976173401,
        "sum_time_train_distilled": 142.52767968177795,
        "total_time": 453.28060269355774,
        "num_clauses_dropped": 13145,
        "num_clauses_dropped_percentage": 65.725
    },
    "mutual_information": {
        "sklearn_teacher": 0.8907328455417832,
        "sklearn_student": 2.2733622191384035
    },
    "params": {
        "teacher_num_clauses": 2000,
        "student_num_clauses": 400,
        "T": 60,
        "s": 3.0,
        "teacher_epochs": 10,
        "student_epochs": 30,
        "over": 0.85,
        "under": 0.15,
        "weighted_clauses": true,
        "number_of_state_bits": 8
    },
    "experiment_name": "MNIST-3D",
    "timestamp": "2025-02-07 17:37:41",
    "id": "MNIST-3D_tnc2000_snc400_T60_s3.0_te10_se30_over0.85_under0.15",
    "results": {
        "acc_test_teacher": {
            "0": 46.25,
            "1": 53.949999999999996,
            "2": 53.05,
            "3": 48.1,
            "4": 56.25,
            "5": 55.2,
            "6": 55.85,
            "7": 56.45,
            "8": 58.550000000000004,
            "9": 58.35,
            "10": 59.3,
            "11": 56.85,
            "12": 58.4,
            "13": 58.699999999999996,
            "14": 58.699999999999996,
            "15": 57.65,
            "16": 60.099999999999994,
            "17": 60.95,
            "18": 59.699999999999996,
            "19": 60.3,
            "20": 60.25,
            "21": 60.75000000000001,
            "22": 60.45,
            "23": 59.5,
            "24": 60.550000000000004,
            "25": 59.3,
            "26": 60.699999999999996,
            "27": 59.599999999999994,
            "28": 60.8,
            "29": 59.95,
            "30": 61.199999999999996,
            "31": 61.1,
            "32": 60.25,
            "33": 61.199999999999996,
            "34": 60.099999999999994,
            "35": 59.85,
            "36": 61.3,
            "37": 60.45,
            "38": 60.35,
            "39": 60.45
        },
        "acc_test_student": {
            "0": 50.349999999999994,
            "1": 53.25,
            "2": 55.05,
            "3": 57.25,
            "4": 58.5,
            "5": 56.75,
            "6": 58.650000000000006,
            "7": 58.8,
            "8": 56.39999999999999,
            "9": 57.05,
            "10": 57.25,
            "11": 57.49999999999999,
            "12": 57.550000000000004,
            "13": 57.49999999999999,
            "14": 57.9,
            "15": 58.85,
            "16": 57.4,
            "17": 58.8,
            "18": 57.65,
            "19": 60.150000000000006,
            "20": 58.4,
            "21": 57.699999999999996,
            "22": 59.3,
            "23": 57.550000000000004,
            "24": 59.150000000000006,
            "25": 57.65,
            "26": 58.9,
            "27": 58.9,
            "28": 57.85,
            "29": 58.8,
            "30": 58.4,
            "31": 57.75,
            "32": 58.050000000000004,
            "33": 60.699999999999996,
            "34": 58.050000000000004,
            "35": 58.550000000000004,
            "36": 57.550000000000004,
            "37": 58.199999999999996,
            "38": 59.599999999999994,
            "39": 59.150000000000006
        },
        "acc_test_distilled": {
            "0": 46.25,
            "1": 53.949999999999996,
            "2": 53.05,
            "3": 48.1,
            "4": 56.25,
            "5": 55.2,
            "6": 55.85,
            "7": 56.45,
            "8": 58.550000000000004,
            "9": 58.35,
            "10": 52.349999999999994,
            "11": 55.50000000000001,
            "12": 54.50000000000001,
            "13": 57.49999999999999,
            "14": 57.95,
            "15": 56.99999999999999,
            "16": 60.6,
            "17": 55.7,
            "18": 59.550000000000004,
            "19": 59.099999999999994,
            "20": 60.050000000000004,
            "21": 59.9,
            "22": 60.099999999999994,
            "23": 60.050000000000004,
            "24": 61.150000000000006,
            "25": 59.9,
            "26": 61.85000000000001,
            "27": 60.3,
            "28": 59.9,
            "29": 60.5,
            "30": 60.550000000000004,
            "31": 60.3,
            "32": 61.050000000000004,
            "33": 62.150000000000006,
            "34": 62.150000000000006,
            "35": 61.9,
            "36": 60.8,
            "37": 61.0,
            "38": 60.550000000000004,
            "39": 61.050000000000004
        },
        "time_train_teacher": {
            "0": 12.358625173568726,
            "1": 10.431549787521362,
            "2": 9.264206171035767,
            "3": 9.104785442352295,
            "4": 8.07487678527832,
            "5": 7.723623514175415,
            "6": 7.777011871337891,
            "7": 7.040076732635498,
            "8": 6.79489278793335,
            "9": 6.9224629402160645,
            "10": 7.0392491817474365,
            "11": 6.363056898117065,
            "12": 6.16943621635437,
            "13": 5.907150983810425,
            "14": 5.801495790481567,
            "15": 5.5703513622283936,
            "16": 5.806092262268066,
            "17": 5.492604732513428,
            "18": 5.330326318740845,
            "19": 5.380755424499512,
            "20": 5.3174192905426025,
            "21": 5.037413597106934,
            "22": 5.060835599899292,
            "23": 4.8053505420684814,
            "24": 4.879001617431641,
            "25": 4.9170615673065186,
            "26": 4.909324645996094,
            "27": 4.778156995773315,
            "28": 4.731868028640747,
            "29": 4.5968177318573,
            "30": 4.755097389221191,
            "31": 4.705695152282715,
            "32": 4.6000189781188965,
            "33": 4.567265272140503,
            "34": 4.6027586460113525,
            "35": 4.693237066268921,
            "36": 4.552854299545288,
            "37": 4.453036069869995,
            "38": 4.4119744300842285,
            "39": 4.36214280128479
        },
        "time_train_student": {
            "0": 2.3840131759643555,
            "1": 1.9901354312896729,
            "2": 1.916412115097046,
            "3": 1.793079137802124,
            "4": 1.7074527740478516,
            "5": 1.6010632514953613,
            "6": 1.5771965980529785,
            "7": 1.4671943187713623,
            "8": 1.5750164985656738,
            "9": 1.4548258781433105,
            "10": 1.4129576683044434,
            "11": 1.4041509628295898,
            "12": 1.2768142223358154,
            "13": 1.2193331718444824,
            "14": 1.2323498725891113,
            "15": 1.1801795959472656,
            "16": 1.1664626598358154,
            "17": 1.1916778087615967,
            "18": 1.1695079803466797,
            "19": 1.1309781074523926,
            "20": 1.1308152675628662,
            "21": 1.0857486724853516,
            "22": 1.0405049324035645,
            "23": 1.0195283889770508,
            "24": 1.074889898300171,
            "25": 1.010460615158081,
            "26": 1.00901460647583,
            "27": 0.9857940673828125,
            "28": 1.0267863273620605,
            "29": 1.0061376094818115,
            "30": 1.0178756713867188,
            "31": 0.9965617656707764,
            "32": 0.9469265937805176,
            "33": 0.8865799903869629,
            "34": 0.9026029109954834,
            "35": 0.8956069946289062,
            "36": 0.8369600772857666,
            "37": 0.8880555629730225,