{
    "analysis": {
        "avg_acc_test_teacher": 58.55624999999999,
        "std_acc_test_teacher": 3.0522414525419492,
        "avg_acc_test_student": 57.695000000000014,
        "std_acc_test_student": 2.4515772003407865,
        "avg_acc_test_distilled": 58.742499999999986,
        "std_acc_test_distilled": 3.7158280645272344,
        "final_acc_test_distilled": 61.95,
        "sum_time_train_teacher": 240.15807342529297,
        "sum_time_train_student": 49.37571907043457,
        "sum_time_train_distilled": 158.3114447593689,
        "total_time": 475.91434359550476,
        "num_clauses_dropped": 11275,
        "num_clauses_dropped_percentage": 56.375
    },
    "mutual_information": {
        "sklearn_teacher": 0.9139606828500133,
        "sklearn_student": 2.2548137944736
    },
    "params": {
        "teacher_num_clauses": 2000,
        "student_num_clauses": 400,
        "T": 60,
        "s": 3.0,
        "teacher_epochs": 10,
        "student_epochs": 30,
        "over": 0.9,
        "under": 0.1,
        "weighted_clauses": true,
        "number_of_state_bits": 8
    },
    "experiment_name": "MNIST-3D",
    "timestamp": "2025-02-07 17:30:08",
    "id": "MNIST-3D_tnc2000_snc400_T60_s3.0_te10_se30_over0.9_under0.1",
    "results": {
        "acc_test_teacher": {
            "0": 45.1,
            "1": 52.5,
            "2": 55.75,
            "3": 53.949999999999996,
            "4": 56.10000000000001,
            "5": 55.85,
            "6": 58.75,
            "7": 54.449999999999996,
            "8": 56.25,
            "9": 56.85,
            "10": 58.95,
            "11": 57.199999999999996,
            "12": 59.25,
            "13": 60.550000000000004,
            "14": 58.550000000000004,
            "15": 59.3,
            "16": 59.3,
            "17": 59.3,
            "18": 60.050000000000004,
            "19": 58.699999999999996,
            "20": 59.650000000000006,
            "21": 61.1,
            "22": 59.3,
            "23": 60.35,
            "24": 59.25,
            "25": 60.550000000000004,
            "26": 60.85,
            "27": 59.650000000000006,
            "28": 59.199999999999996,
            "29": 60.6,
            "30": 59.9,
            "31": 60.35,
            "32": 60.150000000000006,
            "33": 60.45,
            "34": 59.85,
            "35": 60.050000000000004,
            "36": 61.0,
            "37": 61.199999999999996,
            "38": 61.4,
            "39": 60.699999999999996
        },
        "acc_test_student": {
            "0": 49.15,
            "1": 51.449999999999996,
            "2": 50.1,
            "3": 55.7,
            "4": 57.699999999999996,
            "5": 56.00000000000001,
            "6": 56.8,
            "7": 59.150000000000006,
            "8": 58.199999999999996,
            "9": 56.10000000000001,
            "10": 59.3,
            "11": 57.35,
            "12": 56.65,
            "13": 58.3,
            "14": 57.25,
            "15": 56.85,
            "16": 56.89999999999999,
            "17": 59.4,
            "18": 58.85,
            "19": 57.49999999999999,
            "20": 58.5,
            "21": 59.45,
            "22": 59.650000000000006,
            "23": 58.9,
            "24": 57.99999999999999,
            "25": 58.45,
            "26": 58.4,
            "27": 58.699999999999996,
            "28": 57.9,
            "29": 59.5,
            "30": 59.25,
            "31": 58.199999999999996,
            "32": 58.050000000000004,
            "33": 59.35,
            "34": 59.150000000000006,
            "35": 59.35,
            "36": 60.0,
            "37": 60.699999999999996,
            "38": 59.3,
            "39": 58.3
        },
        "acc_test_distilled": {
            "0": 45.1,
            "1": 52.5,
            "2": 55.75,
            "3": 53.949999999999996,
            "4": 56.10000000000001,
            "5": 55.85,
            "6": 58.75,
            "7": 54.449999999999996,
            "8": 56.25,
            "9": 56.85,
            "10": 50.24999999999999,
            "11": 55.300000000000004,
            "12": 56.45,
            "13": 57.65,
            "14": 60.150000000000006,
            "15": 60.3,
            "16": 61.45,
            "17": 60.0,
            "18": 60.45,
            "19": 59.8,
            "20": 60.150000000000006,
            "21": 59.95,
            "22": 60.699999999999996,
            "23": 60.45,
            "24": 59.9,
            "25": 60.0,
            "26": 61.6,
            "27": 61.35,
            "28": 61.35,
            "29": 61.050000000000004,
            "30": 61.0,
            "31": 61.6,
            "32": 62.35000000000001,
            "33": 62.1,
            "34": 61.7,
            "35": 63.24999999999999,
            "36": 59.550000000000004,
            "37": 61.7,
            "38": 60.650000000000006,
            "39": 61.95
        },
        "time_train_teacher": {
            "0": 12.022414445877075,
            "1": 10.001654148101807,
            "2": 9.515804052352905,
            "3": 9.101134538650513,
            "4": 8.355767965316772,
            "5": 7.975127458572388,
            "6": 7.468318939208984,
            "7": 7.6509644985198975,
            "8": 6.943498373031616,
            "9": 6.825346231460571,
            "10": 6.314774751663208,
            "11": 6.400806665420532,
            "12": 6.620860576629639,
            "13": 6.019773483276367,
            "14": 5.858276844024658,
            "15": 5.525049209594727,
            "16": 5.572394609451294,
            "17": 5.579427719116211,
            "18": 5.542879104614258,
            "19": 5.364386081695557,
            "20": 5.355705261230469,
            "21": 5.090455055236816,
            "22": 5.069333553314209,
            "23": 5.0965752601623535,
            "24": 5.0701305866241455,
            "25": 5.0270421504974365,
            "26": 4.9411938190460205,
            "27": 4.866300344467163,
            "28": 4.80863881111145,
            "29": 4.811565160751343,
            "30": 4.741345167160034,
            "31": 4.637968301773071,
            "32": 4.649641513824463,
            "33": 4.668747901916504,
            "34": 4.527926683425903,
            "35": 4.432133436203003,
            "36": 4.39335823059082,
            "37": 4.395661115646362,
            "38": 4.525128364562988,
            "39": 4.390563011169434
        },
        "time_train_student": {
            "0": 2.362313985824585,
            "1": 2.031930446624756,
            "2": 1.9209859371185303,
            "3": 1.8927085399627686,
            "4": 1.7237989902496338,
            "5": 1.636425256729126,
            "6": 1.5312442779541016,
            "7": 1.4783406257629395,
            "8": 1.427706241607666,
            "9": 1.3754446506500244,
            "10": 1.3402142524719238,
            "11": 1.2857956886291504,
            "12": 1.287013292312622,
            "13": 1.2763934135437012,
            "14": 1.2553362846374512,
            "15": 1.2133641242980957,
            "16": 1.182525634765625,
            "17": 1.1674420833587646,
            "18": 1.085352897644043,
            "19": 1.117983341217041,
            "20": 1.131312370300293,
            "21": 1.0848572254180908,
            "22": 1.077911615371704,
            "23": 1.0684807300567627,
            "24": 1.0239622592926025,
            "25": 1.0533695220947266,
            "26": 1.0266082286834717,
            "27": 0.9736652374267578,
            "28": 1.013183832168579,
            "29": 0.9775571823120117,
            "30": 0.9987716674804688,
            "31": 1.0013997554779053,
            "32": 0.9448919296264648,
            "33": 0.962540864944458,
            "34": 0.9048342704772949,
            "35": 0.917365312576294,
            "36": 0.8914492130279541,
            "37": 0.8880107402801514,
            "38": 0.8891191482543945,
            "39": 0.9541079998016357
        },