{
    "analysis": {
        "avg_acc_test_teacher": 58.447500000000005,
        "std_acc_test_teacher": 2.554105543669864,
        "avg_acc_test_student": 58.52375000000002,
        "std_acc_test_student": 1.9787974689383765,
        "avg_acc_test_distilled": 58.53249999999999,
        "std_acc_test_distilled": 3.3710408877180167,
        "final_acc_test_distilled": 61.8,
        "sum_time_train_teacher": 246.10564303398132,
        "sum_time_train_student": 49.91153430938721,
        "sum_time_train_distilled": 171.45519542694092,
        "total_time": 504.12565994262695,
        "num_clauses_dropped": 10084,
        "num_clauses_dropped_percentage": 50.42
    },
    "mutual_information": {
        "sklearn_teacher": 0.9030860824306554,
        "sklearn_student": 2.2719889301558203
    },
    "params": {
        "teacher_num_clauses": 2000,
        "student_num_clauses": 400,
        "T": 60,
        "s": 3.0,
        "teacher_epochs": 10,
        "student_epochs": 30,
        "over": 0.95,
        "under": 0.05,
        "weighted_clauses": true,
        "number_of_state_bits": 8
    },
    "experiment_name": "MNIST-3D",
    "timestamp": "2025-02-07 17:22:12",
    "id": "MNIST-3D_tnc2000_snc400_T60_s3.0_te10_se30_over0.95_under0.05",
    "results": {
        "acc_test_teacher": {
            "0": 49.25,
            "1": 53.449999999999996,
            "2": 51.949999999999996,
            "3": 54.65,
            "4": 60.0,
            "5": 56.39999999999999,
            "6": 55.65,
            "7": 54.65,
            "8": 57.699999999999996,
            "9": 58.5,
            "10": 57.550000000000004,
            "11": 59.099999999999994,
            "12": 58.599999999999994,
            "13": 58.4,
            "14": 60.0,
            "15": 57.8,
            "16": 60.099999999999994,
            "17": 58.699999999999996,
            "18": 59.150000000000006,
            "19": 58.050000000000004,
            "20": 60.35,
            "21": 59.45,
            "22": 58.75,
            "23": 58.650000000000006,
            "24": 59.4,
            "25": 60.5,
            "26": 60.199999999999996,
            "27": 61.4,
            "28": 59.25,
            "29": 60.099999999999994,
            "30": 60.45,
            "31": 60.650000000000006,
            "32": 60.3,
            "33": 60.0,
            "34": 59.699999999999996,
            "35": 60.3,
            "36": 59.85,
            "37": 59.35,
            "38": 59.599999999999994,
            "39": 60.0
        },
        "acc_test_student": {
            "0": 54.400000000000006,
            "1": 53.05,
            "2": 53.849999999999994,
            "3": 55.7,
            "4": 56.3,
            "5": 58.4,
            "6": 56.25,
            "7": 57.35,
            "8": 56.95,
            "9": 54.7,
            "10": 59.4,
            "11": 58.599999999999994,
            "12": 57.75,
            "13": 59.25,
            "14": 59.4,
            "15": 58.3,
            "16": 58.75,
            "17": 58.5,
            "18": 58.85,
            "19": 59.35,
            "20": 60.199999999999996,
            "21": 59.150000000000006,
            "22": 60.6,
            "23": 59.650000000000006,
            "24": 59.45,
            "25": 58.4,
            "26": 60.3,
            "27": 59.45,
            "28": 59.25,
            "29": 60.45,
            "30": 59.0,
            "31": 60.550000000000004,
            "32": 60.9,
            "33": 59.8,
            "34": 60.150000000000006,
            "35": 60.5,
            "36": 58.95,
            "37": 59.3,
            "38": 58.650000000000006,
            "39": 61.150000000000006
        },
        "acc_test_distilled": {
            "0": 49.25,
            "1": 53.449999999999996,
            "2": 51.949999999999996,
            "3": 54.65,
            "4": 60.0,
            "5": 56.39999999999999,
            "6": 55.65,
            "7": 54.65,
            "8": 57.699999999999996,
            "9": 58.5,
            "10": 53.0,
            "11": 56.00000000000001,
            "12": 50.4,
            "13": 57.25,
            "14": 58.75,
            "15": 56.99999999999999,
            "16": 58.45,
            "17": 60.0,
            "18": 61.25000000000001,
            "19": 61.6,
            "20": 58.599999999999994,
            "21": 60.699999999999996,
            "22": 60.099999999999994,
            "23": 59.550000000000004,
            "24": 59.8,
            "25": 62.3,
            "26": 60.150000000000006,
            "27": 61.550000000000004,
            "28": 61.35,
            "29": 61.0,
            "30": 60.95,
            "31": 60.85,
            "32": 60.550000000000004,
            "33": 59.9,
            "34": 61.3,
            "35": 60.6,
            "36": 60.75000000000001,
            "37": 62.0,
            "38": 61.6,
            "39": 61.8
        },
        "time_train_teacher": {
            "0": 12.491631507873535,
            "1": 10.446485996246338,
            "2": 9.522267818450928,
            "3": 9.574562549591064,
            "4": 8.684611320495605,
            "5": 8.175138711929321,
            "6": 8.14773416519165,
            "7": 7.7347705364227295,
            "8": 7.244083642959595,
            "9": 6.66592001914978,
            "10": 6.589576482772827,
            "11": 6.411654472351074,
            "12": 6.18312668800354,
            "13": 6.248982906341553,
            "14": 6.001137018203735,
            "15": 5.742985725402832,
            "16": 5.699671983718872,
            "17": 5.589467525482178,
            "18": 5.448212385177612,
            "19": 5.473765850067139,
            "20": 5.308168411254883,
            "21": 5.318164110183716,
            "22": 5.056754112243652,
            "23": 5.160749912261963,
            "24": 5.023901700973511,
            "25": 5.249706506729126,
            "26": 5.067111015319824,
            "27": 4.864969253540039,
            "28": 4.918140888214111,
            "29": 4.7349114418029785,
            "30": 4.822385787963867,
            "31": 4.866868019104004,
            "32": 4.745404481887817,
            "33": 4.8115129470825195,
            "34": 4.761683940887451,
            "35": 4.7072484493255615,
            "36": 4.763807535171509,
            "37": 4.626162052154541,
            "38": 4.479507684707642,
            "39": 4.742697477340698
        },
        "time_train_student": {
            "0": 2.39017653465271,
            "1": 2.0293216705322266,
            "2": 1.8992283344268799,
            "3": 1.8259999752044678,
            "4": 1.7276828289031982,
            "5": 1.7083282470703125,
            "6": 1.617145299911499,
            "7": 1.5307910442352295,
            "8": 1.5121665000915527,
            "9": 1.482370376586914,
            "10": 1.4042694568634033,
            "11": 1.3592400550842285,
            "12": 1.3104429244995117,
            "13": 1.2573230266571045,
            "14": 1.2793009281158447,
            "15": 1.1652367115020752,
            "16": 1.1872501373291016,
            "17": 1.1532678604125977,
            "18": 1.1779656410217285,
            "19": 1.1373047828674316,
            "20": 1.120269775390625,
            "21": 1.1136765480041504,
            "22": 1.0684254169464111,
            "23": 1.0685279369354248,
            "24": 1.0993661880493164,
            "25": 1.064774990081787,
            "26": 1.0208337306976318,
            "27": 1.0222570896148682,
            "28": 0.9692366123199463,
            "29": 0.9795243740081787,
            "30": 1.0041701793670654,
            "31": 0.9500513076782227,
            "32": 0.9492120742797852,
            "33": 0.9306392669677734,
            "34": 0.93569016456604,
            "35": 0.8936271667480469,
            "36": 0.9079678058624268,
            "37": 0.9201524257659912,
            "38": 0.8777344226837158,
            "39": 0.8605844974517822
        },
        "time_train_distilled": {
            "0": 12.491631507873535,