{
    "analysis": {
        "avg_acc_test_teacher": 57.34125000000002,
        "std_acc_test_teacher": 3.319114948063948,
        "avg_acc_test_student": 57.91125000000001,
        "std_acc_test_student": 2.2629254806045265,
        "avg_acc_test_distilled": 58.28875000000001,
        "std_acc_test_distilled": 4.067436153029863,
        "final_acc_test_distilled": 61.7,
        "sum_time_train_teacher": 210.24608945846558,
        "sum_time_train_student": 36.277164459228516,
        "sum_time_train_distilled": 149.261864900589,
        "total_time": 425.6227695941925,
        "num_clauses_dropped": 8588,
        "num_clauses_dropped_percentage": 42.94
    },
    "mutual_information": {
        "sklearn_teacher": 0.9118619852645014,
        "sklearn_student": 2.2501741994096283
    },
    "params": {
        "teacher_num_clauses": 2000,
        "student_num_clauses": 400,
        "T": 60,
        "s": 3.0,
        "teacher_epochs": 10,
        "student_epochs": 30,
        "weighted_clauses": true,
        "number_of_state_bits": 8,
        "over": 0.95,
        "under": 0.05
    },
    "experiment_name": "MNIST-3D",
    "timestamp": "2025-02-05 18:27:58",
    "id": "MNIST-3D_tnc2000_snc400_T60_s3.0_te10_se30_over0.95_under0.05",
    "results": {
        "acc_test_teacher": {
            "0": 44.7,
            "1": 47.0,
            "2": 50.74999999999999,
            "3": 55.05,
            "4": 53.05,
            "5": 54.449999999999996,
            "6": 55.55,
            "7": 56.699999999999996,
            "8": 58.75,
            "9": 59.25,
            "10": 58.95,
            "11": 56.2,
            "12": 59.35,
            "13": 59.35,
            "14": 56.39999999999999,
            "15": 57.099999999999994,
            "16": 57.05,
            "17": 58.35,
            "18": 59.150000000000006,
            "19": 59.0,
            "20": 60.25,
            "21": 58.75,
            "22": 59.9,
            "23": 58.650000000000006,
            "24": 59.550000000000004,
            "25": 58.45,
            "26": 58.95,
            "27": 58.199999999999996,
            "28": 57.8,
            "29": 59.599999999999994,
            "30": 58.199999999999996,
            "31": 58.599999999999994,
            "32": 59.150000000000006,
            "33": 58.75,
            "34": 59.699999999999996,
            "35": 59.45,
            "36": 58.3,
            "37": 57.15,
            "38": 59.45,
            "39": 58.650000000000006
        },
        "acc_test_student": {
            "0": 48.35,
            "1": 51.800000000000004,
            "2": 54.0,
            "3": 56.49999999999999,
            "4": 55.95,
            "5": 56.65,
            "6": 57.15,
            "7": 56.25,
            "8": 58.75,
            "9": 56.25,
            "10": 57.35,
            "11": 58.25,
            "12": 59.25,
            "13": 57.95,
            "14": 59.3,
            "15": 59.099999999999994,
            "16": 57.99999999999999,
            "17": 58.9,
            "18": 59.4,
            "19": 59.699999999999996,
            "20": 58.599999999999994,
            "21": 57.9,
            "22": 59.699999999999996,
            "23": 58.15,
            "24": 58.75,
            "25": 57.8,
            "26": 60.0,
            "27": 59.95,
            "28": 58.9,
            "29": 58.45,
            "30": 59.650000000000006,
            "31": 59.4,
            "32": 59.599999999999994,
            "33": 57.35,
            "34": 58.650000000000006,
            "35": 59.150000000000006,
            "36": 59.0,
            "37": 59.599999999999994,
            "38": 58.5,
            "39": 58.5
        },
        "acc_test_distilled": {
            "0": 44.7,
            "1": 47.0,
            "2": 50.74999999999999,
            "3": 55.05,
            "4": 53.05,
            "5": 54.449999999999996,
            "6": 55.55,
            "7": 56.699999999999996,
            "8": 58.75,
            "9": 59.25,
            "10": 51.349999999999994,
            "11": 57.599999999999994,
            "12": 56.55,
            "13": 57.65,
            "14": 57.35,
            "15": 60.3,
            "16": 58.45,
            "17": 59.45,
            "18": 59.599999999999994,
            "19": 59.25,
            "20": 59.8,
            "21": 59.8,
            "22": 60.150000000000006,
            "23": 60.050000000000004,
            "24": 60.25,
            "25": 61.85000000000001,
            "26": 60.650000000000006,
            "27": 60.45,
            "28": 61.7,
            "29": 61.0,
            "30": 61.35,
            "31": 61.5,
            "32": 60.650000000000006,
            "33": 62.7,
            "34": 60.95,
            "35": 61.4,
            "36": 60.4,
            "37": 61.35,
            "38": 61.050000000000004,
            "39": 61.7
        },
        "time_train_teacher": {
            "0": 9.19732928276062,
            "1": 7.9869749546051025,
            "2": 7.656599998474121,
            "3": 7.036062240600586,
            "4": 6.963770627975464,
            "5": 6.589399814605713,
            "6": 6.424093008041382,
            "7": 6.141948461532593,
            "8": 6.0713372230529785,
            "9": 5.8900628089904785,
            "10": 5.805827379226685,
            "11": 5.603275299072266,
            "12": 5.496631383895874,
            "13": 5.346055746078491,
            "14": 5.533661127090454,
            "15": 5.423889875411987,
            "16": 5.44525146484375,
            "17": 5.331277132034302,
            "18": 5.160448789596558,
            "19": 5.2062695026397705,
            "20": 5.15326714515686,
            "21": 5.202036142349243,
            "22": 4.5109782218933105,
            "23": 4.381023645401001,
            "24": 4.3833441734313965,
            "25": 4.245699167251587,
            "26": 4.252800464630127,
            "27": 4.329575061798096,
            "28": 4.23680853843689,
            "29": 4.223004579544067,
            "30": 4.196965456008911,
            "31": 4.192083358764648,
            "32": 4.1677467823028564,
            "33": 4.121612548828125,
            "34": 4.06140661239624,
            "35": 4.149034023284912,
            "36": 4.033071517944336,
            "37": 4.031269550323486,
            "38": 4.001074552536011,
            "39": 4.063121795654297
        },
        "time_train_student": {
            "0": 1.6990554332733154,
            "1": 1.4727985858917236,
            "2": 1.415266752243042,
            "3": 1.2891912460327148,
            "4": 1.2703285217285156,
            "5": 1.1876611709594727,
            "6": 1.1596527099609375,
            "7": 1.1436045169830322,
            "8": 1.0596916675567627,
            "9": 1.0509309768676758,
            "10": 1.0145342350006104,
            "11": 0.9858546257019043,
            "12": 0.944857120513916,
            "13": 0.9245772361755371,
            "14": 0.9052901268005371,
            "15": 0.9253337383270264,
            "16": 0.8582215309143066,
            "17": 0.8435568809509277,
            "18": 0.8231005668640137,
            "19": 0.8166794776916504,
            "20": 0.8192160129547119,
            "21": 0.7772476673126221,
            "22": 0.800389289855957,
            "23": 0.7715144157409668,
            "24": 0.7792162895202637,
            "25": 0.7848985195159912,
            "26": 0.7395367622375488,
            "27": 0.7211489677429199,
            "28": 0.7256004810333252,
            "29": 0.7033402919769287,
            "30": 0.7196614742279053,
            "31": 0.723900318145752,
            "32": 0.6792118549346924,
            "33": 0.6995816230773926,
            "34": 0.6964974403381348,
            "35": 0.6916301250457764,
            "36": 0.6631019115447998,
            "37": 0.6471579074859619,
            "38": 0.6869645118713379,
            "39": 0.6571614742279053
        },
        "time_train_distilled": {
            "0": 9.19732928276062,
            "1": 7.9869749546051025,