{
    "analysis": {
        "avg_acc_test_teacher": 57.982499999999995,
        "std_acc_test_teacher": 2.5874586581609966,
        "avg_acc_test_student": 58.41999999999998,
        "std_acc_test_student": 2.094124870765583,
        "avg_acc_test_distilled": 59.02875,
        "std_acc_test_distilled": 3.5153671344176263,
        "final_acc_test_distilled": 61.650000000000006,
        "final_acc_test_teacher": 59.45,
        "final_acc_test_student": 59.599999999999994,
        "sum_time_train_teacher": 237.74183750152588,
        "sum_time_train_student": 49.33138132095337,
        "sum_time_train_distilled": 185.2610683441162,
        "sum_time_test_teacher": 71.3374993801117,
        "sum_time_test_student": 10.82515549659729,
        "sum_time_test_distilled": 48.69018077850342,
        "total_time": 514.9619359970093,
        "num_clauses_dropped": 8823,
        "num_clauses_dropped_percentage": 44.115
    },
    "mutual_information": {
        "sklearn_teacher": 0.9082390377646549,
        "sklearn_student": 2.2732685658127387,
        "info_teacher": 1.4681368722990313,
        "info_student": 23.821328584820346,
        "info_distilled": 195.6011502714073
    },
    "params": {
        "teacher_num_clauses": 2000,
        "student_num_clauses": 400,
        "T": 60,
        "s": 3.0,
        "teacher_epochs": 10,
        "student_epochs": 30,
        "downsample": 0.02,
        "weighted_clauses": true,
        "number_of_state_bits": 8,
        "combined_epochs": 40
    },
    "experiment_name": "MNIST-3D",
    "timestamp": "2025-02-09 00:03:00",
    "id": "MNIST-3D_tnc2000_snc400_T60_s3.0_te10_se30_downsample0.02",
    "results": {
        "acc_test_teacher": {
            "0": 47.75,
            "1": 53.2,
            "2": 56.25,
            "3": 56.35,
            "4": 52.900000000000006,
            "5": 55.05,
            "6": 56.55,
            "7": 54.1,
            "8": 55.60000000000001,
            "9": 58.550000000000004,
            "10": 57.85,
            "11": 56.8,
            "12": 56.89999999999999,
            "13": 58.5,
            "14": 58.650000000000006,
            "15": 59.099999999999994,
            "16": 56.35,
            "17": 58.95,
            "18": 60.35,
            "19": 60.699999999999996,
            "20": 58.650000000000006,
            "21": 58.550000000000004,
            "22": 58.35,
            "23": 58.699999999999996,
            "24": 60.4,
            "25": 59.199999999999996,
            "26": 59.0,
            "27": 60.0,
            "28": 59.5,
            "29": 59.550000000000004,
            "30": 59.95,
            "31": 59.35,
            "32": 59.85,
            "33": 59.199999999999996,
            "34": 59.95,
            "35": 59.150000000000006,
            "36": 59.85,
            "37": 60.099999999999994,
            "38": 60.099999999999994,
            "39": 59.45
        },
        "acc_test_student": {
            "0": 52.25,
            "1": 54.35,
            "2": 54.400000000000006,
            "3": 54.400000000000006,
            "4": 55.35,
            "5": 57.05,
            "6": 57.35,
            "7": 56.55,
            "8": 58.4,
            "9": 57.45,
            "10": 60.5,
            "11": 57.85,
            "12": 57.85,
            "13": 58.699999999999996,
            "14": 58.45,
            "15": 57.699999999999996,
            "16": 56.45,
            "17": 59.45,
            "18": 59.4,
            "19": 57.550000000000004,
            "20": 61.4,
            "21": 59.699999999999996,
            "22": 58.599999999999994,
            "23": 58.699999999999996,
            "24": 59.75,
            "25": 60.199999999999996,
            "26": 59.35,
            "27": 58.25,
            "28": 60.0,
            "29": 58.8,
            "30": 57.85,
            "31": 60.3,
            "32": 60.099999999999994,
            "33": 59.550000000000004,
            "34": 61.35,
            "35": 61.35,
            "36": 60.45,
            "37": 60.199999999999996,
            "38": 59.85,
            "39": 59.599999999999994
        },
        "acc_test_distilled": {
            "0": 47.75,
            "1": 53.2,
            "2": 56.25,
            "3": 56.35,
            "4": 52.900000000000006,
            "5": 55.05,
            "6": 56.55,
            "7": 54.1,
            "8": 55.60000000000001,
            "9": 58.550000000000004,
            "10": 51.55,
            "11": 57.3,
            "12": 58.8,
            "13": 58.35,
            "14": 58.45,
            "15": 61.1,
            "16": 60.25,
            "17": 61.35,
            "18": 58.650000000000006,
            "19": 59.650000000000006,
            "20": 58.85,
            "21": 61.199999999999996,
            "22": 60.4,
            "23": 61.1,
            "24": 61.650000000000006,
            "25": 60.650000000000006,
            "26": 61.85000000000001,
            "27": 61.1,
            "28": 61.95,
            "29": 61.75000000000001,
            "30": 62.0,
            "31": 62.2,
            "32": 62.050000000000004,
            "33": 62.35000000000001,
            "34": 60.9,
            "35": 59.95,
            "36": 63.5,
            "37": 61.8,
            "38": 62.5,
            "39": 61.650000000000006
        },
        "time_train_teacher": {
            "0": 11.68098759651184,
            "1": 10.04411268234253,
            "2": 9.476831912994385,
            "3": 8.647355556488037,
            "4": 8.481199502944946,
            "5": 7.90346622467041,
            "6": 7.366840362548828,
            "7": 7.3686137199401855,
            "8": 6.912384510040283,
            "9": 6.644163608551025,
            "10": 6.697269678115845,
            "11": 6.565988540649414,
            "12": 6.334622859954834,
            "13": 5.86894154548645,
            "14": 5.808146715164185,
            "15": 5.50480580329895,
            "16": 5.580273628234863,
            "17": 5.472045660018921,
            "18": 5.328358173370361,
            "19": 5.2554404735565186,
            "20": 5.12320351600647,
            "21": 5.057411193847656,
            "22": 5.065662384033203,
            "23": 4.975162029266357,
            "24": 4.910974979400635,
            "25": 4.826718091964722,
            "26": 4.92996883392334,
            "27": 4.827609539031982,
            "28": 4.920803546905518,
            "29": 4.700139999389648,
            "30": 4.689416408538818,
            "31": 4.5325400829315186,
            "32": 4.550227165222168,
            "33": 4.651982545852661,
            "34": 4.476439476013184,
            "35": 4.647649526596069,
            "36": 4.476475477218628,
            "37": 4.390843629837036,
            "38": 4.458871603012085,
            "39": 4.587888717651367
        },
        "time_train_student": {
            "0": 2.350097894668579,
            "1": 2.0202558040618896,
            "2": 1.9609060287475586,
            "3": 1.7626237869262695,
            "4": 1.8745357990264893,
            "5": 1.637674331665039,
            "6": 1.638387680053711,
            "7": 1.4947247505187988,
            "8": 1.439546823501587,
            "9": 1.366551399230957,
            "10": 1.423161506652832,
            "11": 1.2851085662841797,
            "12": 1.2735402584075928,
            "13": 1.3192031383514404,
            "14": 1.2676517963409424,
            "15": 1.2628531455993652,
            "16": 1.2829546928405762,
            "17": 1.1529202461242676,
            "18": 1.1458256244659424,
            "19": 1.1944103240966797,
            "20": 1.1100413799285889,
            "21": 1.078657627105713,
            "22": 1.0992982387542725,
            "23": 1.0619871616363525,
            "24": 1.0221874713897705,
            "25": 0.9869184494018555,
            "26": 0.9761204719543457,
            "27": 0.9977517127990723,
            "28": 0.9501731395721436,
            "29": 0.9404709339141846,
            "30": 0.9872088432312012,