{
    "analysis": {
        "avg_acc_test_teacher": 58.183749999999996,
        "std_acc_test_teacher": 2.7253648897076665,
        "avg_acc_test_student": 58.31874999999999,
        "std_acc_test_student": 1.9641233282861719,
        "avg_acc_test_distilled": 58.702499999999986,
        "std_acc_test_distilled": 3.38883820194685,
        "final_acc_test_distilled": 61.75000000000001,
        "final_acc_test_teacher": 60.4,
        "final_acc_test_student": 58.25,
        "sum_time_train_teacher": 239.18825364112854,
        "sum_time_train_student": 49.61630892753601,
        "sum_time_train_distilled": 180.71368885040283,
        "sum_time_test_teacher": 68.80115246772766,
        "sum_time_test_student": 10.613435983657837,
        "sum_time_test_distilled": 43.77849531173706,
        "total_time": 504.27798891067505,
        "num_clauses_dropped": 9006,
        "num_clauses_dropped_percentage": 45.03
    },
    "mutual_information": {
        "sklearn_teacher": 0.8910552937577498,
        "sklearn_student": 2.2649534987722184,
        "info_teacher": 1.4681368722990313,
        "info_student": 23.821328584820346,
        "info_distilled": 195.6011502714073
    },
    "params": {
        "teacher_num_clauses": 2000,
        "student_num_clauses": 400,
        "T": 60,
        "s": 3.0,
        "teacher_epochs": 10,
        "student_epochs": 30,
        "downsample": 0.02,
        "weighted_clauses": true,
        "number_of_state_bits": 8,
        "combined_epochs": 40
    },
    "experiment_name": "MNIST-3D",
    "timestamp": "2025-02-09 18:40:45",
    "id": "MNIST-3D_tnc2000_snc400_T60_s3.0_te10_se30_downsample0.02",
    "results": {
        "acc_test_teacher": {
            "0": 48.6,
            "1": 51.6,
            "2": 54.900000000000006,
            "3": 52.0,
            "4": 55.2,
            "5": 54.7,
            "6": 60.0,
            "7": 57.75,
            "8": 56.599999999999994,
            "9": 56.2,
            "10": 57.3,
            "11": 58.35,
            "12": 60.0,
            "13": 55.75,
            "14": 58.95,
            "15": 58.050000000000004,
            "16": 58.15,
            "17": 60.150000000000006,
            "18": 58.4,
            "19": 58.4,
            "20": 59.85,
            "21": 60.150000000000006,
            "22": 59.550000000000004,
            "23": 59.150000000000006,
            "24": 60.4,
            "25": 59.75,
            "26": 60.85,
            "27": 59.8,
            "28": 61.25000000000001,
            "29": 60.099999999999994,
            "30": 59.25,
            "31": 59.5,
            "32": 59.4,
            "33": 59.25,
            "34": 59.199999999999996,
            "35": 59.75,
            "36": 58.95,
            "37": 59.650000000000006,
            "38": 60.099999999999994,
            "39": 60.4
        },
        "acc_test_student": {
            "0": 51.949999999999996,
            "1": 53.2,
            "2": 53.7,
            "3": 55.15,
            "4": 56.3,
            "5": 58.4,
            "6": 57.05,
            "7": 56.8,
            "8": 57.25,
            "9": 58.95,
            "10": 58.199999999999996,
            "11": 58.85,
            "12": 58.4,
            "13": 58.25,
            "14": 59.050000000000004,
            "15": 58.9,
            "16": 58.3,
            "17": 58.75,
            "18": 57.3,
            "19": 58.75,
            "20": 58.599999999999994,
            "21": 58.650000000000006,
            "22": 59.0,
            "23": 59.699999999999996,
            "24": 60.050000000000004,
            "25": 60.099999999999994,
            "26": 60.650000000000006,
            "27": 59.35,
            "28": 60.35,
            "29": 60.3,
            "30": 57.4,
            "31": 58.75,
            "32": 60.199999999999996,
            "33": 59.3,
            "34": 60.050000000000004,
            "35": 58.699999999999996,
            "36": 60.099999999999994,
            "37": 59.550000000000004,
            "38": 60.199999999999996,
            "39": 58.25
        },
        "acc_test_distilled": {
            "0": 48.6,
            "1": 51.6,
            "2": 54.900000000000006,
            "3": 52.0,
            "4": 55.2,
            "5": 54.7,
            "6": 60.0,
            "7": 57.75,
            "8": 56.599999999999994,
            "9": 56.2,
            "10": 53.75,
            "11": 54.7,
            "12": 54.7,
            "13": 61.5,
            "14": 58.599999999999994,
            "15": 57.75,
            "16": 60.550000000000004,
            "17": 60.0,
            "18": 58.550000000000004,
            "19": 60.550000000000004,
            "20": 60.45,
            "21": 60.050000000000004,
            "22": 59.8,
            "23": 61.3,
            "24": 60.650000000000006,
            "25": 60.9,
            "26": 61.85000000000001,
            "27": 61.85000000000001,
            "28": 62.45,
            "29": 60.050000000000004,
            "30": 60.8,
            "31": 59.5,
            "32": 62.0,
            "33": 62.3,
            "34": 61.7,
            "35": 60.45,
            "36": 59.95,
            "37": 60.45,
            "38": 61.650000000000006,
            "39": 61.75000000000001
        },
        "time_train_teacher": {
            "0": 11.59756875038147,
            "1": 10.305976152420044,
            "2": 9.377092599868774,
            "3": 8.69336748123169,
            "4": 8.072510719299316,
            "5": 7.930421829223633,
            "6": 7.766592264175415,
            "7": 7.145028591156006,
            "8": 6.962634801864624,
            "9": 6.896934509277344,
            "10": 6.653314590454102,
            "11": 6.249762058258057,
            "12": 5.886440753936768,
            "13": 5.978352308273315,
            "14": 5.9378132820129395,
            "15": 6.045608282089233,
            "16": 5.916973352432251,
            "17": 5.350339889526367,
            "18": 5.3409788608551025,
            "19": 5.27651572227478,
            "20": 5.10219669342041,
            "21": 5.188840627670288,
            "22": 5.09300684928894,
            "23": 4.991440773010254,
            "24": 5.01763653755188,
            "25": 5.121510028839111,
            "26": 4.85286283493042,
            "27": 5.0963404178619385,
            "28": 4.790516376495361,
            "29": 4.699586629867554,
            "30": 4.6836559772491455,
            "31": 4.555617332458496,
            "32": 4.9297144412994385,
            "33": 4.494164705276489,
            "34": 4.714404106140137,
            "35": 4.501099586486816,
            "36": 4.494388818740845,
            "37": 4.415589094161987,
            "38": 4.583053112030029,
            "39": 4.4784018993377686
        },
        "time_train_student": {
            "0": 2.3798372745513916,
            "1": 2.0484120845794678,
            "2": 1.8167197704315186,
            "3": 1.7584586143493652,
            "4": 1.6802988052368164,
            "5": 1.6433601379394531,
            "6": 1.549180030822754,
            "7": 1.5069129467010498,
            "8": 1.4660472869873047,
            "9": 1.4404609203338623,
            "10": 1.3255443572998047,
            "11": 1.3965535163879395,
            "12": 1.300351858139038,
            "13": 1.2409944534301758,
            "14": 1.3092806339263916,
            "15": 1.2139286994934082,
            "16": 1.1771891117095947,
            "17": 1.1577765941619873,
            "18": 1.158442497253418,
            "19": 1.1653048992156982,
            "20": 1.151644229888916,
            "21": 1.1100916862487793,
            "22": 1.115950107574463,
            "23": 1.0392301082611084,
            "24": 1.0578851699829102,
            "25": 1.0264010429382324,
            "26": 1.0040497779846191,
            "27": 0.9788718223571777,
            "28": 1.004744291305542,
            "29": 1.0629582405090332,
            "30": 0.9546816349029541,
            "31": 0.9585106372833252,