{
    "analysis": {
        "avg_acc_test_teacher": 58.12749999999998,
        "std_acc_test_teacher": 3.1619725667406597,
        "avg_acc_test_student": 58.48375,
        "std_acc_test_student": 2.1756044694963075,
        "avg_acc_test_distilled": 58.60374999999999,
        "std_acc_test_distilled": 3.9728144693267913,
        "final_acc_test_distilled": 63.65,
        "final_acc_test_teacher": 60.4,
        "final_acc_test_student": 61.199999999999996,
        "sum_time_train_teacher": 246.98628687858582,
        "sum_time_train_student": 49.279765367507935,
        "sum_time_train_distilled": 171.9473078250885,
        "sum_time_test_teacher": 79.874596118927,
        "sum_time_test_student": 11.596519470214844,
        "sum_time_test_distilled": 42.654988527297974,
        "total_time": 116.81355571746826,
        "num_clauses_dropped": 9991,
        "num_clauses_dropped_percentage": 49.955
    },
    "mutual_information": {
        "sklearn_teacher": 0.9261022818035024,
        "sklearn_student": 2.2888014733819473,
        "info_teacher": 1.4681368722990313,
        "info_student": 23.821328584820346,
        "info_distilled": 195.6011502714073
    },
    "params": {
        "teacher_num_clauses": 2000,
        "student_num_clauses": 400,
        "T": 60,
        "s": 3.0,
        "teacher_epochs": 10,
        "student_epochs": 30,
        "downsample": 0.05,
        "weighted_clauses": true,
        "number_of_state_bits": 8,
        "combined_epochs": 40
    },
    "experiment_name": "ds",
    "timestamp": "2025-02-08 23:48:04",
    "id": "ds_tnc2000_snc400_T60_s3.0_te10_se30_downsample0.05",
    "results": {
        "acc_test_teacher": {
            "0": 45.85,
            "1": 51.949999999999996,
            "2": 53.349999999999994,
            "3": 52.75,
            "4": 56.2,
            "5": 53.0,
            "6": 57.15,
            "7": 57.85,
            "8": 55.05,
            "9": 56.8,
            "10": 57.699999999999996,
            "11": 56.05,
            "12": 57.8,
            "13": 57.199999999999996,
            "14": 57.9,
            "15": 58.8,
            "16": 57.99999999999999,
            "17": 60.3,
            "18": 59.9,
            "19": 58.3,
            "20": 58.95,
            "21": 59.25,
            "22": 61.6,
            "23": 61.3,
            "24": 60.099999999999994,
            "25": 60.85,
            "26": 60.6,
            "27": 60.199999999999996,
            "28": 58.4,
            "29": 60.0,
            "30": 60.5,
            "31": 59.75,
            "32": 59.599999999999994,
            "33": 60.0,
            "34": 60.25,
            "35": 60.45,
            "36": 60.4,
            "37": 60.0,
            "38": 60.6,
            "39": 60.4
        },
        "acc_test_student": {
            "0": 52.55,
            "1": 52.1,
            "2": 53.900000000000006,
            "3": 56.3,
            "4": 54.55,
            "5": 56.2,
            "6": 57.8,
            "7": 56.8,
            "8": 57.65,
            "9": 58.699999999999996,
            "10": 57.85,
            "11": 56.8,
            "12": 59.0,
            "13": 58.3,
            "14": 58.5,
            "15": 58.599999999999994,
            "16": 57.35,
            "17": 59.3,
            "18": 59.45,
            "19": 59.050000000000004,
            "20": 59.85,
            "21": 59.4,
            "22": 59.099999999999994,
            "23": 59.25,
            "24": 59.650000000000006,
            "25": 58.95,
            "26": 61.45,
            "27": 59.550000000000004,
            "28": 60.75000000000001,
            "29": 60.95,
            "30": 59.650000000000006,
            "31": 59.9,
            "32": 60.0,
            "33": 59.650000000000006,
            "34": 60.099999999999994,
            "35": 60.45,
            "36": 59.599999999999994,
            "37": 60.050000000000004,
            "38": 59.099999999999994,
            "39": 61.199999999999996
        },
        "acc_test_distilled": {
            "0": 45.85,
            "1": 51.949999999999996,
            "2": 53.349999999999994,
            "3": 52.75,
            "4": 56.2,
            "5": 53.0,
            "6": 57.15,
            "7": 57.85,
            "8": 55.05,
            "9": 56.8,
            "10": 49.6,
            "11": 57.45,
            "12": 57.75,
            "13": 56.00000000000001,
            "14": 58.95,
            "15": 59.050000000000004,
            "16": 58.95,
            "17": 60.050000000000004,
            "18": 55.800000000000004,
            "19": 60.85,
            "20": 60.650000000000006,
            "21": 60.6,
            "22": 60.8,
            "23": 59.25,
            "24": 60.35,
            "25": 60.85,
            "26": 61.5,
            "27": 60.4,
            "28": 61.8,
            "29": 61.75000000000001,
            "30": 61.199999999999996,
            "31": 61.5,
            "32": 62.5,
            "33": 62.1,
            "34": 62.6,
            "35": 61.75000000000001,
            "36": 62.050000000000004,
            "37": 61.75000000000001,
            "38": 62.7,
            "39": 63.65
        },
        "time_train_teacher": {
            "0": 12.076675653457642,
            "1": 10.535312414169312,
            "2": 9.838887691497803,
            "3": 9.438456773757935,
            "4": 8.890648365020752,
            "5": 8.171069145202637,
            "6": 7.764445543289185,
            "7": 7.956434965133667,
            "8": 7.535614728927612,
            "9": 7.118136644363403,
            "10": 7.041574954986572,
            "11": 6.899594783782959,
            "12": 6.6739771366119385,
            "13": 6.498006343841553,
            "14": 6.294071197509766,
            "15": 6.175932884216309,
            "16": 5.7016823291778564,
            "17": 5.421523571014404,
            "18": 5.353076219558716,
            "19": 5.554179430007935,
            "20": 5.304236173629761,
            "21": 5.201335668563843,
            "22": 5.2156102657318115,
            "23": 4.959991216659546,
            "24": 4.880317211151123,
            "25": 5.138808965682983,
            "26": 4.902338981628418,
            "27": 4.9323437213897705,
            "28": 5.002215385437012,
            "29": 4.797002792358398,
            "30": 4.819853067398071,
            "31": 4.624415636062622,
            "32": 4.603774547576904,
            "33": 4.591854810714722,
            "34": 4.5630128383636475,
            "35": 4.545639753341675,
            "36": 4.564196348190308,
            "37": 4.598337411880493,
            "38": 4.465040922164917,
            "39": 4.336660385131836
        },
        "time_train_student": {
            "0": 2.405921459197998,
            "1": 2.0232961177825928,
            "2": 1.8597438335418701,
            "3": 1.7949702739715576,
            "4": 1.7101845741271973,
            "5": 1.5984432697296143,
            "6": 1.5634794235229492,
            "7": 1.4836995601654053,
            "8": 1.4945361614227295,
            "9": 1.4149913787841797,
            "10": 1.3909225463867188,
            "11": 1.3868944644927979,
            "12": 1.3129780292510986,
            "13": 1.2802982330322266,
            "14": 1.2457265853881836,
            "15": 1.2136833667755127,
            "16": 1.1498949527740479,
            "17": 1.1499223709106445,
            "18": 1.1349167823791504,
            "19": 1.0790958404541016,
            "20": 1.1414895057678223,
            "21": 1.0959560871124268,
            "22": 1.0416014194488525,
            "23": 1.064190149307251,
            "24": 1.0294053554534912,
            "25": 0.9764988422393799,
            "26": 1.024446964263916,
            "27": 0.9497754573822021,
            "28": 1.0089342594146729,
            "29": 0.9852337837219238,
            "30": 0.9468188285827637,
            "31": 0.9507770538330078,
            "32": 0.9806177616119385,
            "33": 0.9262058734893799,