{
    "results": {
        "acc_test_teacher": {
            "0": 9.89,
            "1": 10.03,
            "2": 10.22,
            "3": 9.99,
            "4": 10.31,
            "5": 9.959999999999999,
            "6": 10.03,
            "7": 9.98,
            "8": 10.209999999999999,
            "9": 10.100000000000001,
            "10": 10.09,
            "11": 9.99,
            "12": 10.18,
            "13": 10.16,
            "14": 10.23,
            "15": 9.89,
            "16": 10.12,
            "17": 10.040000000000001,
            "18": 9.98,
            "19": 10.100000000000001,
            "20": 10.02,
            "21": 10.08,
            "22": 9.950000000000001,
            "23": 9.92,
            "24": 9.87,
            "25": 9.93,
            "26": 10.16,
            "27": 10.03,
            "28": 10.059999999999999,
            "29": 10.14,
            "30": 10.17,
            "31": 10.08,
            "32": 10.0,
            "33": 10.13,
            "34": 10.11,
            "35": 10.059999999999999,
            "36": 10.14,
            "37": 10.2,
            "38": 9.89,
            "39": 10.059999999999999,
            "40": 10.01,
            "41": 10.040000000000001,
            "42": 10.36,
            "43": 10.03,
            "44": 9.86,
            "45": 9.950000000000001,
            "46": 10.05,
            "47": 9.959999999999999,
            "48": 10.09,
            "49": 10.08,
            "50": 10.02,
            "51": 10.05,
            "52": 10.22,
            "53": 10.16,
            "54": 10.34,
            "55": 10.17,
            "56": 10.03,
            "57": 10.18,
            "58": 9.950000000000001,
            "59": 9.92
        },
        "acc_test_student": {
            "0": 10.0,
            "1": 9.950000000000001,
            "2": 10.05,
            "3": 10.0,
            "4": 9.94,
            "5": 9.99,
            "6": 9.94,
            "7": 9.91,
            "8": 10.290000000000001,
            "9": 10.02,
            "10": 10.11,
            "11": 9.610000000000001,
            "12": 9.950000000000001,
            "13": 9.93,
            "14": 9.98,
            "15": 10.24,
            "16": 10.14,
            "17": 9.89,
            "18": 9.9,
            "19": 9.87,
            "20": 9.84,
            "21": 10.040000000000001,
            "22": 10.15,
            "23": 9.93,
            "24": 10.14,
            "25": 9.879999999999999,
            "26": 9.77,
            "27": 10.08,
            "28": 10.09,
            "29": 9.93,
            "30": 9.89,
            "31": 10.040000000000001,
            "32": 10.12,
            "33": 9.82,
            "34": 9.86,
            "35": 10.14,
            "36": 9.969999999999999,
            "37": 9.790000000000001,
            "38": 9.71,
            "39": 9.94,
            "40": 9.99,
            "41": 10.209999999999999,
            "42": 9.879999999999999,
            "43": 9.94,
            "44": 9.950000000000001,
            "45": 9.879999999999999,
            "46": 10.02,
            "47": 9.77,
            "48": 9.879999999999999,
            "49": 9.84,
            "50": 10.09,
            "51": 9.9,
            "52": 9.93,
            "53": 9.82,
            "54": 9.82,
            "55": 10.18,
            "56": 9.86,
            "57": 10.07,
            "58": 9.89,
            "59": 9.91
        },
        "acc_test_distilled": {
            "0": 10.02,
            "1": 10.13,
            "2": 10.059999999999999,
            "3": 10.02,
            "4": 10.18,
            "5": 10.280000000000001,
            "6": 10.11,
            "7": 9.99,
            "8": 10.12,
            "9": 9.94,
            "10": 10.18,
            "11": 10.27,
            "12": 10.01,
            "13": 10.34,
            "14": 10.14,
            "15": 10.040000000000001,
            "16": 9.98,
            "17": 10.100000000000001,
            "18": 10.17,
            "19": 10.209999999999999,
            "20": 10.13,
            "21": 10.12,
            "22": 10.0,
            "23": 10.190000000000001,
            "24": 10.11,
            "25": 10.18,
            "26": 10.12,
            "27": 10.2,
            "28": 9.93,
            "29": 10.14,
            "30": 10.01,
            "31": 9.82,
            "32": 10.02,
            "33": 9.93,
            "34": 10.02,
            "35": 9.99,
            "36": 9.83,
            "37": 10.13,
            "38": 9.87,
            "39": 10.0,
            "40": 9.94,
            "41": 10.03,
            "42": 9.91,
            "43": 10.18,
            "44": 10.34,
            "45": 10.14,
            "46": 9.82,
            "47": 10.059999999999999,
            "48": 9.969999999999999,
            "49": 10.040000000000001,
            "50": 9.91,
            "51": 9.879999999999999,
            "52": 10.17,
            "53": 10.09,
            "54": 10.14,
            "55": 10.16,
            "56": 10.08,
            "57": 9.9,
            "58": 10.26,
            "59": 10.02
        },
        "time_train_teacher": {
            "0": 4.551741361618042,
            "1": 4.596431016921997,
            "2": 4.5781190395355225,
            "3": 4.603272438049316,
            "4": 4.594810247421265,
            "5": 4.607590436935425,
            "6": 4.589493036270142,
            "7": 4.599024772644043,
            "8": 4.588411569595337,
            "9": 4.603501081466675,
            "10": 4.618462085723877,
            "11": 4.6149656772613525,
            "12": 4.5917181968688965,
            "13": 4.61079478263855,
            "14": 4.608466148376465,
            "15": 4.599424600601196,
            "16": 4.592050075531006,
            "17": 4.603450536727905,
            "18": 4.593623638153076,
            "19": 4.58577823638916,
            "20": 4.602386474609375,
            "21": 4.600837707519531,
            "22": 4.610083103179932,
            "23": 4.59289813041687,
            "24": 4.60632061958313,
            "25": 4.605891466140747,
            "26": 4.617023706436157,
            "27": 4.597566843032837,
            "28": 4.608680248260498,
            "29": 4.595849514007568,
            "30": 4.602207899093628,
            "31": 4.611291408538818,
            "32": 4.602245569229126,
            "33": 4.616771459579468,
            "34": 4.599619626998901,
            "35": 4.595959663391113,
            "36": 4.571138620376587,
            "37": 4.597240447998047,
            "38": 4.597153663635254,
            "39": 4.56966495513916,
            "40": 4.587246656417847,
            "41": 4.584479331970215,
            "42": 4.5856544971466064,
            "43": 4.579414129257202,
            "44": 4.568081617355347,
            "45": 4.604008197784424,
            "46": 4.585702896118164,
            "47": 4.5768821239471436,
            "48": 4.623435735702515,
            "49": 4.572564601898193,
            "50": 4.57692813873291,
            "51": 4.60028862953186,
            "52": 4.593874216079712,
            "53": 4.605402708053589,
            "54": 4.583205938339233,
            "55": 4.577416896820068,
            "56": 4.588872909545898,
            "57": 4.574710130691528,
            "58": 4.5796122550964355,
            "59": 4.578051805496216
        },
        "time_train_student": {
            "0": 0.8998064994812012,
            "1": 0.9115123748779297,
            "2": 0.9180335998535156,
            "3": 0.9157016277313232,
            "4": 0.9156138896942139,
            "5": 0.9110157489776611,
            "6": 0.9179027080535889,
            "7": 0.9178967475891113,
            "8": 0.9142506122589111,
            "9": 0.9153103828430176,
            "10": 0.9156131744384766,
            "11": 0.9113619327545166,
            "12": 0.9106307029724121,
            "13": 0.915442943572998,
            "14": 0.9183776378631592,
            "15": 0.9200074672698975,
            "16": 0.9134411811828613,
            "17": 0.9150080680847168,