{
    "results": {
        "acc_test_teacher": {
            "0": 10.01,
            "1": 10.040000000000001,
            "2": 10.290000000000001,
            "3": 10.0,
            "4": 10.100000000000001,
            "5": 10.07,
            "6": 10.07,
            "7": 10.02,
            "8": 10.0,
            "9": 10.059999999999999,
            "10": 10.09,
            "11": 9.99,
            "12": 9.969999999999999,
            "13": 10.059999999999999,
            "14": 10.02,
            "15": 10.07,
            "16": 9.83,
            "17": 10.22,
            "18": 10.190000000000001,
            "19": 10.13,
            "20": 10.08,
            "21": 10.14,
            "22": 10.17,
            "23": 10.03,
            "24": 10.13,
            "25": 10.08,
            "26": 9.9,
            "27": 10.07,
            "28": 10.059999999999999,
            "29": 10.24,
            "30": 10.02,
            "31": 10.08,
            "32": 9.86,
            "33": 10.14,
            "34": 10.23,
            "35": 10.15,
            "36": 10.059999999999999,
            "37": 10.07,
            "38": 10.280000000000001,
            "39": 10.38,
            "40": 9.959999999999999,
            "41": 10.16,
            "42": 10.13,
            "43": 10.09,
            "44": 10.13,
            "45": 9.84,
            "46": 9.78,
            "47": 10.11,
            "48": 10.05,
            "49": 10.09,
            "50": 9.92,
            "51": 9.89,
            "52": 10.02,
            "53": 10.15,
            "54": 10.040000000000001,
            "55": 9.94,
            "56": 9.93,
            "57": 10.09,
            "58": 10.040000000000001,
            "59": 9.969999999999999
        },
        "acc_test_student": {
            "0": 9.99,
            "1": 9.91,
            "2": 9.91,
            "3": 9.91,
            "4": 9.9,
            "5": 10.0,
            "6": 10.01,
            "7": 9.81,
            "8": 9.98,
            "9": 10.040000000000001,
            "10": 10.13,
            "11": 10.09,
            "12": 10.11,
            "13": 9.73,
            "14": 9.959999999999999,
            "15": 9.8,
            "16": 9.99,
            "17": 10.059999999999999,
            "18": 9.9,
            "19": 9.78,
            "20": 10.100000000000001,
            "21": 10.18,
            "22": 10.17,
            "23": 10.24,
            "24": 9.92,
            "25": 9.82,
            "26": 10.0,
            "27": 10.16,
            "28": 10.15,
            "29": 10.03,
            "30": 10.059999999999999,
            "31": 10.03,
            "32": 9.87,
            "33": 9.93,
            "34": 10.14,
            "35": 9.73,
            "36": 10.09,
            "37": 10.01,
            "38": 10.100000000000001,
            "39": 9.82,
            "40": 9.879999999999999,
            "41": 9.92,
            "42": 9.879999999999999,
            "43": 9.99,
            "44": 9.98,
            "45": 9.93,
            "46": 9.719999999999999,
            "47": 10.01,
            "48": 10.100000000000001,
            "49": 10.08,
            "50": 9.8,
            "51": 10.02,
            "52": 9.879999999999999,
            "53": 10.0,
            "54": 9.83,
            "55": 9.74,
            "56": 9.93,
            "57": 10.040000000000001,
            "58": 9.85,
            "59": 10.05
        },
        "acc_test_distilled": {
            "0": 9.89,
            "1": 10.07,
            "2": 9.9,
            "3": 10.040000000000001,
            "4": 9.9,
            "5": 10.11,
            "6": 9.99,
            "7": 10.0,
            "8": 9.950000000000001,
            "9": 10.08,
            "10": 10.2,
            "11": 10.07,
            "12": 10.01,
            "13": 10.02,
            "14": 10.0,
            "15": 10.01,
            "16": 10.18,
            "17": 10.03,
            "18": 10.059999999999999,
            "19": 10.25,
            "20": 10.190000000000001,
            "21": 10.18,
            "22": 9.879999999999999,
            "23": 10.03,
            "24": 9.959999999999999,
            "25": 10.23,
            "26": 10.05,
            "27": 10.08,
            "28": 9.94,
            "29": 10.17,
            "30": 10.02,
            "31": 9.94,
            "32": 10.14,
            "33": 9.99,
            "34": 9.94,
            "35": 9.84,
            "36": 10.09,
            "37": 10.02,
            "38": 9.99,
            "39": 10.11,
            "40": 9.94,
            "41": 9.85,
            "42": 9.84,
            "43": 9.8,
            "44": 10.0,
            "45": 9.87,
            "46": 9.81,
            "47": 9.94,
            "48": 9.91,
            "49": 10.040000000000001,
            "50": 9.83,
            "51": 10.12,
            "52": 9.94,
            "53": 9.969999999999999,
            "54": 9.94,
            "55": 9.94,
            "56": 9.92,
            "57": 9.9,
            "58": 9.93,
            "59": 9.879999999999999
        },
        "time_train_teacher": {
            "0": 2.4947102069854736,
            "1": 2.516077995300293,
            "2": 2.5385076999664307,
            "3": 2.5310518741607666,
            "4": 2.522277593612671,
            "5": 2.536536693572998,
            "6": 2.511190891265869,
            "7": 2.518162965774536,
            "8": 2.5295298099517822,
            "9": 2.549644947052002,
            "10": 2.514930486679077,
            "11": 2.5359904766082764,
            "12": 2.5304629802703857,
            "13": 2.523621082305908,
            "14": 2.532064199447632,
            "15": 2.5329906940460205,
            "16": 2.526106834411621,
            "17": 2.5151515007019043,
            "18": 2.52272629737854,
            "19": 2.513016700744629,
            "20": 2.5267608165740967,
            "21": 2.519299268722534,
            "22": 2.519002676010132,
            "23": 2.522587537765503,
            "24": 2.520681858062744,
            "25": 2.5202858448028564,
            "26": 2.5276472568511963,
            "27": 2.510514736175537,
            "28": 2.5272281169891357,
            "29": 2.5321996212005615,
            "30": 2.5248687267303467,
            "31": 2.525871515274048,
            "32": 2.5362942218780518,
            "33": 2.5315163135528564,
            "34": 2.527592658996582,
            "35": 2.518827438354492,
            "36": 2.530733346939087,
            "37": 2.5339431762695312,
            "38": 2.5271267890930176,
            "39": 2.5186426639556885,
            "40": 2.533139944076538,
            "41": 2.5117008686065674,
            "42": 2.527815580368042,
            "43": 2.5277040004730225,
            "44": 2.5356898307800293,
            "45": 2.528689384460449,
            "46": 2.540454626083374,
            "47": 2.5315279960632324,
            "48": 2.536149263381958,
            "49": 2.5296452045440674,
            "50": 2.5363144874572754,
            "51": 2.5285420417785645,
            "52": 2.526073694229126,
            "53": 2.5254921913146973,
            "54": 2.5206961631774902,
            "55": 2.5231096744537354,
            "56": 2.5358996391296387,
            "57": 2.534327983856201,
            "58": 2.532379388809204,
            "59": 2.525611400604248
        },
        "time_train_student": {
            "0": 0.9042179584503174,
            "1": 0.9086248874664307,
            "2": 0.9186294078826904,
            "3": 0.9146301746368408,
            "4": 0.9163861274719238,
            "5": 0.9176042079925537,
            "6": 0.9147915840148926,
            "7": 0.9210867881774902,
            "8": 0.9126503467559814,
            "9": 0.9160568714141846,
            "10": 0.9156737327575684,
            "11": 0.9164953231811523,
            "12": 0.9160017967224121,
            "13": 0.9166080951690674,
            "14": 0.9177041053771973,
            "15": 0.9142971038818359,
            "16": 0.9173481464385986,
            "17": 0.9135150909423828,
            "18": 0.9137129783630371,