{
    "results": {
        "acc_test_teacher": {
            "0": 10.02,
            "1": 9.950000000000001,
            "2": 9.92,
            "3": 10.01,
            "4": 9.99,
            "5": 10.040000000000001,
            "6": 10.15,
            "7": 10.02,
            "8": 10.01,
            "9": 10.26,
            "10": 10.16,
            "11": 10.12,
            "12": 10.22,
            "13": 10.01,
            "14": 10.01,
            "15": 10.12,
            "16": 10.08,
            "17": 9.99,
            "18": 10.02,
            "19": 10.26,
            "20": 10.08,
            "21": 10.190000000000001,
            "22": 10.22,
            "23": 9.98,
            "24": 10.05,
            "25": 10.13,
            "26": 9.91,
            "27": 10.02,
            "28": 10.02,
            "29": 10.059999999999999,
            "30": 10.040000000000001,
            "31": 10.01,
            "32": 9.99,
            "33": 10.190000000000001,
            "34": 10.22,
            "35": 10.16,
            "36": 10.14,
            "37": 10.100000000000001,
            "38": 10.18,
            "39": 10.190000000000001,
            "40": 10.27,
            "41": 9.98,
            "42": 10.2,
            "43": 10.0,
            "44": 9.98,
            "45": 9.99,
            "46": 10.22,
            "47": 10.13,
            "48": 9.91,
            "49": 9.94,
            "50": 10.290000000000001,
            "51": 9.87,
            "52": 9.86,
            "53": 9.98,
            "54": 10.22,
            "55": 10.14,
            "56": 10.03,
            "57": 10.13,
            "58": 9.94,
            "59": 10.22
        },
        "acc_test_student": {
            "0": 10.059999999999999,
            "1": 9.83,
            "2": 10.209999999999999,
            "3": 10.09,
            "4": 10.08,
            "5": 10.290000000000001,
            "6": 10.14,
            "7": 10.12,
            "8": 10.01,
            "9": 10.17,
            "10": 10.25,
            "11": 10.05,
            "12": 10.12,
            "13": 9.86,
            "14": 10.03,
            "15": 10.14,
            "16": 10.2,
            "17": 10.05,
            "18": 10.22,
            "19": 10.040000000000001,
            "20": 10.209999999999999,
            "21": 9.969999999999999,
            "22": 10.08,
            "23": 10.209999999999999,
            "24": 10.08,
            "25": 10.040000000000001,
            "26": 9.94,
            "27": 10.209999999999999,
            "28": 10.03,
            "29": 10.03,
            "30": 10.14,
            "31": 10.02,
            "32": 10.07,
            "33": 10.16,
            "34": 10.14,
            "35": 10.22,
            "36": 10.0,
            "37": 10.27,
            "38": 9.92,
            "39": 10.15,
            "40": 10.15,
            "41": 10.01,
            "42": 10.24,
            "43": 9.98,
            "44": 10.08,
            "45": 10.09,
            "46": 10.09,
            "47": 10.05,
            "48": 10.03,
            "49": 9.99,
            "50": 10.07,
            "51": 10.24,
            "52": 10.2,
            "53": 10.07,
            "54": 9.92,
            "55": 10.23,
            "56": 10.05,
            "57": 10.100000000000001,
            "58": 10.290000000000001,
            "59": 10.23
        },
        "acc_test_distilled": {
            "0": 10.17,
            "1": 10.14,
            "2": 10.08,
            "3": 10.13,
            "4": 10.059999999999999,
            "5": 10.15,
            "6": 10.040000000000001,
            "7": 10.059999999999999,
            "8": 10.09,
            "9": 9.99,
            "10": 10.05,
            "11": 9.969999999999999,
            "12": 10.059999999999999,
            "13": 10.03,
            "14": 10.100000000000001,
            "15": 10.190000000000001,
            "16": 10.33,
            "17": 10.100000000000001,
            "18": 10.11,
            "19": 10.03,
            "20": 10.07,
            "21": 9.98,
            "22": 10.13,
            "23": 10.34,
            "24": 10.17,
            "25": 10.23,
            "26": 9.969999999999999,
            "27": 10.2,
            "28": 10.27,
            "29": 10.17,
            "30": 10.040000000000001,
            "31": 10.0,
            "32": 10.07,
            "33": 9.93,
            "34": 10.07,
            "35": 10.14,
            "36": 10.17,
            "37": 10.16,
            "38": 10.17,
            "39": 10.24,
            "40": 10.280000000000001,
            "41": 9.85,
            "42": 10.05,
            "43": 10.100000000000001,
            "44": 10.0,
            "45": 9.950000000000001,
            "46": 9.93,
            "47": 10.190000000000001,
            "48": 10.2,
            "49": 9.94,
            "50": 10.2,
            "51": 10.08,
            "52": 10.14,
            "53": 10.03,
            "54": 9.950000000000001,
            "55": 9.98,
            "56": 9.98,
            "57": 10.39,
            "58": 10.27,
            "59": 10.15
        },
        "time_train_teacher": {
            "0": 8.781038761138916,
            "1": 8.83134412765503,
            "2": 8.943805694580078,
            "3": 8.922718524932861,
            "4": 8.889333486557007,
            "5": 8.893560647964478,
            "6": 8.871350049972534,
            "7": 8.91963243484497,
            "8": 8.862179279327393,
            "9": 8.930355548858643,
            "10": 8.871227025985718,
            "11": 8.882253646850586,
            "12": 8.981670141220093,
            "13": 8.95158839225769,
            "14": 8.873430967330933,
            "15": 8.897675037384033,
            "16": 8.896844148635864,
            "17": 8.898630619049072,
            "18": 8.898332834243774,
            "19": 8.934354305267334,
            "20": 8.902036190032959,
            "21": 8.928193092346191,
            "22": 8.892005443572998,
            "23": 8.917914390563965,
            "24": 8.939451456069946,
            "25": 8.849281549453735,
            "26": 8.888487100601196,
            "27": 8.872377395629883,
            "28": 8.844810009002686,
            "29": 8.74169111251831,
            "30": 8.827920198440552,
            "31": 8.847862005233765,
            "32": 8.778198480606079,
            "33": 8.83146071434021,
            "34": 8.828743696212769,
            "35": 8.80059003829956,
            "36": 8.85231351852417,
            "37": 8.816131591796875,
            "38": 8.825227737426758,
            "39": 8.805729150772095,
            "40": 8.84592580795288,
            "41": 8.841360569000244,
            "42": 8.83024001121521,
            "43": 8.820782661437988,
            "44": 8.856503009796143,
            "45": 8.829207181930542,
            "46": 8.79956579208374,
            "47": 8.855243921279907,
            "48": 8.822324275970459,
            "49": 8.817444324493408,
            "50": 8.870835781097412,
            "51": 8.786988496780396,
            "52": 8.776693344116211,
            "53": 8.792509078979492,
            "54": 8.876065969467163,
            "55": 8.85731554031372,
            "56": 8.893188238143921,
            "57": 8.790440559387207,
            "58": 8.80968952178955,
            "59": 8.789418697357178
        },
        "time_train_student": {
            "0": 2.499810218811035,
            "1": 2.5270421504974365,
            "2": 2.536132574081421,
            "3": 2.5351171493530273,
            "4": 2.528301954269409,
            "5": 2.522336959838867,
            "6": 2.535047769546509,
            "7": 2.5331482887268066,
            "8": 2.5119874477386475,
            "9": 2.540316581726074,
            "10": 2.542388916015625,
            "11": 2.5385942459106445,
            "12": 2.5196633338928223,
            "13": 2.527082920074463,
            "14": 2.523491859436035,
            "15": 2.537142038345337,
            "16": 2.5405895709991455,
            "17": 2.536529541015625,
            "18": 2.5482101440429688,