{
    "results": {
        "acc_test_teacher": {
            "0": 10.059999999999999,
            "1": 10.02,
            "2": 10.17,
            "3": 10.209999999999999,
            "4": 10.16,
            "5": 10.02,
            "6": 9.81,
            "7": 10.27,
            "8": 10.23,
            "9": 10.22,
            "10": 10.25,
            "11": 10.02,
            "12": 10.15,
            "13": 10.13,
            "14": 10.33,
            "15": 10.059999999999999,
            "16": 10.08,
            "17": 10.08,
            "18": 10.209999999999999,
            "19": 10.22,
            "20": 10.05,
            "21": 10.34,
            "22": 10.13,
            "23": 10.059999999999999,
            "24": 10.43,
            "25": 9.99,
            "26": 10.33,
            "27": 10.15,
            "28": 10.15,
            "29": 9.879999999999999,
            "30": 10.0,
            "31": 10.03,
            "32": 10.0,
            "33": 10.040000000000001,
            "34": 10.12,
            "35": 10.05,
            "36": 10.03,
            "37": 10.14,
            "38": 10.280000000000001,
            "39": 10.02,
            "40": 10.100000000000001,
            "41": 9.969999999999999,
            "42": 10.03,
            "43": 9.969999999999999,
            "44": 9.77,
            "45": 10.11,
            "46": 10.31,
            "47": 9.89,
            "48": 10.07,
            "49": 10.03,
            "50": 10.09,
            "51": 10.16,
            "52": 10.17,
            "53": 10.26,
            "54": 10.02,
            "55": 10.09,
            "56": 10.209999999999999,
            "57": 10.23,
            "58": 10.02,
            "59": 10.17
        },
        "acc_test_student": {
            "0": 9.959999999999999,
            "1": 9.82,
            "2": 10.11,
            "3": 10.12,
            "4": 9.9,
            "5": 10.13,
            "6": 10.11,
            "7": 10.100000000000001,
            "8": 10.059999999999999,
            "9": 10.05,
            "10": 10.100000000000001,
            "11": 10.23,
            "12": 9.969999999999999,
            "13": 10.0,
            "14": 9.98,
            "15": 10.0,
            "16": 10.02,
            "17": 9.969999999999999,
            "18": 9.99,
            "19": 10.11,
            "20": 10.07,
            "21": 10.040000000000001,
            "22": 9.99,
            "23": 10.190000000000001,
            "24": 10.01,
            "25": 9.959999999999999,
            "26": 10.100000000000001,
            "27": 9.82,
            "28": 10.0,
            "29": 10.05,
            "30": 10.17,
            "31": 10.05,
            "32": 10.17,
            "33": 10.2,
            "34": 10.25,
            "35": 10.040000000000001,
            "36": 10.08,
            "37": 10.01,
            "38": 10.040000000000001,
            "39": 10.22,
            "40": 10.07,
            "41": 10.100000000000001,
            "42": 10.02,
            "43": 10.07,
            "44": 10.0,
            "45": 10.01,
            "46": 10.100000000000001,
            "47": 10.16,
            "48": 10.16,
            "49": 10.02,
            "50": 10.13,
            "51": 10.280000000000001,
            "52": 10.13,
            "53": 10.15,
            "54": 9.98,
            "55": 10.14,
            "56": 10.05,
            "57": 10.11,
            "58": 10.059999999999999,
            "59": 10.02
        },
        "acc_test_distilled": {
            "0": 10.24,
            "1": 9.92,
            "2": 10.01,
            "3": 10.18,
            "4": 10.23,
            "5": 10.040000000000001,
            "6": 10.17,
            "7": 10.209999999999999,
            "8": 10.11,
            "9": 10.14,
            "10": 10.01,
            "11": 10.01,
            "12": 10.12,
            "13": 10.22,
            "14": 10.100000000000001,
            "15": 10.12,
            "16": 10.16,
            "17": 10.14,
            "18": 10.100000000000001,
            "19": 9.9,
            "20": 10.190000000000001,
            "21": 10.02,
            "22": 10.040000000000001,
            "23": 10.36,
            "24": 10.24,
            "25": 10.059999999999999,
            "26": 10.15,
            "27": 10.14,
            "28": 10.13,
            "29": 9.959999999999999,
            "30": 10.09,
            "31": 10.059999999999999,
            "32": 10.02,
            "33": 10.11,
            "34": 10.11,
            "35": 9.99,
            "36": 10.059999999999999,
            "37": 10.02,
            "38": 10.13,
            "39": 10.25,
            "40": 10.31,
            "41": 10.08,
            "42": 10.02,
            "43": 10.12,
            "44": 10.12,
            "45": 10.14,
            "46": 9.879999999999999,
            "47": 9.99,
            "48": 10.24,
            "49": 10.17,
            "50": 10.190000000000001,
            "51": 10.11,
            "52": 9.93,
            "53": 10.01,
            "54": 10.07,
            "55": 10.07,
            "56": 9.93,
            "57": 9.85,
            "58": 10.2,
            "59": 10.040000000000001
        },
        "time_train_teacher": {
            "0": 13.594579458236694,
            "1": 13.743336200714111,
            "2": 13.776580572128296,
            "3": 13.781210660934448,
            "4": 13.708542823791504,
            "5": 13.719795942306519,
            "6": 13.697095394134521,
            "7": 13.782431840896606,
            "8": 13.858173608779907,
            "9": 13.753558158874512,
            "10": 13.665828704833984,
            "11": 13.784874200820923,
            "12": 13.705151319503784,
            "13": 13.723876953125,
            "14": 13.737155675888062,
            "15": 13.853925704956055,
            "16": 13.669309854507446,
            "17": 13.635894536972046,
            "18": 13.768609523773193,
            "19": 13.792265892028809,
            "20": 13.830496788024902,
            "21": 13.740662813186646,
            "22": 13.724615335464478,
            "23": 13.83198356628418,
            "24": 13.733174324035645,
            "25": 13.699586629867554,
            "26": 13.792870998382568,
            "27": 13.722975015640259,
            "28": 13.638840675354004,
            "29": 13.693861484527588,
            "30": 13.766705513000488,
            "31": 13.767678260803223,
            "32": 13.757293224334717,
            "33": 13.71089768409729,
            "34": 13.814650297164917,
            "35": 13.736238241195679,
            "36": 13.715905904769897,
            "37": 13.755223989486694,
            "38": 13.738309621810913,
            "39": 13.629001140594482,
            "40": 13.649996995925903,
            "41": 13.68288278579712,
            "42": 13.71919846534729,
            "43": 13.788902997970581,
            "44": 13.678593635559082,
            "45": 13.675813674926758,
            "46": 13.71150255203247,
            "47": 13.82613730430603,
            "48": 13.636548042297363,
            "49": 13.7545325756073,
            "50": 13.77091121673584,
            "51": 13.665260553359985,
            "52": 13.795680284500122,
            "53": 13.798443078994751,
            "54": 13.70374870300293,
            "55": 13.735140562057495,
            "56": 13.752164125442505,
            "57": 13.751900434494019,
            "58": 13.605331659317017,
            "59": 13.763850450515747
        },
        "time_train_student": {
            "0": 2.5018553733825684,
            "1": 2.52478289604187,
            "2": 2.538745164871216,
            "3": 2.5371994972229004,
            "4": 2.5250675678253174,
            "5": 2.5332186222076416,
            "6": 2.531863212585449,
            "7": 2.5360114574432373,
            "8": 2.533562660217285,
            "9": 2.524484395980835,
            "10": 2.52099871635437,
            "11": 2.530708074569702,
            "12": 2.5325140953063965,
            "13": 2.5308895111083984,
            "14": 2.529263734817505,