{
    "results": {
        "acc_test_teacher": {
            "0": 72.64,
            "1": 75.06,
            "2": 74.05000000000001,
            "3": 76.92,
            "4": 77.55,
            "5": 79.25,
            "6": 75.92,
            "7": 76.87,
            "8": 77.82,
            "9": 77.23,
            "10": 77.28,
            "11": 78.06,
            "12": 79.45,
            "13": 76.92,
            "14": 80.91000000000001,
            "15": 78.73,
            "16": 80.71000000000001,
            "17": 79.96,
            "18": 79.55,
            "19": 81.0,
            "20": 77.83,
            "21": 79.73,
            "22": 80.14,
            "23": 79.63,
            "24": 80.53,
            "25": 81.28999999999999,
            "26": 79.97999999999999,
            "27": 80.55,
            "28": 80.13,
            "29": 81.64,
            "30": 80.38,
            "31": 81.5,
            "32": 81.77,
            "33": 81.10000000000001,
            "34": 81.23,
            "35": 81.74,
            "36": 81.93,
            "37": 80.65,
            "38": 82.47,
            "39": 80.36999999999999,
            "40": 81.0,
            "41": 82.06,
            "42": 80.84,
            "43": 82.44,
            "44": 81.52000000000001,
            "45": 81.61,
            "46": 82.11,
            "47": 81.76,
            "48": 82.82000000000001,
            "49": 82.8,
            "50": 80.96,
            "51": 80.2,
            "52": 80.89,
            "53": 81.88,
            "54": 79.97999999999999,
            "55": 81.36,
            "56": 80.45,
            "57": 81.45,
            "58": 80.45,
            "59": 82.41000000000001
        },
        "acc_test_student": {
            "0": 74.85000000000001,
            "1": 72.76,
            "2": 68.63,
            "3": 75.35,
            "4": 74.41,
            "5": 75.92999999999999,
            "6": 73.28,
            "7": 72.72999999999999,
            "8": 74.68,
            "9": 72.94,
            "10": 74.67,
            "11": 74.3,
            "12": 76.61,
            "13": 76.35,
            "14": 73.26,
            "15": 77.34,
            "16": 76.51,
            "17": 77.09,
            "18": 76.9,
            "19": 76.52,
            "20": 75.59,
            "21": 75.6,
            "22": 78.36999999999999,
            "23": 75.44999999999999,
            "24": 73.63,
            "25": 76.13,
            "26": 79.97,
            "27": 78.23,
            "28": 78.03999999999999,
            "29": 78.77,
            "30": 76.8,
            "31": 78.45,
            "32": 73.14,
            "33": 77.64,
            "34": 77.14999999999999,
            "35": 78.89,
            "36": 79.27,
            "37": 75.3,
            "38": 77.56,
            "39": 77.89,
            "40": 78.16,
            "41": 78.71000000000001,
            "42": 78.89,
            "43": 77.21000000000001,
            "44": 79.02,
            "45": 76.77000000000001,
            "46": 77.3,
            "47": 78.19,
            "48": 78.12,
            "49": 77.39,
            "50": 78.28,
            "51": 74.68,
            "52": 77.0,
            "53": 80.07,
            "54": 78.14,
            "55": 77.18,
            "56": 77.02,
            "57": 79.94,
            "58": 78.74,
            "59": 75.61
        },
        "acc_test_distilled": {
            "0": 73.42999999999999,
            "1": 74.94,
            "2": 78.3,
            "3": 77.98,
            "4": 75.59,
            "5": 76.11,
            "6": 75.37,
            "7": 77.74,
            "8": 77.66999999999999,
            "9": 77.92999999999999,
            "10": 79.22,
            "11": 78.94,
            "12": 74.82,
            "13": 79.86,
            "14": 77.92999999999999,
            "15": 80.34,
            "16": 80.58999999999999,
            "17": 80.54,
            "18": 81.3,
            "19": 80.36999999999999,
            "20": 80.08,
            "21": 80.86,
            "22": 81.3,
            "23": 80.61,
            "24": 82.1,
            "25": 80.51,
            "26": 82.12,
            "27": 78.63,
            "28": 79.3,
            "29": 81.2,
            "30": 73.04,
            "31": 76.38000000000001,
            "32": 75.71,
            "33": 76.98,
            "34": 77.5,
            "35": 78.12,
            "36": 78.56,
            "37": 79.35,
            "38": 78.07,
            "39": 79.97,
            "40": 79.60000000000001,
            "41": 79.71000000000001,
            "42": 79.14999999999999,
            "43": 80.01,
            "44": 78.93,
            "45": 79.19,
            "46": 79.95,
            "47": 79.03999999999999,
            "48": 79.36999999999999,
            "49": 77.79,
            "50": 79.71000000000001,
            "51": 79.25,
            "52": 79.88,
            "53": 79.47999999999999,
            "54": 78.89,
            "55": 78.32000000000001,
            "56": 78.73,
            "57": 79.25,
            "58": 79.71000000000001,
            "59": 78.74
        },
        "time_train_teacher": {
            "0": 4.257517576217651,
            "1": 3.87628436088562,
            "2": 3.7909669876098633,
            "3": 3.7437562942504883,
            "4": 3.68971586227417,
            "5": 3.633857250213623,
            "6": 3.608612298965454,
            "7": 3.531977653503418,
            "8": 3.5240042209625244,
            "9": 3.4964661598205566,
            "10": 3.5038998126983643,
            "11": 3.4165637493133545,
            "12": 3.425104856491089,
            "13": 3.4533309936523438,
            "14": 3.4358773231506348,
            "15": 3.348850727081299,
            "16": 3.3439457416534424,
            "17": 3.3320109844207764,
            "18": 3.324150562286377,
            "19": 3.3246421813964844,
            "20": 3.305041551589966,
            "21": 3.326094150543213,
            "22": 3.3342487812042236,
            "23": 3.287104368209839,
            "24": 3.2755846977233887,
            "25": 3.2823028564453125,
            "26": 3.2715036869049072,
            "27": 3.241478681564331,
            "28": 3.2313907146453857,
            "29": 3.2325849533081055,
            "30": 3.1808111667633057,
            "31": 3.180168867111206,
            "32": 3.2112443447113037,
            "33": 3.189863443374634,
            "34": 3.2030622959136963,
            "35": 3.1635990142822266,
            "36": 3.1712682247161865,
            "37": 3.189548969268799,
            "38": 3.1606831550598145,
            "39": 3.185875654220581,
            "40": 3.166419506072998,
            "41": 3.1106808185577393,
            "42": 3.12585711479187,
            "43": 3.1323978900909424,
            "44": 3.135985851287842,
            "45": 3.14689040184021,
            "46": 3.1702489852905273,
            "47": 3.155245542526245,
            "48": 3.1207447052001953,
            "49": 3.1128950119018555,
            "50": 3.0992841720581055,
            "51": 3.112353801727295,
            "52": 3.110668897628784,
            "53": 3.099480390548706,
            "54": 3.1121721267700195,
            "55": 3.1178669929504395,
            "56": 3.072106122970581,
            "57": 3.106527328491211,
            "58": 3.0660014152526855,
            "59": 3.1081042289733887
        },
        "time_train_student": {
            "0": 0.7841968536376953,
            "1": 0.724266767501831,
            "2": 0.69582200050354,
            "3": 0.6890628337860107,
            "4": 0.665003776550293,
            "5": 0.6632094383239746,
            "6": 0.659085750579834,
            "7": 0.6519379615783691,
            "8": 0.6445784568786621,
            "9": 0.6433532238006592,
            "10": 0.638925313949585,
            "11": 0.6366784572601318,
            "12": 0.6385636329650879,
            "13": 0.6399221420288086,
            "14": 0.6333973407745361,
            "15": 0.6263091564178467,
            "16": 0.6293008327484131,