{
    "results": {
        "acc_test_teacher": {
            "0": 67.53,
            "1": 71.57,
            "2": 73.1,
            "3": 73.64,
            "4": 76.08,
            "5": 74.82,
            "6": 76.24,
            "7": 73.75,
            "8": 74.88,
            "9": 76.19,
            "10": 76.78,
            "11": 76.27000000000001,
            "12": 76.24,
            "13": 77.45,
            "14": 76.52,
            "15": 78.29,
            "16": 77.25,
            "17": 73.00999999999999,
            "18": 75.24,
            "19": 76.64,
            "20": 76.64,
            "21": 74.67,
            "22": 74.42,
            "23": 77.21000000000001,
            "24": 77.75999999999999,
            "25": 79.21000000000001,
            "26": 76.09,
            "27": 73.66,
            "28": 78.78,
            "29": 77.3,
            "30": 77.82,
            "31": 75.78,
            "32": 77.84,
            "33": 77.64,
            "34": 76.71,
            "35": 77.14999999999999,
            "36": 76.75999999999999,
            "37": 72.15,
            "38": 75.44999999999999,
            "39": 77.84,
            "40": 78.25,
            "41": 78.21000000000001,
            "42": 76.29,
            "43": 79.06,
            "44": 76.83,
            "45": 78.53,
            "46": 76.79,
            "47": 78.16,
            "48": 75.82,
            "49": 76.91,
            "50": 78.03999999999999,
            "51": 77.51,
            "52": 78.29,
            "53": 76.82,
            "54": 77.06,
            "55": 76.96,
            "56": 77.31,
            "57": 77.97,
            "58": 77.03,
            "59": 77.71000000000001
        },
        "acc_test_student": {
            "0": 71.81,
            "1": 72.75,
            "2": 73.08,
            "3": 75.59,
            "4": 73.71,
            "5": 74.03,
            "6": 75.18,
            "7": 74.22999999999999,
            "8": 77.66999999999999,
            "9": 75.02,
            "10": 77.86999999999999,
            "11": 76.29,
            "12": 76.9,
            "13": 75.84,
            "14": 76.73,
            "15": 75.99000000000001,
            "16": 76.31,
            "17": 74.35000000000001,
            "18": 78.25,
            "19": 77.48,
            "20": 75.97,
            "21": 75.14999999999999,
            "22": 76.05,
            "23": 76.39,
            "24": 72.36,
            "25": 77.49000000000001,
            "26": 76.13,
            "27": 74.22,
            "28": 78.21000000000001,
            "29": 76.07000000000001,
            "30": 76.61,
            "31": 74.97,
            "32": 75.98,
            "33": 76.25,
            "34": 77.45,
            "35": 77.35,
            "36": 72.44,
            "37": 77.64,
            "38": 75.42999999999999,
            "39": 76.03999999999999,
            "40": 76.44999999999999,
            "41": 77.45,
            "42": 76.33,
            "43": 77.49000000000001,
            "44": 76.71,
            "45": 76.71,
            "46": 77.21000000000001,
            "47": 75.14999999999999,
            "48": 78.25999999999999,
            "49": 76.62,
            "50": 78.12,
            "51": 77.71000000000001,
            "52": 75.79,
            "53": 76.32,
            "54": 75.22,
            "55": 78.02,
            "56": 75.99000000000001,
            "57": 77.82,
            "58": 78.73,
            "59": 76.36
        },
        "acc_test_distilled": {
            "0": 73.1,
            "1": 69.44,
            "2": 74.19,
            "3": 73.92,
            "4": 74.08,
            "5": 73.46000000000001,
            "6": 73.69,
            "7": 76.92999999999999,
            "8": 78.74,
            "9": 75.63,
            "10": 75.97,
            "11": 76.84,
            "12": 75.56,
            "13": 79.32000000000001,
            "14": 78.45,
            "15": 76.9,
            "16": 76.75,
            "17": 74.36,
            "18": 77.77,
            "19": 76.72,
            "20": 77.89,
            "21": 77.08,
            "22": 78.25,
            "23": 71.6,
            "24": 74.47,
            "25": 78.29,
            "26": 77.84,
            "27": 75.18,
            "28": 78.61,
            "29": 79.75,
            "30": 75.08,
            "31": 76.72,
            "32": 77.72,
            "33": 78.48,
            "34": 77.7,
            "35": 78.47,
            "36": 79.49000000000001,
            "37": 79.55,
            "38": 79.02,
            "39": 77.25,
            "40": 79.34,
            "41": 79.44,
            "42": 80.41,
            "43": 79.32000000000001,
            "44": 78.42,
            "45": 79.49000000000001,
            "46": 79.32000000000001,
            "47": 79.59,
            "48": 78.06,
            "49": 80.46,
            "50": 80.13,
            "51": 80.74,
            "52": 79.7,
            "53": 80.39,
            "54": 78.51,
            "55": 79.57,
            "56": 79.86,
            "57": 79.67999999999999,
            "58": 79.84,
            "59": 80.2
        },
        "time_train_teacher": {
            "0": 0.7902178764343262,
            "1": 0.7133097648620605,
            "2": 0.6872072219848633,
            "3": 0.686002254486084,
            "4": 0.677466630935669,
            "5": 0.6769328117370605,
            "6": 0.6540663242340088,
            "7": 0.6647176742553711,
            "8": 0.6448166370391846,
            "9": 0.645909309387207,
            "10": 0.6330933570861816,
            "11": 0.6357178688049316,
            "12": 0.6278781890869141,
            "13": 0.6277608871459961,
            "14": 0.6321477890014648,
            "15": 0.6241180896759033,
            "16": 0.6221935749053955,
            "17": 0.6123652458190918,
            "18": 0.6335158348083496,
            "19": 0.6258320808410645,
            "20": 0.6465165615081787,
            "21": 0.6096808910369873,
            "22": 0.6204321384429932,
            "23": 0.6179864406585693,
            "24": 0.6052014827728271,
            "25": 0.6184830665588379,
            "26": 0.6091156005859375,
            "27": 0.6069173812866211,
            "28": 0.606752872467041,
            "29": 0.6155943870544434,
            "30": 0.599320650100708,
            "31": 0.6156210899353027,
            "32": 0.609851598739624,
            "33": 0.6088855266571045,
            "34": 0.6117277145385742,
            "35": 0.6150038242340088,
            "36": 0.6143567562103271,
            "37": 0.606544017791748,
            "38": 0.6093206405639648,
            "39": 0.6007544994354248,
            "40": 0.6048510074615479,
            "41": 0.5969078540802002,
            "42": 0.6032359600067139,
            "43": 0.5985660552978516,
            "44": 0.5898082256317139,
            "45": 0.6112184524536133,
            "46": 0.5971910953521729,
            "47": 0.5962502956390381,
            "48": 0.6056234836578369,
            "49": 0.5888125896453857,
            "50": 0.5970454216003418,
            "51": 0.6082427501678467,
            "52": 0.592522144317627,
            "53": 0.6057162284851074,
            "54": 0.5967590808868408,
            "55": 0.5978913307189941,
            "56": 0.5944125652313232,
            "57": 0.6002624034881592,
            "58": 0.5829126834869385,
            "59": 0.604954719543457
        },
        "time_train_student": {
            "0": 0.37793397903442383,
            "1": 0.3339221477508545,
            "2": 0.32617640495300293,
            "3": 0.3308100700378418,
            "4": 0.32666826248168945,
            "5": 0.32166552543640137,
            "6": 0.3361189365386963,
            "7": 0.3159184455871582,
            "8": 0.34911537170410156,
            "9": 0.31823015213012695,
            "10": 0.31432652473449707,
            "11": 0.3298354148864746,
            "12": 0.31300902366638184,
            "13": 0.3175008296966553,
            "14": 0.32081127166748047,
            "15": 0.31610989570617676,