{
    "results": {
        "acc_test_teacher": {
            "0": 72.38,
            "1": 76.39,
            "2": 72.8,
            "3": 72.88,
            "4": 71.67999999999999,
            "5": 74.55000000000001,
            "6": 77.62,
            "7": 73.8,
            "8": 74.4,
            "9": 75.63,
            "10": 76.06,
            "11": 77.64999999999999,
            "12": 77.0,
            "13": 76.28,
            "14": 75.67,
            "15": 77.13,
            "16": 76.9,
            "17": 77.10000000000001,
            "18": 78.94,
            "19": 77.53,
            "20": 79.03,
            "21": 77.31,
            "22": 79.35,
            "23": 76.44,
            "24": 77.69,
            "25": 77.47,
            "26": 78.09,
            "27": 77.47,
            "28": 78.14,
            "29": 80.25,
            "30": 79.17,
            "31": 79.3,
            "32": 78.14999999999999,
            "33": 79.38,
            "34": 77.36,
            "35": 80.06,
            "36": 78.56,
            "37": 78.33,
            "38": 77.89,
            "39": 79.47999999999999,
            "40": 78.68,
            "41": 75.53,
            "42": 78.19,
            "43": 77.95,
            "44": 77.49000000000001,
            "45": 79.42,
            "46": 78.75999999999999,
            "47": 77.48,
            "48": 79.86999999999999,
            "49": 79.25,
            "50": 80.54,
            "51": 80.13,
            "52": 78.5,
            "53": 78.64999999999999,
            "54": 77.25,
            "55": 80.94,
            "56": 81.69,
            "57": 81.16,
            "58": 77.62,
            "59": 81.37
        },
        "acc_test_student": {
            "0": 71.96000000000001,
            "1": 69.83,
            "2": 74.67,
            "3": 72.24000000000001,
            "4": 75.52,
            "5": 76.69,
            "6": 73.50999999999999,
            "7": 76.09,
            "8": 74.82,
            "9": 74.95,
            "10": 78.36999999999999,
            "11": 76.53,
            "12": 75.44,
            "13": 73.24000000000001,
            "14": 76.25999999999999,
            "15": 77.29,
            "16": 75.58,
            "17": 75.76,
            "18": 77.68,
            "19": 77.4,
            "20": 77.07000000000001,
            "21": 77.60000000000001,
            "22": 77.66999999999999,
            "23": 77.2,
            "24": 76.42,
            "25": 78.24,
            "26": 78.02,
            "27": 78.36,
            "28": 78.09,
            "29": 75.11,
            "30": 76.37,
            "31": 77.91,
            "32": 76.03,
            "33": 73.09,
            "34": 77.74,
            "35": 75.64,
            "36": 74.99,
            "37": 77.45,
            "38": 75.98,
            "39": 75.53999999999999,
            "40": 74.89,
            "41": 77.95,
            "42": 76.48,
            "43": 77.89,
            "44": 76.88000000000001,
            "45": 76.75,
            "46": 77.45,
            "47": 76.8,
            "48": 76.42,
            "49": 76.02,
            "50": 78.42,
            "51": 77.16,
            "52": 75.31,
            "53": 76.94,
            "54": 72.86,
            "55": 77.25,
            "56": 75.78,
            "57": 73.74000000000001,
            "58": 77.12,
            "59": 77.21000000000001
        },
        "acc_test_distilled": {
            "0": 72.07000000000001,
            "1": 73.53,
            "2": 74.88,
            "3": 74.68,
            "4": 75.17,
            "5": 76.87,
            "6": 77.31,
            "7": 77.99000000000001,
            "8": 76.53,
            "9": 76.33,
            "10": 77.2,
            "11": 76.63,
            "12": 78.97,
            "13": 74.06,
            "14": 78.12,
            "15": 79.46,
            "16": 77.71000000000001,
            "17": 80.36,
            "18": 77.4,
            "19": 79.52,
            "20": 75.42,
            "21": 79.81,
            "22": 79.63,
            "23": 77.55,
            "24": 77.69,
            "25": 80.05,
            "26": 79.23,
            "27": 79.54,
            "28": 78.95,
            "29": 78.56,
            "30": 72.39,
            "31": 77.46,
            "32": 77.21000000000001,
            "33": 78.48,
            "34": 78.36,
            "35": 79.16,
            "36": 78.34,
            "37": 79.67,
            "38": 79.28,
            "39": 79.05,
            "40": 78.47,
            "41": 80.85,
            "42": 78.69,
            "43": 76.88000000000001,
            "44": 81.15,
            "45": 80.0,
            "46": 78.85,
            "47": 79.03,
            "48": 80.86,
            "49": 80.60000000000001,
            "50": 78.94,
            "51": 78.52,
            "52": 80.60000000000001,
            "53": 77.88000000000001,
            "54": 80.65,
            "55": 80.28,
            "56": 79.93,
            "57": 80.63,
            "58": 80.85,
            "59": 79.92
        },
        "time_train_teacher": {
            "0": 1.3257801532745361,
            "1": 1.1872494220733643,
            "2": 1.1356346607208252,
            "3": 1.1183502674102783,
            "4": 1.0998594760894775,
            "5": 1.0570058822631836,
            "6": 1.0734033584594727,
            "7": 1.0592896938323975,
            "8": 1.0366458892822266,
            "9": 1.0280427932739258,
            "10": 1.0296523571014404,
            "11": 1.0168585777282715,
            "12": 1.005932331085205,
            "13": 0.984971284866333,
            "14": 0.9943315982818604,
            "15": 1.0040216445922852,
            "16": 1.0057933330535889,
            "17": 0.9924218654632568,
            "18": 0.9942889213562012,
            "19": 0.9844520092010498,
            "20": 0.9929018020629883,
            "21": 0.9897594451904297,
            "22": 0.967151403427124,
            "23": 0.9807629585266113,
            "24": 0.9764719009399414,
            "25": 0.964564323425293,
            "26": 0.955967903137207,
            "27": 0.9747765064239502,
            "28": 0.9786434173583984,
            "29": 0.9605269432067871,
            "30": 0.9503114223480225,
            "31": 0.9516105651855469,
            "32": 0.9396400451660156,
            "33": 0.954735517501831,
            "34": 0.9496622085571289,
            "35": 0.9407472610473633,
            "36": 0.9329047203063965,
            "37": 0.9447231292724609,
            "38": 0.9380192756652832,
            "39": 0.936246395111084,
            "40": 0.9376649856567383,
            "41": 0.9167625904083252,
            "42": 0.9224488735198975,
            "43": 0.9167606830596924,
            "44": 0.9312863349914551,
            "45": 0.9221160411834717,
            "46": 0.919238805770874,
            "47": 0.9248905181884766,
            "48": 0.9158203601837158,
            "49": 0.926262378692627,
            "50": 0.9290778636932373,
            "51": 0.9080491065979004,
            "52": 0.9064757823944092,
            "53": 0.920907735824585,
            "54": 0.9168007373809814,
            "55": 0.9164140224456787,
            "56": 0.9010255336761475,
            "57": 0.8946406841278076,
            "58": 0.9138383865356445,
            "59": 0.9093070030212402
        },
        "time_train_student": {
            "0": 0.34248828887939453,
            "1": 0.32117700576782227,
            "2": 0.3191092014312744,
            "3": 0.3172581195831299,
            "4": 0.31136441230773926,
            "5": 0.3117351531982422,
            "6": 0.307544469833374,
            "7": 0.3217461109161377,
            "8": 0.30394625663757324,
            "9": 0.3079221248626709,
            "10": 0.3049013614654541,
            "11": 0.3058171272277832,
            "12": 0.30571603775024414,
            "13": 0.3051764965057373,
            "14": 0.30135297775268555,
            "15": 0.2986478805541992,
            "16": 0.3087348937988281,
            "17": 0.30353260040283203,