{
    "results": {
        "acc_test_teacher": {
            "0": 71.28,
            "1": 71.67,
            "2": 70.32000000000001,
            "3": 76.52,
            "4": 75.94999999999999,
            "5": 75.53,
            "6": 74.98,
            "7": 74.52,
            "8": 77.0,
            "9": 74.59,
            "10": 77.72,
            "11": 76.61,
            "12": 77.75,
            "13": 76.4,
            "14": 77.37,
            "15": 77.73,
            "16": 75.99000000000001,
            "17": 78.42,
            "18": 78.28,
            "19": 76.7,
            "20": 78.12,
            "21": 78.46,
            "22": 77.97,
            "23": 77.45,
            "24": 78.39,
            "25": 77.85,
            "26": 79.99000000000001,
            "27": 78.4,
            "28": 77.33,
            "29": 78.64,
            "30": 78.39,
            "31": 76.35,
            "32": 74.95,
            "33": 78.97,
            "34": 77.25999999999999,
            "35": 78.84,
            "36": 80.27,
            "37": 78.56,
            "38": 80.17,
            "39": 77.77,
            "40": 78.8,
            "41": 78.2,
            "42": 79.07,
            "43": 78.67,
            "44": 79.05,
            "45": 79.84,
            "46": 78.56,
            "47": 79.07,
            "48": 80.17999999999999,
            "49": 78.8,
            "50": 79.77,
            "51": 77.36,
            "52": 78.86999999999999,
            "53": 79.71000000000001,
            "54": 80.11,
            "55": 80.08999999999999,
            "56": 80.08999999999999,
            "57": 80.65,
            "58": 79.63,
            "59": 79.84
        },
        "acc_test_student": {
            "0": 72.88,
            "1": 72.46000000000001,
            "2": 75.2,
            "3": 75.96000000000001,
            "4": 75.86,
            "5": 73.78,
            "6": 73.42999999999999,
            "7": 76.4,
            "8": 76.16000000000001,
            "9": 76.11,
            "10": 76.81,
            "11": 74.91,
            "12": 76.82,
            "13": 77.0,
            "14": 78.66,
            "15": 76.4,
            "16": 75.82,
            "17": 75.14,
            "18": 75.19,
            "19": 76.38000000000001,
            "20": 77.13,
            "21": 76.6,
            "22": 76.35,
            "23": 73.99,
            "24": 77.11,
            "25": 78.10000000000001,
            "26": 72.82,
            "27": 75.74,
            "28": 78.08,
            "29": 77.14999999999999,
            "30": 77.18,
            "31": 74.92,
            "32": 75.99000000000001,
            "33": 72.89,
            "34": 77.53,
            "35": 75.29,
            "36": 77.21000000000001,
            "37": 76.33,
            "38": 75.92999999999999,
            "39": 74.8,
            "40": 78.35,
            "41": 76.69,
            "42": 74.85000000000001,
            "43": 74.59,
            "44": 77.19,
            "45": 78.36999999999999,
            "46": 76.6,
            "47": 74.64,
            "48": 75.96000000000001,
            "49": 77.19,
            "50": 77.0,
            "51": 74.8,
            "52": 77.75999999999999,
            "53": 74.05000000000001,
            "54": 77.33,
            "55": 77.66999999999999,
            "56": 76.37,
            "57": 74.88,
            "58": 76.23,
            "59": 78.0
        },
        "acc_test_distilled": {
            "0": 73.11999999999999,
            "1": 76.23,
            "2": 74.26,
            "3": 71.0,
            "4": 76.67,
            "5": 75.16000000000001,
            "6": 73.22,
            "7": 74.33999999999999,
            "8": 78.38000000000001,
            "9": 77.52,
            "10": 77.39,
            "11": 75.69,
            "12": 77.55,
            "13": 77.42999999999999,
            "14": 78.12,
            "15": 76.46,
            "16": 77.29,
            "17": 79.0,
            "18": 78.05,
            "19": 77.92,
            "20": 74.44,
            "21": 80.13,
            "22": 75.99000000000001,
            "23": 78.75999999999999,
            "24": 79.39,
            "25": 78.78,
            "26": 77.74,
            "27": 79.11,
            "28": 77.48,
            "29": 80.39,
            "30": 75.35,
            "31": 76.89,
            "32": 78.69,
            "33": 78.81,
            "34": 78.86999999999999,
            "35": 79.55,
            "36": 80.58,
            "37": 79.17999999999999,
            "38": 78.93,
            "39": 78.28,
            "40": 80.44,
            "41": 78.88,
            "42": 81.08999999999999,
            "43": 80.06,
            "44": 81.16,
            "45": 78.64999999999999,
            "46": 78.46,
            "47": 81.39,
            "48": 79.08,
            "49": 80.7,
            "50": 78.88,
            "51": 79.25,
            "52": 79.85,
            "53": 80.36999999999999,
            "54": 80.16,
            "55": 80.39,
            "56": 81.19,
            "57": 79.03,
            "58": 80.78,
            "59": 80.06
        },
        "time_train_teacher": {
            "0": 1.35752272605896,
            "1": 1.2190473079681396,
            "2": 1.1802611351013184,
            "3": 1.137678861618042,
            "4": 1.1262321472167969,
            "5": 1.1167924404144287,
            "6": 1.0914759635925293,
            "7": 1.0923926830291748,
            "8": 1.0958383083343506,
            "9": 1.0504579544067383,
            "10": 1.0785353183746338,
            "11": 1.0368635654449463,
            "12": 1.034656047821045,
            "13": 1.0226550102233887,
            "14": 1.0479371547698975,
            "15": 1.034050703048706,
            "16": 1.0574777126312256,
            "17": 1.0345356464385986,
            "18": 1.0255649089813232,
            "19": 1.0013046264648438,
            "20": 1.0163183212280273,
            "21": 1.0060980319976807,
            "22": 1.0145413875579834,
            "23": 0.9925491809844971,
            "24": 0.9865555763244629,
            "25": 0.9694161415100098,
            "26": 0.9955379962921143,
            "27": 0.9939148426055908,
            "28": 0.9810607433319092,
            "29": 0.9684925079345703,
            "30": 0.982630729675293,
            "31": 0.9757237434387207,
            "32": 0.9512307643890381,
            "33": 0.9458026885986328,
            "34": 0.9546878337860107,
            "35": 0.9632933139801025,
            "36": 0.9373583793640137,
            "37": 0.9584145545959473,
            "38": 0.9532780647277832,
            "39": 0.9632608890533447,
            "40": 0.949500560760498,
            "41": 0.9483249187469482,
            "42": 0.9453835487365723,
            "43": 0.9410369396209717,
            "44": 0.9488534927368164,
            "45": 0.934126615524292,
            "46": 0.9416723251342773,
            "47": 0.9598591327667236,
            "48": 0.940570592880249,
            "49": 0.9520606994628906,
            "50": 0.9384059906005859,
            "51": 0.9361538887023926,
            "52": 0.9349391460418701,
            "53": 0.9254462718963623,
            "54": 0.9332606792449951,
            "55": 0.9335134029388428,
            "56": 0.9370014667510986,
            "57": 0.9413936138153076,
            "58": 0.9200067520141602,
            "59": 0.9099698066711426
        },
        "time_train_student": {
            "0": 0.36624765396118164,
            "1": 0.327608585357666,
            "2": 0.3243081569671631,
            "3": 0.3216590881347656,
            "4": 0.3220987319946289,
            "5": 0.32445693016052246,
            "6": 0.31758999824523926,
            "7": 0.32412123680114746,
            "8": 0.31722068786621094,
            "9": 0.31627869606018066,
            "10": 0.32208728790283203,
            "11": 0.31166863441467285,
            "12": 0.31334519386291504,
            "13": 0.3178226947784424,
            "14": 0.3136448860168457,
            "15": 0.31043291091918945,