{
    "results": {
        "acc_test_teacher": {
            "0": 70.49,
            "1": 76.48,
            "2": 76.79,
            "3": 76.62,
            "4": 76.81,
            "5": 73.71,
            "6": 75.56,
            "7": 77.46,
            "8": 77.11,
            "9": 79.07,
            "10": 78.14999999999999,
            "11": 77.39,
            "12": 76.03999999999999,
            "13": 79.61,
            "14": 77.41,
            "15": 78.35,
            "16": 78.69,
            "17": 79.57,
            "18": 78.8,
            "19": 79.53,
            "20": 79.57,
            "21": 82.38,
            "22": 80.05,
            "23": 80.76,
            "24": 79.53,
            "25": 81.16,
            "26": 79.67999999999999,
            "27": 80.65,
            "28": 80.73,
            "29": 80.89,
            "30": 81.46,
            "31": 79.17,
            "32": 79.95,
            "33": 80.92,
            "34": 80.32000000000001,
            "35": 79.88,
            "36": 79.74,
            "37": 80.38,
            "38": 80.07,
            "39": 80.35,
            "40": 81.65,
            "41": 80.58999999999999,
            "42": 80.83,
            "43": 81.71000000000001,
            "44": 79.62,
            "45": 81.97,
            "46": 80.2,
            "47": 81.14,
            "48": 81.16,
            "49": 80.55,
            "50": 81.25,
            "51": 82.22,
            "52": 82.13000000000001,
            "53": 81.36,
            "54": 82.32000000000001,
            "55": 80.86,
            "56": 80.52,
            "57": 82.05,
            "58": 82.03,
            "59": 81.51
        },
        "acc_test_student": {
            "0": 76.25,
            "1": 72.39,
            "2": 75.06,
            "3": 72.96000000000001,
            "4": 72.43,
            "5": 73.32,
            "6": 74.92999999999999,
            "7": 76.2,
            "8": 70.39999999999999,
            "9": 76.59,
            "10": 76.89,
            "11": 73.36,
            "12": 72.89,
            "13": 76.09,
            "14": 74.92999999999999,
            "15": 76.96,
            "16": 74.14,
            "17": 77.68,
            "18": 75.92,
            "19": 77.79,
            "20": 76.74,
            "21": 76.1,
            "22": 75.37,
            "23": 77.42999999999999,
            "24": 77.56,
            "25": 77.79,
            "26": 78.19,
            "27": 75.66000000000001,
            "28": 74.13,
            "29": 73.06,
            "30": 73.85000000000001,
            "31": 77.03,
            "32": 74.33,
            "33": 76.23,
            "34": 76.95,
            "35": 77.09,
            "36": 78.56,
            "37": 76.92999999999999,
            "38": 77.46,
            "39": 77.68,
            "40": 78.23,
            "41": 76.01,
            "42": 78.51,
            "43": 77.7,
            "44": 78.45,
            "45": 76.01,
            "46": 78.74,
            "47": 79.16,
            "48": 77.45,
            "49": 77.79,
            "50": 77.39,
            "51": 77.55,
            "52": 78.39,
            "53": 77.52,
            "54": 76.64999999999999,
            "55": 79.2,
            "56": 80.42,
            "57": 76.46,
            "58": 76.84,
            "59": 77.49000000000001
        },
        "acc_test_distilled": {
            "0": 71.89,
            "1": 74.82,
            "2": 77.10000000000001,
            "3": 76.01,
            "4": 76.37,
            "5": 74.89,
            "6": 78.32000000000001,
            "7": 77.11,
            "8": 76.35,
            "9": 77.83,
            "10": 77.49000000000001,
            "11": 77.5,
            "12": 75.42999999999999,
            "13": 78.07,
            "14": 80.7,
            "15": 79.79,
            "16": 78.62,
            "17": 79.08,
            "18": 78.72,
            "19": 79.88,
            "20": 78.55,
            "21": 80.4,
            "22": 78.55,
            "23": 79.36,
            "24": 80.97999999999999,
            "25": 79.52,
            "26": 78.97999999999999,
            "27": 79.51,
            "28": 80.0,
            "29": 81.3,
            "30": 74.46000000000001,
            "31": 75.69,
            "32": 78.63,
            "33": 78.48,
            "34": 78.41,
            "35": 78.73,
            "36": 79.05,
            "37": 79.7,
            "38": 79.01,
            "39": 79.33,
            "40": 78.85,
            "41": 78.61,
            "42": 78.66,
            "43": 80.32000000000001,
            "44": 79.83,
            "45": 78.89,
            "46": 79.82000000000001,
            "47": 78.9,
            "48": 80.64,
            "49": 80.86,
            "50": 80.93,
            "51": 79.97999999999999,
            "52": 79.71000000000001,
            "53": 80.87,
            "54": 80.41,
            "55": 80.25999999999999,
            "56": 81.56,
            "57": 80.53,
            "58": 80.51,
            "59": 81.23
        },
        "time_train_teacher": {
            "0": 2.47151517868042,
            "1": 2.1990036964416504,
            "2": 2.1243603229522705,
            "3": 2.0765810012817383,
            "4": 2.0494017601013184,
            "5": 1.9825870990753174,
            "6": 2.0044894218444824,
            "7": 1.9804129600524902,
            "8": 1.9547693729400635,
            "9": 1.8916823863983154,
            "10": 1.8795361518859863,
            "11": 1.896975040435791,
            "12": 1.8298907279968262,
            "13": 1.8716940879821777,
            "14": 1.8407344818115234,
            "15": 1.8246653079986572,
            "16": 1.792198657989502,
            "17": 1.7821834087371826,
            "18": 1.852766990661621,
            "19": 1.7815914154052734,
            "20": 1.7676241397857666,
            "21": 1.7727265357971191,
            "22": 1.7358691692352295,
            "23": 1.7347586154937744,
            "24": 1.7519066333770752,
            "25": 1.7334110736846924,
            "26": 1.7562475204467773,
            "27": 1.6920945644378662,
            "28": 1.7289433479309082,
            "29": 1.717743158340454,
            "30": 1.7275168895721436,
            "31": 1.6938083171844482,
            "32": 1.709263563156128,
            "33": 1.6899967193603516,
            "34": 1.6941564083099365,
            "35": 1.6910178661346436,
            "36": 1.6828422546386719,
            "37": 1.6866068840026855,
            "38": 1.6568279266357422,
            "39": 1.6533727645874023,
            "40": 1.6765625476837158,
            "41": 1.6497180461883545,
            "42": 1.6668038368225098,
            "43": 1.6688284873962402,
            "44": 1.6745073795318604,
            "45": 1.6505093574523926,
            "46": 1.6431608200073242,
            "47": 1.6453197002410889,
            "48": 1.6601011753082275,
            "49": 1.6233351230621338,
            "50": 1.647040605545044,
            "51": 1.627873182296753,
            "52": 1.6026039123535156,
            "53": 1.651987075805664,
            "54": 1.6450121402740479,
            "55": 1.619840145111084,
            "56": 1.6407263278961182,
            "57": 1.606623649597168,
            "58": 1.604560136795044,
            "59": 1.6371731758117676
        },
        "time_train_student": {
            "0": 0.7727081775665283,
            "1": 0.7098634243011475,
            "2": 0.7131881713867188,
            "3": 0.6827294826507568,
            "4": 0.6673274040222168,
            "5": 0.6624925136566162,
            "6": 0.6607770919799805,
            "7": 0.6595230102539062,
            "8": 0.6504216194152832,
            "9": 0.6369554996490479,
            "10": 0.6537625789642334,
            "11": 0.6474995613098145,
            "12": 0.6403586864471436,
            "13": 0.6390581130981445,
            "14": 0.6364364624023438,
            "15": 0.6392204761505127,
            "16": 0.6281213760375977,
            "17": 0.6240122318267822,
            "18": 0.6343140602111816,