{
    "results": {
        "acc_test_teacher": {
            "0": 71.88,
            "1": 72.89,
            "2": 75.32,
            "3": 75.57000000000001,
            "4": 76.95,
            "5": 77.39,
            "6": 78.45,
            "7": 76.44,
            "8": 75.86,
            "9": 77.57,
            "10": 78.03999999999999,
            "11": 79.01,
            "12": 78.83,
            "13": 78.78,
            "14": 79.54,
            "15": 79.67,
            "16": 79.69000000000001,
            "17": 79.94,
            "18": 79.03999999999999,
            "19": 77.9,
            "20": 79.55,
            "21": 79.12,
            "22": 80.5,
            "23": 79.89,
            "24": 81.71000000000001,
            "25": 81.58,
            "26": 80.12,
            "27": 79.59,
            "28": 80.12,
            "29": 80.32000000000001,
            "30": 79.59,
            "31": 77.44,
            "32": 79.67,
            "33": 80.43,
            "34": 79.36,
            "35": 80.97999999999999,
            "36": 81.2,
            "37": 81.84,
            "38": 81.36,
            "39": 80.4,
            "40": 81.04,
            "41": 80.52,
            "42": 81.64,
            "43": 81.6,
            "44": 81.51,
            "45": 76.14999999999999,
            "46": 80.69,
            "47": 81.34,
            "48": 81.49,
            "49": 81.65,
            "50": 80.71000000000001,
            "51": 81.37,
            "52": 82.01,
            "53": 80.31,
            "54": 80.15,
            "55": 80.15,
            "56": 80.4,
            "57": 80.94,
            "58": 80.32000000000001,
            "59": 80.64
        },
        "acc_test_student": {
            "0": 71.88,
            "1": 72.94,
            "2": 74.15,
            "3": 73.18,
            "4": 75.59,
            "5": 75.26,
            "6": 72.87,
            "7": 74.0,
            "8": 75.92,
            "9": 74.72999999999999,
            "10": 76.23,
            "11": 76.89,
            "12": 75.01,
            "13": 76.57000000000001,
            "14": 76.75,
            "15": 76.09,
            "16": 78.58000000000001,
            "17": 79.22,
            "18": 78.69,
            "19": 76.92999999999999,
            "20": 78.12,
            "21": 78.06,
            "22": 78.01,
            "23": 78.03999999999999,
            "24": 74.33999999999999,
            "25": 75.38,
            "26": 76.78,
            "27": 76.58,
            "28": 77.31,
            "29": 78.28,
            "30": 77.92999999999999,
            "31": 77.05,
            "32": 78.17,
            "33": 75.75,
            "34": 78.7,
            "35": 75.91,
            "36": 77.0,
            "37": 77.21000000000001,
            "38": 76.34,
            "39": 78.53999999999999,
            "40": 78.24,
            "41": 79.72,
            "42": 77.99000000000001,
            "43": 79.10000000000001,
            "44": 79.27,
            "45": 76.08,
            "46": 77.91,
            "47": 79.41,
            "48": 76.4,
            "49": 80.67999999999999,
            "50": 78.47,
            "51": 77.27000000000001,
            "52": 77.37,
            "53": 76.52,
            "54": 79.17,
            "55": 79.61,
            "56": 76.79,
            "57": 77.28,
            "58": 79.86,
            "59": 77.21000000000001
        },
        "acc_test_distilled": {
            "0": 69.43,
            "1": 71.13000000000001,
            "2": 72.7,
            "3": 76.42999999999999,
            "4": 75.99000000000001,
            "5": 77.2,
            "6": 76.79,
            "7": 74.72,
            "8": 76.53999999999999,
            "9": 79.7,
            "10": 78.7,
            "11": 78.35,
            "12": 78.79,
            "13": 76.91,
            "14": 78.29,
            "15": 78.22,
            "16": 77.69,
            "17": 79.5,
            "18": 79.63,
            "19": 78.88,
            "20": 77.03999999999999,
            "21": 79.58,
            "22": 80.54,
            "23": 78.47,
            "24": 78.36999999999999,
            "25": 79.58,
            "26": 79.08,
            "27": 78.82000000000001,
            "28": 79.54,
            "29": 79.81,
            "30": 74.31,
            "31": 75.26,
            "32": 75.92,
            "33": 76.08,
            "34": 77.68,
            "35": 77.05,
            "36": 76.14,
            "37": 79.22,
            "38": 79.47,
            "39": 78.12,
            "40": 79.39,
            "41": 79.67999999999999,
            "42": 79.74,
            "43": 79.84,
            "44": 79.99000000000001,
            "45": 79.81,
            "46": 77.44,
            "47": 77.66,
            "48": 80.21000000000001,
            "49": 79.67999999999999,
            "50": 80.21000000000001,
            "51": 79.82000000000001,
            "52": 79.88,
            "53": 81.53,
            "54": 81.38,
            "55": 80.06,
            "56": 80.25,
            "57": 80.69,
            "58": 80.73,
            "59": 78.93
        },
        "time_train_teacher": {
            "0": 2.9127883911132812,
            "1": 2.647343873977661,
            "2": 2.5743978023529053,
            "3": 2.5530107021331787,
            "4": 2.497882127761841,
            "5": 2.470707654953003,
            "6": 2.4432225227355957,
            "7": 2.464247941970825,
            "8": 2.410808563232422,
            "9": 2.3799548149108887,
            "10": 2.3985841274261475,
            "11": 2.3567259311676025,
            "12": 2.344576358795166,
            "13": 2.318096160888672,
            "14": 2.3576645851135254,
            "15": 2.2950210571289062,
            "16": 2.281254529953003,
            "17": 2.3386220932006836,
            "18": 2.2869317531585693,
            "19": 2.3119373321533203,
            "20": 2.271770477294922,
            "21": 2.2454845905303955,
            "22": 2.2892849445343018,
            "23": 2.2949838638305664,
            "24": 2.2673816680908203,
            "25": 2.2416625022888184,
            "26": 2.2176451683044434,
            "27": 2.2247722148895264,
            "28": 2.2440602779388428,
            "29": 2.252816915512085,
            "30": 2.2174060344696045,
            "31": 2.2398970127105713,
            "32": 2.236119508743286,
            "33": 2.2126758098602295,
            "34": 2.171703338623047,
            "35": 2.193331241607666,
            "36": 2.1962289810180664,
            "37": 2.176391839981079,
            "38": 2.187037706375122,
            "39": 2.194620132446289,
            "40": 2.2074949741363525,
            "41": 2.1661133766174316,
            "42": 2.163597583770752,
            "43": 2.1708106994628906,
            "44": 2.1542108058929443,
            "45": 2.170433521270752,
            "46": 2.160475730895996,
            "47": 2.1839284896850586,
            "48": 2.162992000579834,
            "49": 2.1667072772979736,
            "50": 2.1658425331115723,
            "51": 2.15388560295105,
            "52": 2.1564102172851562,
            "53": 2.149528741836548,
            "54": 2.121227502822876,
            "55": 2.1467247009277344,
            "56": 2.1582882404327393,
            "57": 2.1627678871154785,
            "58": 2.1470372676849365,
            "59": 2.1371281147003174
        },
        "time_train_student": {
            "0": 0.781425952911377,
            "1": 0.712888240814209,
            "2": 0.7047994136810303,
            "3": 0.7087690830230713,
            "4": 0.6662507057189941,
            "5": 0.671297550201416,
            "6": 0.6612534523010254,
            "7": 0.644171953201294,
            "8": 0.6432657241821289,
            "9": 0.6429226398468018,
            "10": 0.6413037776947021,
            "11": 0.6284830570220947,
            "12": 0.6331868171691895,
            "13": 0.633091926574707,
            "14": 0.6277854442596436,
            "15": 0.6304666996002197,
            "16": 0.6415913105010986,