{
    "results": {
        "acc_test_teacher": {
            "0": 73.3,
            "1": 70.23,
            "2": 76.03,
            "3": 71.17,
            "4": 73.47,
            "5": 70.83,
            "6": 77.08,
            "7": 75.17,
            "8": 77.10000000000001,
            "9": 75.96000000000001,
            "10": 77.10000000000001,
            "11": 77.52,
            "12": 74.48,
            "13": 76.82,
            "14": 75.85,
            "15": 78.73,
            "16": 77.37,
            "17": 77.18,
            "18": 78.45,
            "19": 75.63,
            "20": 76.53999999999999,
            "21": 76.99000000000001,
            "22": 75.22,
            "23": 78.13,
            "24": 77.21000000000001,
            "25": 75.11,
            "26": 79.51,
            "27": 78.69,
            "28": 79.0,
            "29": 76.74,
            "30": 77.38000000000001,
            "31": 78.5,
            "32": 78.83,
            "33": 77.33,
            "34": 77.33,
            "35": 77.06,
            "36": 75.38,
            "37": 76.03,
            "38": 78.23,
            "39": 76.35,
            "40": 77.61,
            "41": 77.68,
            "42": 75.83,
            "43": 78.94,
            "44": 77.36,
            "45": 74.88,
            "46": 79.47999999999999,
            "47": 79.43,
            "48": 79.19,
            "49": 77.49000000000001,
            "50": 77.47,
            "51": 77.63,
            "52": 76.29,
            "53": 77.14,
            "54": 76.11,
            "55": 76.68,
            "56": 76.78,
            "57": 77.92999999999999,
            "58": 76.46,
            "59": 77.42999999999999
        },
        "acc_test_student": {
            "0": 71.58,
            "1": 75.18,
            "2": 70.55,
            "3": 75.24,
            "4": 75.72,
            "5": 75.07000000000001,
            "6": 76.97,
            "7": 74.3,
            "8": 75.41,
            "9": 75.19,
            "10": 74.77000000000001,
            "11": 77.38000000000001,
            "12": 76.55,
            "13": 74.7,
            "14": 75.59,
            "15": 73.83,
            "16": 78.02,
            "17": 75.39,
            "18": 75.44,
            "19": 73.89,
            "20": 77.98,
            "21": 76.72,
            "22": 76.75999999999999,
            "23": 76.18,
            "24": 75.0,
            "25": 76.3,
            "26": 75.41,
            "27": 78.25999999999999,
            "28": 73.58,
            "29": 78.29,
            "30": 76.57000000000001,
            "31": 78.14,
            "32": 77.19,
            "33": 76.41,
            "34": 73.75,
            "35": 76.36,
            "36": 76.6,
            "37": 75.91,
            "38": 77.55,
            "39": 77.42999999999999,
            "40": 75.2,
            "41": 78.25999999999999,
            "42": 76.58,
            "43": 74.33999999999999,
            "44": 75.22999999999999,
            "45": 75.3,
            "46": 76.82,
            "47": 78.91,
            "48": 74.64,
            "49": 76.75,
            "50": 78.43,
            "51": 76.38000000000001,
            "52": 76.6,
            "53": 78.43,
            "54": 78.44,
            "55": 76.6,
            "56": 76.32,
            "57": 75.86,
            "58": 77.48,
            "59": 75.12
        },
        "acc_test_distilled": {
            "0": 72.39,
            "1": 76.19,
            "2": 74.33999999999999,
            "3": 75.14999999999999,
            "4": 74.97,
            "5": 75.69,
            "6": 73.87,
            "7": 74.25,
            "8": 75.27000000000001,
            "9": 74.66000000000001,
            "10": 75.26,
            "11": 75.07000000000001,
            "12": 76.63,
            "13": 74.38,
            "14": 75.36,
            "15": 75.97,
            "16": 76.25,
            "17": 77.02,
            "18": 76.28,
            "19": 75.02,
            "20": 74.4,
            "21": 74.8,
            "22": 75.78,
            "23": 78.3,
            "24": 78.2,
            "25": 76.36,
            "26": 78.28,
            "27": 74.81,
            "28": 76.42999999999999,
            "29": 77.52,
            "30": 75.81,
            "31": 78.42,
            "32": 78.63,
            "33": 78.79,
            "34": 77.62,
            "35": 78.69,
            "36": 80.06,
            "37": 78.64999999999999,
            "38": 79.7,
            "39": 79.16,
            "40": 78.75,
            "41": 78.38000000000001,
            "42": 78.91,
            "43": 79.45,
            "44": 79.81,
            "45": 79.53,
            "46": 80.13,
            "47": 78.88,
            "48": 79.52,
            "49": 78.61,
            "50": 79.71000000000001,
            "51": 79.10000000000001,
            "52": 76.6,
            "53": 78.7,
            "54": 80.08999999999999,
            "55": 79.16,
            "56": 79.05,
            "57": 79.5,
            "58": 79.02,
            "59": 78.89
        },
        "time_train_teacher": {
            "0": 0.7683939933776855,
            "1": 0.7134671211242676,
            "2": 0.6863000392913818,
            "3": 0.6792075634002686,
            "4": 0.6713039875030518,
            "5": 0.6575155258178711,
            "6": 0.6566321849822998,
            "7": 0.6542618274688721,
            "8": 0.6439652442932129,
            "9": 0.628319263458252,
            "10": 0.6230370998382568,
            "11": 0.6272091865539551,
            "12": 0.6180830001831055,
            "13": 0.6247172355651855,
            "14": 0.6178510189056396,
            "15": 0.6215221881866455,
            "16": 0.6134638786315918,
            "17": 0.5975759029388428,
            "18": 0.6142697334289551,
            "19": 0.6065795421600342,
            "20": 0.6018233299255371,
            "21": 0.6055169105529785,
            "22": 0.6025230884552002,
            "23": 0.6104640960693359,
            "24": 0.6204438209533691,
            "25": 0.6081550121307373,
            "26": 0.6131577491760254,
            "27": 0.5937314033508301,
            "28": 0.6056857109069824,
            "29": 0.5988361835479736,
            "30": 0.6099989414215088,
            "31": 0.6037905216217041,
            "32": 0.596503496170044,
            "33": 0.5968964099884033,
            "34": 0.5869448184967041,
            "35": 0.6098859310150146,
            "36": 0.5985317230224609,
            "37": 0.6062943935394287,
            "38": 0.583256721496582,
            "39": 0.5819277763366699,
            "40": 0.5924170017242432,
            "41": 0.587979793548584,
            "42": 0.5860884189605713,
            "43": 0.5855920314788818,
            "44": 0.579395055770874,
            "45": 0.587956428527832,
            "46": 0.5932025909423828,
            "47": 0.5842931270599365,
            "48": 0.595609188079834,
            "49": 0.5803854465484619,
            "50": 0.5754392147064209,
            "51": 0.5959665775299072,
            "52": 0.5821194648742676,
            "53": 0.5731260776519775,
            "54": 0.5808672904968262,
            "55": 0.5909261703491211,
            "56": 0.5773525238037109,
            "57": 0.5849308967590332,
            "58": 0.5761239528656006,
            "59": 0.5760595798492432
        },
        "time_train_student": {
            "0": 0.3383781909942627,
            "1": 0.3299832344055176,
            "2": 0.31778573989868164,
            "3": 0.32239603996276855,
            "4": 0.318270206451416,
            "5": 0.3082540035247803,
            "6": 0.31276392936706543,
            "7": 0.3067307472229004,
            "8": 0.3055388927459717,
            "9": 0.317105770111084,
            "10": 0.31000638008117676,
            "11": 0.31476831436157227,
            "12": 0.30615830421447754,
            "13": 0.3028564453125,
            "14": 0.3050422668457031,
            "15": 0.3047025203704834,
            "16": 0.30431628227233887,
            "17": 0.30371856689453125,