{
    "results": {
        "acc_test_teacher": {
            "0": 70.32000000000001,
            "1": 75.99000000000001,
            "2": 75.36,
            "3": 78.73,
            "4": 77.84,
            "5": 77.03999999999999,
            "6": 77.95,
            "7": 78.95,
            "8": 78.64,
            "9": 79.75999999999999,
            "10": 78.32000000000001,
            "11": 78.29,
            "12": 77.95,
            "13": 79.46,
            "14": 80.58,
            "15": 80.14,
            "16": 81.06,
            "17": 79.58,
            "18": 79.75,
            "19": 78.64999999999999,
            "20": 81.46,
            "21": 78.57,
            "22": 81.39,
            "23": 79.89,
            "24": 80.95,
            "25": 80.10000000000001,
            "26": 80.5,
            "27": 81.07,
            "28": 81.69999999999999,
            "29": 79.94,
            "30": 82.27,
            "31": 81.52000000000001,
            "32": 80.72,
            "33": 81.65,
            "34": 80.78,
            "35": 80.5,
            "36": 80.89,
            "37": 82.3,
            "38": 82.61,
            "39": 80.64,
            "40": 81.69,
            "41": 81.97,
            "42": 82.36,
            "43": 80.78,
            "44": 80.57,
            "45": 81.93,
            "46": 82.39999999999999,
            "47": 82.05,
            "48": 81.69,
            "49": 80.89,
            "50": 81.71000000000001,
            "51": 82.31,
            "52": 81.16,
            "53": 81.61,
            "54": 81.39,
            "55": 82.19,
            "56": 81.69999999999999,
            "57": 80.92,
            "58": 82.31,
            "59": 82.13000000000001
        },
        "acc_test_student": {
            "0": 70.43,
            "1": 70.15,
            "2": 71.85000000000001,
            "3": 72.13000000000001,
            "4": 74.35000000000001,
            "5": 70.53,
            "6": 76.66,
            "7": 73.61999999999999,
            "8": 76.23,
            "9": 75.8,
            "10": 77.23,
            "11": 77.13,
            "12": 77.22,
            "13": 77.32,
            "14": 77.45,
            "15": 77.53,
            "16": 79.44,
            "17": 78.13,
            "18": 77.8,
            "19": 74.91,
            "20": 78.05,
            "21": 76.68,
            "22": 75.81,
            "23": 74.83999999999999,
            "24": 77.91,
            "25": 78.52,
            "26": 76.42999999999999,
            "27": 77.98,
            "28": 79.55,
            "29": 77.2,
            "30": 78.49000000000001,
            "31": 78.35,
            "32": 77.75,
            "33": 76.2,
            "34": 76.09,
            "35": 77.86,
            "36": 76.35,
            "37": 78.05,
            "38": 76.41,
            "39": 76.28,
            "40": 76.85,
            "41": 76.49000000000001,
            "42": 77.59,
            "43": 75.47,
            "44": 78.18,
            "45": 77.03,
            "46": 77.52,
            "47": 78.82000000000001,
            "48": 79.06,
            "49": 78.72,
            "50": 78.45,
            "51": 77.88000000000001,
            "52": 78.02,
            "53": 79.2,
            "54": 75.87,
            "55": 77.34,
            "56": 76.13,
            "57": 77.41,
            "58": 76.99000000000001,
            "59": 76.86
        },
        "acc_test_distilled": {
            "0": 69.42,
            "1": 74.03999999999999,
            "2": 75.58,
            "3": 75.64999999999999,
            "4": 76.41,
            "5": 77.4,
            "6": 76.21,
            "7": 80.89,
            "8": 79.24,
            "9": 77.03999999999999,
            "10": 77.78,
            "11": 78.89,
            "12": 79.47999999999999,
            "13": 79.61,
            "14": 79.47999999999999,
            "15": 80.43,
            "16": 80.65,
            "17": 79.47,
            "18": 81.28,
            "19": 79.63,
            "20": 81.67,
            "21": 79.94,
            "22": 78.74,
            "23": 80.58,
            "24": 81.51,
            "25": 81.33,
            "26": 78.45,
            "27": 80.64,
            "28": 82.56,
            "29": 82.44,
            "30": 74.35000000000001,
            "31": 76.67,
            "32": 77.59,
            "33": 75.33,
            "34": 78.24,
            "35": 78.57,
            "36": 78.67,
            "37": 78.58000000000001,
            "38": 79.03,
            "39": 78.64,
            "40": 79.96,
            "41": 79.22,
            "42": 79.0,
            "43": 80.45,
            "44": 80.42,
            "45": 79.17,
            "46": 79.72,
            "47": 80.41,
            "48": 77.47,
            "49": 79.92,
            "50": 79.24,
            "51": 78.3,
            "52": 79.27,
            "53": 79.7,
            "54": 77.66,
            "55": 80.84,
            "56": 79.60000000000001,
            "57": 77.29,
            "58": 80.04,
            "59": 80.58999999999999
        },
        "time_train_teacher": {
            "0": 4.383342266082764,
            "1": 4.103311061859131,
            "2": 3.9439666271209717,
            "3": 3.877892017364502,
            "4": 3.7993576526641846,
            "5": 3.750682830810547,
            "6": 3.707545042037964,
            "7": 3.6528310775756836,
            "8": 3.635535478591919,
            "9": 3.625934600830078,
            "10": 3.604386568069458,
            "11": 3.579850912094116,
            "12": 3.5795910358428955,
            "13": 3.552283525466919,
            "14": 3.604830026626587,
            "15": 3.5057241916656494,
            "16": 3.4851250648498535,
            "17": 3.507188320159912,
            "18": 3.5141711235046387,
            "19": 3.475909471511841,
            "20": 3.470698118209839,
            "21": 3.428825616836548,
            "22": 3.4966964721679688,
            "23": 3.4443867206573486,
            "24": 3.46694016456604,
            "25": 3.463012218475342,
            "26": 3.431380033493042,
            "27": 3.3988609313964844,
            "28": 3.3962912559509277,
            "29": 3.3741848468780518,
            "30": 3.360431671142578,
            "31": 3.3674821853637695,
            "32": 3.363008499145508,
            "33": 3.399219512939453,
            "34": 3.345794200897217,
            "35": 3.3581366539001465,
            "36": 3.325514316558838,
            "37": 3.325094699859619,
            "38": 3.347555637359619,
            "39": 3.3362550735473633,
            "40": 3.307008743286133,
            "41": 3.330669641494751,
            "42": 3.2961013317108154,
            "43": 3.307774066925049,
            "44": 3.3049356937408447,
            "45": 3.284316062927246,
            "46": 3.3046414852142334,
            "47": 3.280226230621338,
            "48": 3.286917209625244,
            "49": 3.255361318588257,
            "50": 3.2568960189819336,
            "51": 3.2678284645080566,
            "52": 3.2650246620178223,
            "53": 3.2333261966705322,
            "54": 3.2911508083343506,
            "55": 3.26389741897583,
            "56": 3.2207207679748535,
            "57": 3.268352508544922,
            "58": 3.223816394805908,
            "59": 3.1917264461517334
        },
        "time_train_student": {
            "0": 0.7732939720153809,
            "1": 0.7295899391174316,
            "2": 0.7214138507843018,
            "3": 0.6886112689971924,
            "4": 0.6771221160888672,
            "5": 0.6691882610321045,
            "6": 0.6633927822113037,
            "7": 0.6491532325744629,
            "8": 0.6327047348022461,
            "9": 0.6470632553100586,
            "10": 0.6468422412872314,
            "11": 0.6402838230133057,
            "12": 0.6412088871002197,
            "13": 0.6295368671417236,
            "14": 0.6286489963531494,
            "15": 0.6218681335449219,
            "16": 0.6220581531524658,
            "17": 0.615537166595459,