{
    "results": {
        "acc_test_teacher": {
            "0": 77.97,
            "1": 79.52,
            "2": 80.33,
            "3": 80.82000000000001,
            "4": 81.67999999999999,
            "5": 80.08999999999999,
            "6": 81.56,
            "7": 81.78,
            "8": 81.91000000000001,
            "9": 81.83,
            "10": 82.19,
            "11": 81.47,
            "12": 82.11,
            "13": 81.64,
            "14": 82.48,
            "15": 82.03,
            "16": 81.46,
            "17": 82.89,
            "18": 81.66,
            "19": 81.84,
            "20": 83.39,
            "21": 82.94,
            "22": 82.78999999999999,
            "23": 82.59,
            "24": 81.21000000000001,
            "25": 82.42,
            "26": 83.58,
            "27": 82.6,
            "28": 83.33,
            "29": 82.61,
            "30": 82.86,
            "31": 82.59,
            "32": 83.43,
            "33": 82.89999999999999,
            "34": 83.28,
            "35": 81.47,
            "36": 83.19,
            "37": 83.37,
            "38": 83.42,
            "39": 83.43,
            "40": 82.62,
            "41": 83.0,
            "42": 81.89999999999999,
            "43": 82.48,
            "44": 83.28,
            "45": 82.50999999999999,
            "46": 82.74000000000001,
            "47": 83.28,
            "48": 82.01,
            "49": 81.89,
            "50": 82.64,
            "51": 82.14,
            "52": 82.31,
            "53": 83.75,
            "54": 83.99,
            "55": 82.58,
            "56": 82.06,
            "57": 82.92,
            "58": 83.96000000000001,
            "59": 84.19
        },
        "acc_test_student": {
            "0": 79.16,
            "1": 81.24,
            "2": 81.44,
            "3": 81.35,
            "4": 81.46,
            "5": 82.0,
            "6": 81.96,
            "7": 82.37,
            "8": 82.52000000000001,
            "9": 82.76,
            "10": 82.34,
            "11": 82.89,
            "12": 82.48,
            "13": 82.8,
            "14": 83.14,
            "15": 82.89999999999999,
            "16": 82.87,
            "17": 82.8,
            "18": 82.94,
            "19": 82.88,
            "20": 82.87,
            "21": 83.09,
            "22": 83.15,
            "23": 83.17999999999999,
            "24": 83.37,
            "25": 83.2,
            "26": 82.97,
            "27": 83.71,
            "28": 83.00999999999999,
            "29": 82.82000000000001,
            "30": 83.12,
            "31": 83.45,
            "32": 83.41,
            "33": 83.43,
            "34": 83.38,
            "35": 83.67,
            "36": 83.54,
            "37": 83.16,
            "38": 83.56,
            "39": 83.69,
            "40": 83.16,
            "41": 83.58,
            "42": 83.43,
            "43": 83.26,
            "44": 83.45,
            "45": 83.36,
            "46": 83.85000000000001,
            "47": 83.65,
            "48": 83.65,
            "49": 83.67,
            "50": 83.6,
            "51": 83.33,
            "52": 83.64,
            "53": 83.33,
            "54": 83.71,
            "55": 83.59,
            "56": 83.54,
            "57": 83.52000000000001,
            "58": 83.43,
            "59": 83.58
        },
        "acc_test_distilled": {
            "0": 79.03,
            "1": 80.41,
            "2": 80.35,
            "3": 79.38,
            "4": 80.85,
            "5": 81.24,
            "6": 81.06,
            "7": 80.83,
            "8": 80.49,
            "9": 81.3,
            "10": 81.04,
            "11": 81.16,
            "12": 83.04,
            "13": 81.67,
            "14": 81.32000000000001,
            "15": 81.62,
            "16": 79.88,
            "17": 82.99,
            "18": 82.82000000000001,
            "19": 81.8,
            "20": 81.14,
            "21": 82.91,
            "22": 81.55,
            "23": 81.61,
            "24": 82.59,
            "25": 81.78999999999999,
            "26": 83.24000000000001,
            "27": 82.12,
            "28": 81.67999999999999,
            "29": 82.85,
            "30": 82.31,
            "31": 82.74000000000001,
            "32": 83.1,
            "33": 83.77,
            "34": 82.85,
            "35": 83.59,
            "36": 83.89999999999999,
            "37": 83.91,
            "38": 83.76,
            "39": 84.14,
            "40": 83.78999999999999,
            "41": 84.00999999999999,
            "42": 84.33,
            "43": 84.48,
            "44": 84.34,
            "45": 84.1,
            "46": 84.21,
            "47": 84.32,
            "48": 84.45,
            "49": 84.3,
            "50": 84.39999999999999,
            "51": 84.39999999999999,
            "52": 84.25,
            "53": 84.47,
            "54": 84.45,
            "55": 84.43,
            "56": 84.24000000000001,
            "57": 84.84,
            "58": 84.28999999999999,
            "59": 84.7
        },
        "time_train_teacher": {
            "0": 1.0078728199005127,
            "1": 0.9288733005523682,
            "2": 0.8910949230194092,
            "3": 0.8848974704742432,
            "4": 0.8520605564117432,
            "5": 0.8514058589935303,
            "6": 0.8476698398590088,
            "7": 0.8134641647338867,
            "8": 0.842104434967041,
            "9": 0.8174271583557129,
            "10": 0.8198153972625732,
            "11": 0.8196191787719727,
            "12": 0.8105607032775879,
            "13": 0.7989988327026367,
            "14": 0.8141622543334961,
            "15": 0.7992846965789795,
            "16": 0.7878878116607666,
            "17": 0.794926643371582,
            "18": 0.800389289855957,
            "19": 0.7914071083068848,
            "20": 0.7634978294372559,
            "21": 0.7803657054901123,
            "22": 0.8594400882720947,
            "23": 0.8495831489562988,
            "24": 0.7798078060150146,
            "25": 0.7850093841552734,
            "26": 0.7838366031646729,
            "27": 0.8222906589508057,
            "28": 0.7829358577728271,
            "29": 0.7726485729217529,
            "30": 0.7902815341949463,
            "31": 0.7644498348236084,
            "32": 0.7726547718048096,
            "33": 0.7675724029541016,
            "34": 0.7870445251464844,
            "35": 0.8152835369110107,
            "36": 0.7757596969604492,
            "37": 0.7772061824798584,
            "38": 0.7551870346069336,
            "39": 0.762932300567627,
            "40": 0.7605185508728027,
            "41": 0.7627966403961182,
            "42": 0.7636792659759521,
            "43": 0.7574605941772461,
            "44": 0.7738828659057617,
            "45": 0.7614767551422119,
            "46": 0.7478036880493164,
            "47": 0.7599472999572754,
            "48": 0.7750239372253418,
            "49": 0.7412457466125488,
            "50": 0.7533388137817383,
            "51": 0.752159595489502,
            "52": 0.7475199699401855,
            "53": 0.7476255893707275,
            "54": 0.7585418224334717,
            "55": 0.7604267597198486,
            "56": 0.7724578380584717,
            "57": 0.7495272159576416,
            "58": 0.7590391635894775,
            "59": 0.7799253463745117
        },
        "time_train_student": {
            "0": 0.3894491195678711,
            "1": 0.34351563453674316,
            "2": 0.33119893074035645,
            "3": 0.3185575008392334,
            "4": 0.3617522716522217,
            "5": 0.33638572692871094,
            "6": 0.3128659725189209,
            "7": 0.34545254707336426,
            "8": 0.3278465270996094,
            "9": 0.3203392028808594,
            "10": 0.3094315528869629,
            "11": 0.3420436382293701,
            "12": 0.34253406524658203,
            "13": 0.3179488182067871,
            "14": 0.31676244735717773,
            "15": 0.3401670455932617,
            "16": 0.33480143547058105,
            "17": 0.31049299240112305,