{
    "results": {
        "acc_test_teacher": {
            "0": 78.63,
            "1": 78.79,
            "2": 80.4,
            "3": 79.35,
            "4": 81.66,
            "5": 81.52000000000001,
            "6": 81.84,
            "7": 82.39,
            "8": 81.42,
            "9": 81.56,
            "10": 81.91000000000001,
            "11": 81.26,
            "12": 83.2,
            "13": 81.92,
            "14": 80.97,
            "15": 80.55,
            "16": 81.39,
            "17": 83.00999999999999,
            "18": 80.54,
            "19": 82.24000000000001,
            "20": 82.6,
            "21": 82.52000000000001,
            "22": 82.61,
            "23": 81.85,
            "24": 83.25,
            "25": 82.43,
            "26": 82.84,
            "27": 82.92,
            "28": 80.87,
            "29": 83.06,
            "30": 82.41000000000001,
            "31": 82.72,
            "32": 80.58,
            "33": 82.46,
            "34": 82.96,
            "35": 82.48,
            "36": 83.72,
            "37": 83.31,
            "38": 82.78,
            "39": 79.78,
            "40": 83.36,
            "41": 84.09,
            "42": 82.3,
            "43": 82.06,
            "44": 82.98,
            "45": 80.92,
            "46": 82.1,
            "47": 82.35,
            "48": 83.49,
            "49": 82.55,
            "50": 83.21,
            "51": 82.50999999999999,
            "52": 83.6,
            "53": 81.96,
            "54": 82.83,
            "55": 82.8,
            "56": 82.72,
            "57": 83.26,
            "58": 81.12,
            "59": 83.26
        },
        "acc_test_student": {
            "0": 79.59,
            "1": 80.55,
            "2": 81.32000000000001,
            "3": 81.62,
            "4": 81.3,
            "5": 81.56,
            "6": 81.53,
            "7": 81.96,
            "8": 82.06,
            "9": 82.67999999999999,
            "10": 82.21000000000001,
            "11": 82.48,
            "12": 82.0,
            "13": 82.23,
            "14": 82.39,
            "15": 82.72,
            "16": 82.71,
            "17": 82.28999999999999,
            "18": 82.17,
            "19": 83.04,
            "20": 83.06,
            "21": 82.31,
            "22": 82.49,
            "23": 83.03,
            "24": 82.28,
            "25": 83.14,
            "26": 82.28,
            "27": 81.98,
            "28": 82.67999999999999,
            "29": 82.23,
            "30": 82.74000000000001,
            "31": 83.37,
            "32": 82.54,
            "33": 82.98,
            "34": 82.93,
            "35": 82.46,
            "36": 83.00999999999999,
            "37": 83.15,
            "38": 82.93,
            "39": 83.31,
            "40": 82.78,
            "41": 83.09,
            "42": 82.94,
            "43": 83.13000000000001,
            "44": 83.39,
            "45": 83.31,
            "46": 83.50999999999999,
            "47": 83.44,
            "48": 82.80999999999999,
            "49": 83.45,
            "50": 83.34,
            "51": 83.16,
            "52": 82.94,
            "53": 82.99,
            "54": 83.67999999999999,
            "55": 83.53,
            "56": 83.38,
            "57": 83.11,
            "58": 83.14,
            "59": 83.26
        },
        "acc_test_distilled": {
            "0": 79.60000000000001,
            "1": 81.58,
            "2": 80.60000000000001,
            "3": 81.67,
            "4": 82.17999999999999,
            "5": 80.76,
            "6": 81.69,
            "7": 82.34,
            "8": 81.93,
            "9": 81.46,
            "10": 81.38,
            "11": 82.67999999999999,
            "12": 81.95,
            "13": 82.55,
            "14": 81.6,
            "15": 81.28,
            "16": 82.64,
            "17": 80.87,
            "18": 79.83,
            "19": 81.92,
            "20": 81.52000000000001,
            "21": 81.67999999999999,
            "22": 82.12,
            "23": 82.37,
            "24": 82.39,
            "25": 82.6,
            "26": 83.31,
            "27": 82.73,
            "28": 83.98,
            "29": 82.78,
            "30": 82.15,
            "31": 83.02000000000001,
            "32": 82.94,
            "33": 83.25,
            "34": 84.0,
            "35": 84.13000000000001,
            "36": 83.63000000000001,
            "37": 83.50999999999999,
            "38": 84.03,
            "39": 84.37,
            "40": 84.38,
            "41": 84.37,
            "42": 84.3,
            "43": 84.71,
            "44": 84.89999999999999,
            "45": 84.85000000000001,
            "46": 84.61999999999999,
            "47": 84.55,
            "48": 84.47,
            "49": 84.46000000000001,
            "50": 84.47,
            "51": 85.11,
            "52": 84.65,
            "53": 84.61999999999999,
            "54": 84.57000000000001,
            "55": 84.67,
            "56": 84.69,
            "57": 84.75,
            "58": 84.57000000000001,
            "59": 84.63000000000001
        },
        "time_train_teacher": {
            "0": 1.035548448562622,
            "1": 0.9217221736907959,
            "2": 0.8797566890716553,
            "3": 0.9546768665313721,
            "4": 0.8495349884033203,
            "5": 0.8542811870574951,
            "6": 0.8600661754608154,
            "7": 0.8339450359344482,
            "8": 0.8405096530914307,
            "9": 0.8132710456848145,
            "10": 0.8230857849121094,
            "11": 0.8228609561920166,
            "12": 0.802541971206665,
            "13": 0.8049817085266113,
            "14": 0.8089420795440674,
            "15": 0.8641307353973389,
            "16": 0.804955244064331,
            "17": 0.807227373123169,
            "18": 0.8076469898223877,
            "19": 0.806755542755127,
            "20": 0.8086466789245605,
            "21": 0.8160762786865234,
            "22": 0.7795166969299316,
            "23": 0.7755060195922852,
            "24": 0.8015432357788086,
            "25": 0.7811884880065918,
            "26": 0.8011488914489746,
            "27": 0.7812685966491699,
            "28": 0.7889268398284912,
            "29": 0.7765357494354248,
            "30": 0.7903101444244385,
            "31": 0.8205561637878418,
            "32": 0.7993855476379395,
            "33": 0.7911279201507568,
            "34": 0.7856278419494629,
            "35": 0.778334379196167,
            "36": 0.7687852382659912,
            "37": 0.8776369094848633,
            "38": 0.7756979465484619,
            "39": 0.7801377773284912,
            "40": 0.7605960369110107,
            "41": 0.7602715492248535,
            "42": 0.7718441486358643,
            "43": 0.7630763053894043,
            "44": 0.7713091373443604,
            "45": 0.7917721271514893,
            "46": 0.7665603160858154,
            "47": 0.7641255855560303,
            "48": 0.7506158351898193,
            "49": 0.7558894157409668,
            "50": 0.7758984565734863,
            "51": 0.7602722644805908,
            "52": 0.748267412185669,
            "53": 0.7648804187774658,
            "54": 0.7727334499359131,
            "55": 0.7583706378936768,
            "56": 0.763089656829834,
            "57": 0.7651793956756592,
            "58": 0.7818458080291748,
            "59": 0.7598426342010498
        },
        "time_train_student": {
            "0": 0.3626396656036377,
            "1": 0.3690016269683838,
            "2": 0.3834719657897949,
            "3": 0.3502063751220703,
            "4": 0.344940185546875,
            "5": 0.31539392471313477,
            "6": 0.3426194190979004,
            "7": 0.32659029960632324,
            "8": 0.33492040634155273,
            "9": 0.34896183013916016,
            "10": 0.3437008857727051,
            "11": 0.34458065032958984,
            "12": 0.30891847610473633,
            "13": 0.3366243839263916,
            "14": 0.34818291664123535,
            "15": 0.3539164066314697,