{
    "results": {
        "acc_test_teacher": {
            "0": 78.97999999999999,
            "1": 79.56,
            "2": 80.08999999999999,
            "3": 80.36,
            "4": 81.69,
            "5": 81.67999999999999,
            "6": 80.86,
            "7": 80.87,
            "8": 80.85,
            "9": 81.78999999999999,
            "10": 81.31,
            "11": 80.16,
            "12": 81.24,
            "13": 82.25,
            "14": 81.24,
            "15": 81.17,
            "16": 79.67,
            "17": 81.27,
            "18": 80.97,
            "19": 81.32000000000001,
            "20": 81.85,
            "21": 80.36,
            "22": 82.42,
            "23": 82.31,
            "24": 81.8,
            "25": 81.39999999999999,
            "26": 81.51,
            "27": 82.07,
            "28": 82.61,
            "29": 81.71000000000001
        },
        "acc_test_student": {
            "0": 79.52,
            "1": 80.65,
            "2": 81.33,
            "3": 81.43,
            "4": 82.24000000000001,
            "5": 80.58999999999999,
            "6": 82.02000000000001,
            "7": 82.22,
            "8": 82.38,
            "9": 82.44,
            "10": 82.91,
            "11": 82.86,
            "12": 82.78999999999999,
            "13": 82.89999999999999,
            "14": 82.41000000000001,
            "15": 82.75,
            "16": 82.58,
            "17": 82.95,
            "18": 82.92,
            "19": 82.89999999999999,
            "20": 82.89999999999999,
            "21": 83.06,
            "22": 82.83,
            "23": 82.74000000000001,
            "24": 83.57,
            "25": 83.56,
            "26": 83.44,
            "27": 83.47,
            "28": 82.75,
            "29": 83.14
        },
        "acc_test_distilled": {
            "0": 77.91,
            "1": 78.14,
            "2": 79.86999999999999,
            "3": 82.26,
            "4": 80.80000000000001,
            "5": 80.69,
            "6": 80.89,
            "7": 81.17,
            "8": 81.66,
            "9": 81.78,
            "10": 81.11,
            "11": 82.11,
            "12": 82.82000000000001,
            "13": 83.34,
            "14": 83.83,
            "15": 83.59,
            "16": 84.0,
            "17": 83.8,
            "18": 83.99,
            "19": 83.72,
            "20": 83.86,
            "21": 84.04,
            "22": 84.17999999999999,
            "23": 84.1,
            "24": 84.44,
            "25": 84.58,
            "26": 84.45,
            "27": 84.33,
            "28": 84.58,
            "29": 84.27
        },
        "time_train_teacher": {
            "0": 1.0255560874938965,
            "1": 0.9142007827758789,
            "2": 0.8984720706939697,
            "3": 0.8656830787658691,
            "4": 0.8410015106201172,
            "5": 0.8346719741821289,
            "6": 0.8491613864898682,
            "7": 0.8400628566741943,
            "8": 0.8527464866638184,
            "9": 0.8232383728027344,
            "10": 0.8091433048248291,
            "11": 0.8122076988220215,
            "12": 0.8024005889892578,
            "13": 0.8473670482635498,
            "14": 0.8086402416229248,
            "15": 0.8007187843322754,
            "16": 0.8350033760070801,
            "17": 0.806222677230835,
            "18": 0.7970051765441895,
            "19": 0.8359537124633789,
            "20": 0.7923297882080078,
            "21": 0.7822403907775879,
            "22": 0.789053201675415,
            "23": 0.7877426147460938,
            "24": 0.7779052257537842,
            "25": 0.8446152210235596,
            "26": 0.775336503982544,
            "27": 0.7717580795288086,
            "28": 0.7627770900726318,
            "29": 0.7838971614837646
        },
        "time_train_student": {
            "0": 0.38843631744384766,
            "1": 0.34561729431152344,
            "2": 0.321030855178833,
            "3": 0.31830549240112305,
            "4": 0.3144955635070801,
            "5": 0.33231258392333984,
            "6": 0.31257152557373047,
            "7": 0.3246328830718994,
            "8": 0.3620588779449463,
            "9": 0.31826305389404297,
            "10": 0.3087172508239746,
            "11": 0.3103759288787842,
            "12": 0.3040504455566406,
            "13": 0.32558655738830566,
            "14": 0.30690884590148926,
            "15": 0.31165289878845215,
            "16": 0.3200266361236572,
            "17": 0.30598950386047363,
            "18": 0.31404805183410645,
            "19": 0.32778072357177734,
            "20": 0.3136909008026123,
            "21": 0.32173776626586914,
            "22": 0.31363868713378906,
            "23": 0.30321288108825684,
            "24": 0.335465669631958,
            "25": 0.30343174934387207,
            "26": 0.3121652603149414,
            "27": 0.3200364112854004,
            "28": 0.31047582626342773,
            "29": 0.3059701919555664
        },
        "time_train_distilled": {
            "0": 1.0264487266540527,
            "1": 0.9134182929992676,
            "2": 0.8886148929595947,
            "3": 0.869795560836792,
            "4": 0.8664987087249756,
            "5": 0.8390111923217773,
            "6": 0.837592363357544,
            "7": 0.8177089691162109,
            "8": 0.8227784633636475,
            "9": 0.9088094234466553,
            "10": 3.4848742485046387,
            "11": 3.310903310775757,
            "12": 3.302476406097412,
            "13": 3.271472692489624,
            "14": 3.247786521911621,
            "15": 3.2206900119781494,
            "16": 3.2356441020965576,
            "17": 3.231011390686035,
            "18": 3.219252824783325,
            "19": 3.2188708782196045,
            "20": 3.205413818359375,
            "21": 3.233376979827881,
            "22": 3.2256956100463867,
            "23": 3.184837579727173,
            "24": 3.190277338027954,
            "25": 3.202852964401245,
            "26": 3.199808120727539,
            "27": 3.1795613765716553,
            "28": 3.177881956100464,
            "29": 3.1778054237365723
        },
        "time_test_teacher": {
            "0": 0.24477696418762207,
            "1": 0.2371659278869629,
            "2": 0.25830769538879395,
            "3": 0.23682117462158203,
            "4": 0.2326817512512207,
            "5": 0.2430412769317627,
            "6": 0.23342156410217285,
            "7": 0.24170875549316406,
            "8": 0.23927712440490723,
            "9": 0.2452559471130371,
            "10": 0.24575352668762207,
            "11": 0.23856401443481445,
            "12": 0.23754262924194336,
            "13": 0.23903274536132812,
            "14": 0.23615241050720215,
            "15": 0.2367253303527832,
            "16": 0.2418971061706543,
            "17": 0.2395627498626709,
            "18": 0.23679709434509277,
            "19": 0.2337789535522461,
            "20": 0.24105072021484375,
            "21": 0.23631691932678223,
            "22": 0.23839426040649414,
            "23": 0.2397937774658203,
            "24": 0.23160171508789062,
            "25": 0.24281954765319824,
            "26": 0.23473095893859863,
            "27": 0.23826241493225098,
            "28": 0.2289872169494629,
            "29": 0.236220121383667
        },
        "time_test_student": {
            "0": 0.05570626258850098,
            "1": 0.05456376075744629,
            "2": 0.05886340141296387,
            "3": 0.05491447448730469,
            "4": 0.05938458442687988,
            "5": 0.05987071990966797,
            "6": 0.06151771545410156,
            "7": 0.05818605422973633,
            "8": 0.05524945259094238,
            "9": 0.05472707748413086,
            "10": 0.05581164360046387,
            "11": 0.05495119094848633,
            "12": 0.06146430969238281,
            "13": 0.0610048770904541,
            "14": 0.07484197616577148,
            "15": 0.06070280075073242,
            "16": 0.05940556526184082,