{
    "results": {
        "acc_test_teacher": {
            "0": 73.91,
            "1": 75.01,
            "2": 76.81,
            "3": 76.55,
            "4": 77.91,
            "5": 76.68,
            "6": 77.10000000000001,
            "7": 78.14,
            "8": 77.75,
            "9": 80.38,
            "10": 78.48,
            "11": 78.69,
            "12": 79.3,
            "13": 79.58,
            "14": 79.16,
            "15": 80.16,
            "16": 79.67999999999999,
            "17": 78.4,
            "18": 77.28,
            "19": 80.69,
            "20": 79.75999999999999,
            "21": 78.86,
            "22": 81.24,
            "23": 80.32000000000001,
            "24": 80.9,
            "25": 79.9,
            "26": 80.51,
            "27": 80.84,
            "28": 82.05,
            "29": 80.31,
            "30": 80.28,
            "31": 79.73,
            "32": 80.31,
            "33": 80.92,
            "34": 82.03,
            "35": 81.32000000000001,
            "36": 79.78,
            "37": 80.25999999999999,
            "38": 80.71000000000001,
            "39": 80.47,
            "40": 80.7,
            "41": 79.65,
            "42": 78.81,
            "43": 82.46,
            "44": 80.69,
            "45": 81.72,
            "46": 80.64,
            "47": 79.49000000000001,
            "48": 78.88,
            "49": 79.73,
            "50": 80.86,
            "51": 82.01,
            "52": 81.42,
            "53": 79.99000000000001,
            "54": 80.55,
            "55": 80.93,
            "56": 79.3,
            "57": 80.32000000000001,
            "58": 81.04,
            "59": 81.62
        },
        "acc_test_student": {
            "0": 71.81,
            "1": 74.02,
            "2": 73.41,
            "3": 73.11999999999999,
            "4": 76.02,
            "5": 78.36999999999999,
            "6": 74.42,
            "7": 74.41,
            "8": 78.21000000000001,
            "9": 76.5,
            "10": 75.44,
            "11": 76.24,
            "12": 77.18,
            "13": 75.48,
            "14": 72.99,
            "15": 77.42,
            "16": 76.88000000000001,
            "17": 78.42,
            "18": 78.72,
            "19": 75.72,
            "20": 77.45,
            "21": 76.38000000000001,
            "22": 77.38000000000001,
            "23": 77.25999999999999,
            "24": 74.44,
            "25": 75.07000000000001,
            "26": 77.98,
            "27": 78.95,
            "28": 78.48,
            "29": 77.56,
            "30": 76.18,
            "31": 75.98,
            "32": 77.62,
            "33": 77.32,
            "34": 76.84,
            "35": 78.25,
            "36": 77.58,
            "37": 77.25999999999999,
            "38": 78.56,
            "39": 78.48,
            "40": 76.6,
            "41": 77.53,
            "42": 77.55,
            "43": 76.21,
            "44": 77.73,
            "45": 77.53999999999999,
            "46": 78.25,
            "47": 78.85,
            "48": 77.21000000000001,
            "49": 78.12,
            "50": 78.93,
            "51": 75.55,
            "52": 78.57,
            "53": 78.18,
            "54": 77.75,
            "55": 78.73,
            "56": 78.97,
            "57": 79.14,
            "58": 79.65,
            "59": 78.53999999999999
        },
        "acc_test_distilled": {
            "0": 70.15,
            "1": 73.08,
            "2": 73.32,
            "3": 69.19999999999999,
            "4": 76.87,
            "5": 76.17,
            "6": 77.3,
            "7": 74.42999999999999,
            "8": 79.16,
            "9": 77.36,
            "10": 75.73,
            "11": 77.44,
            "12": 76.67,
            "13": 77.9,
            "14": 78.49000000000001,
            "15": 78.96,
            "16": 79.69000000000001,
            "17": 78.62,
            "18": 77.62,
            "19": 79.41,
            "20": 79.51,
            "21": 77.52,
            "22": 80.47,
            "23": 79.13,
            "24": 80.28999999999999,
            "25": 81.15,
            "26": 81.25,
            "27": 81.5,
            "28": 80.28999999999999,
            "29": 81.04,
            "30": 73.17,
            "31": 76.95,
            "32": 76.7,
            "33": 77.01,
            "34": 78.31,
            "35": 76.19,
            "36": 76.55,
            "37": 78.59,
            "38": 78.84,
            "39": 79.27,
            "40": 78.59,
            "41": 79.49000000000001,
            "42": 78.33,
            "43": 80.0,
            "44": 79.66,
            "45": 80.33,
            "46": 78.16,
            "47": 80.36,
            "48": 80.17,
            "49": 80.04,
            "50": 79.78,
            "51": 81.06,
            "52": 79.58,
            "53": 79.78,
            "54": 78.02,
            "55": 79.41,
            "56": 79.53,
            "57": 79.09,
            "58": 79.91,
            "59": 79.96
        },
        "time_train_teacher": {
            "0": 2.559047222137451,
            "1": 2.253305435180664,
            "2": 2.157752275466919,
            "3": 2.1170997619628906,
            "4": 2.062415599822998,
            "5": 2.0235464572906494,
            "6": 1.9675912857055664,
            "7": 1.944812297821045,
            "8": 1.9405484199523926,
            "9": 1.9253044128417969,
            "10": 1.902937889099121,
            "11": 1.8970904350280762,
            "12": 1.9155278205871582,
            "13": 1.8580701351165771,
            "14": 1.8606319427490234,
            "15": 1.8539466857910156,
            "16": 1.8780066967010498,
            "17": 1.8396573066711426,
            "18": 1.8190186023712158,
            "19": 1.8338911533355713,
            "20": 1.7806479930877686,
            "21": 1.8099572658538818,
            "22": 1.7940030097961426,
            "23": 1.7495121955871582,
            "24": 1.7652039527893066,
            "25": 1.7474915981292725,
            "26": 1.7393362522125244,
            "27": 1.7705070972442627,
            "28": 1.7593958377838135,
            "29": 1.7271232604980469,
            "30": 1.7271728515625,
            "31": 1.7087628841400146,
            "32": 1.7850604057312012,
            "33": 1.764981746673584,
            "34": 1.7955682277679443,
            "35": 1.7551884651184082,
            "36": 1.7462875843048096,
            "37": 1.7408344745635986,
            "38": 1.7286818027496338,
            "39": 1.7207763195037842,
            "40": 1.7257609367370605,
            "41": 1.7428977489471436,
            "42": 1.7153527736663818,
            "43": 1.7242255210876465,
            "44": 1.727287769317627,
            "45": 1.7049157619476318,
            "46": 1.688117265701294,
            "47": 1.7314836978912354,
            "48": 1.7230861186981201,
            "49": 1.7229971885681152,
            "50": 1.7297747135162354,
            "51": 1.7309463024139404,
            "52": 1.634868860244751,
            "53": 1.6031782627105713,
            "54": 1.621436357498169,
            "55": 1.5837147235870361,
            "56": 1.634199619293213,
            "57": 1.5803806781768799,
            "58": 1.5859525203704834,
            "59": 1.574857473373413
        },
        "time_train_student": {
            "0": 0.8023355007171631,
            "1": 0.7046971321105957,
            "2": 0.7018625736236572,
            "3": 0.6771736145019531,
            "4": 0.6648433208465576,
            "5": 0.6634693145751953,
            "6": 0.6660151481628418,
            "7": 0.6568982601165771,
            "8": 0.6596992015838623,
            "9": 0.6514644622802734,
            "10": 0.6495115756988525,
            "11": 0.6345336437225342,
            "12": 0.6393542289733887,
            "13": 0.62518310546875,
            "14": 0.6364901065826416,
            "15": 0.6306707859039307,
            "16": 0.6287426948547363,
            "17": 0.6248471736907959,
            "18": 0.6190314292907715,