{
    "results": {
        "acc_test_teacher": {
            "0": 78.47,
            "1": 80.02,
            "2": 78.06,
            "3": 80.78,
            "4": 81.56,
            "5": 81.05,
            "6": 81.31,
            "7": 81.57,
            "8": 80.07,
            "9": 81.47,
            "10": 80.89,
            "11": 81.31,
            "12": 81.89999999999999,
            "13": 81.89999999999999,
            "14": 80.65,
            "15": 82.8,
            "16": 80.80000000000001,
            "17": 80.99,
            "18": 81.64,
            "19": 81.98,
            "20": 82.8,
            "21": 82.35,
            "22": 81.91000000000001,
            "23": 81.41000000000001,
            "24": 81.5,
            "25": 82.12,
            "26": 82.35,
            "27": 82.14,
            "28": 82.34,
            "29": 83.27
        },
        "acc_test_student": {
            "0": 78.56,
            "1": 80.62,
            "2": 80.9,
            "3": 81.28999999999999,
            "4": 81.23,
            "5": 81.54,
            "6": 82.50999999999999,
            "7": 82.31,
            "8": 81.94,
            "9": 81.95,
            "10": 82.03,
            "11": 82.57,
            "12": 82.49,
            "13": 82.63000000000001,
            "14": 82.19,
            "15": 82.35,
            "16": 82.1,
            "17": 82.8,
            "18": 82.94,
            "19": 82.78999999999999,
            "20": 82.34,
            "21": 82.58,
            "22": 82.17,
            "23": 82.59,
            "24": 82.89999999999999,
            "25": 83.05,
            "26": 82.78999999999999,
            "27": 82.91,
            "28": 83.13000000000001,
            "29": 83.12
        },
        "acc_test_distilled": {
            "0": 79.43,
            "1": 80.47999999999999,
            "2": 81.75,
            "3": 81.08999999999999,
            "4": 81.01,
            "5": 81.21000000000001,
            "6": 82.45,
            "7": 80.80000000000001,
            "8": 81.23,
            "9": 80.43,
            "10": 81.52000000000001,
            "11": 82.13000000000001,
            "12": 83.27,
            "13": 83.17999999999999,
            "14": 83.82,
            "15": 83.61,
            "16": 83.50999999999999,
            "17": 83.45,
            "18": 84.05,
            "19": 83.7,
            "20": 83.75,
            "21": 83.56,
            "22": 84.21,
            "23": 84.09,
            "24": 84.17999999999999,
            "25": 84.17999999999999,
            "26": 84.45,
            "27": 84.28999999999999,
            "28": 84.28,
            "29": 84.32
        },
        "time_train_teacher": {
            "0": 2.08884596824646,
            "1": 1.7643375396728516,
            "2": 1.7418854236602783,
            "3": 1.704178810119629,
            "4": 1.651177167892456,
            "5": 1.6685080528259277,
            "6": 1.7116069793701172,
            "7": 1.5798299312591553,
            "8": 1.5916130542755127,
            "9": 1.5447711944580078,
            "10": 1.594090461730957,
            "11": 1.5503132343292236,
            "12": 1.5237178802490234,
            "13": 1.5547773838043213,
            "14": 1.5187385082244873,
            "15": 1.5524749755859375,
            "16": 1.5400559902191162,
            "17": 1.5132646560668945,
            "18": 1.534925937652588,
            "19": 1.5237116813659668,
            "20": 1.4871008396148682,
            "21": 1.4805917739868164,
            "22": 1.4650108814239502,
            "23": 1.4970896244049072,
            "24": 1.4766590595245361,
            "25": 1.453615427017212,
            "26": 1.4776453971862793,
            "27": 1.4550130367279053,
            "28": 1.4600472450256348,
            "29": 1.5165276527404785
        },
        "time_train_student": {
            "0": 0.6543326377868652,
            "1": 0.6106760501861572,
            "2": 0.5519137382507324,
            "3": 0.5507147312164307,
            "4": 0.5220465660095215,
            "5": 0.5634534358978271,
            "6": 0.5555663108825684,
            "7": 0.5488979816436768,
            "8": 0.526738166809082,
            "9": 0.5162885189056396,
            "10": 0.5205254554748535,
            "11": 0.5322935581207275,
            "12": 0.5389671325683594,
            "13": 0.507150411605835,
            "14": 0.5310006141662598,
            "15": 0.5969197750091553,
            "16": 0.5407726764678955,
            "17": 0.5355167388916016,
            "18": 0.6003286838531494,
            "19": 0.5330255031585693,
            "20": 0.5258657932281494,
            "21": 0.5263271331787109,
            "22": 0.5284955501556396,
            "23": 0.543757438659668,
            "24": 0.5691735744476318,
            "25": 0.5622601509094238,
            "26": 0.5550551414489746,
            "27": 0.5220620632171631,
            "28": 0.5034816265106201,
            "29": 0.49951934814453125
        },
        "time_train_distilled": {
            "0": 2.0099472999572754,
            "1": 1.7523424625396729,
            "2": 1.6894121170043945,
            "3": 1.63590407371521,
            "4": 1.6219477653503418,
            "5": 1.5828931331634521,
            "6": 1.548924446105957,
            "7": 1.545609474182129,
            "8": 1.557386875152588,
            "9": 1.5676302909851074,
            "10": 6.534713268280029,
            "11": 5.473494291305542,
            "12": 5.500616788864136,
            "13": 5.307206869125366,
            "14": 5.259454727172852,
            "15": 5.262617349624634,
            "16": 5.2105796337127686,
            "17": 5.190117359161377,
            "18": 5.188557863235474,
            "19": 5.484562158584595,
            "20": 5.237799882888794,
            "21": 5.447933673858643,
            "22": 5.318742513656616,
            "23": 5.35410737991333,
            "24": 5.33367395401001,
            "25": 5.369882106781006,
            "26": 5.375518321990967,
            "27": 5.314136981964111,
            "28": 5.331678628921509,
            "29": 5.215657949447632
        },
        "time_test_teacher": {
            "0": 0.371412992477417,
            "1": 0.3485453128814697,
            "2": 0.3708913326263428,
            "3": 0.36878514289855957,
            "4": 0.3566145896911621,
            "5": 0.3623380661010742,
            "6": 0.3495457172393799,
            "7": 0.3772153854370117,
            "8": 0.349776029586792,
            "9": 0.3519446849822998,
            "10": 0.3551485538482666,
            "11": 0.3519413471221924,
            "12": 0.3624579906463623,
            "13": 0.35898900032043457,
            "14": 0.3510887622833252,
            "15": 0.3716769218444824,
            "16": 0.36092352867126465,
            "17": 0.3583972454071045,
            "18": 0.3571665287017822,
            "19": 0.3499114513397217,
            "20": 0.350830078125,
            "21": 0.34868693351745605,
            "22": 0.3783283233642578,
            "23": 0.35915446281433105,
            "24": 0.3500063419342041,
            "25": 0.34448671340942383,
            "26": 0.36577892303466797,
            "27": 0.3467562198638916,
            "28": 0.35524487495422363,
            "29": 0.3537266254425049
        },
        "time_test_student": {
            "0": 0.10427165031433105,
            "1": 0.09319424629211426,
            "2": 0.11942195892333984,
            "3": 0.09126973152160645,
            "4": 0.08750748634338379,
            "5": 0.09096360206604004,
            "6": 0.09144210815429688,
            "7": 0.08796882629394531,
            "8": 0.0987539291381836,
            "9": 0.10499358177185059,
            "10": 0.09105849266052246,
            "11": 0.09053802490234375,
            "12": 0.09234142303466797,
            "13": 0.09418153762817383,
            "14": 0.09276676177978516,
            "15": 0.08969640731811523,
            "16": 0.0945444107055664,