{
    "results": {
        "acc_test_teacher": {
            "0": 77.14999999999999,
            "1": 78.16,
            "2": 78.86,
            "3": 79.77,
            "4": 80.08999999999999,
            "5": 80.58999999999999,
            "6": 80.67,
            "7": 79.62,
            "8": 81.93,
            "9": 79.97,
            "10": 80.07,
            "11": 79.88,
            "12": 80.87,
            "13": 80.7,
            "14": 80.92,
            "15": 81.58,
            "16": 80.78,
            "17": 80.01,
            "18": 80.38,
            "19": 80.52,
            "20": 79.85,
            "21": 82.19,
            "22": 83.2,
            "23": 81.5,
            "24": 82.39,
            "25": 82.19,
            "26": 80.82000000000001,
            "27": 82.13000000000001,
            "28": 82.50999999999999,
            "29": 81.78,
            "30": 81.07,
            "31": 81.75,
            "32": 81.36,
            "33": 81.43,
            "34": 82.21000000000001,
            "35": 82.39,
            "36": 83.28,
            "37": 82.28,
            "38": 81.32000000000001,
            "39": 81.78,
            "40": 81.64,
            "41": 82.95,
            "42": 81.41000000000001,
            "43": 80.94,
            "44": 80.36999999999999,
            "45": 82.37,
            "46": 82.24000000000001,
            "47": 82.0,
            "48": 81.78999999999999,
            "49": 80.53,
            "50": 82.03,
            "51": 82.52000000000001,
            "52": 82.31,
            "53": 80.65,
            "54": 81.28,
            "55": 83.03,
            "56": 82.32000000000001,
            "57": 82.39999999999999,
            "58": 82.19,
            "59": 81.74
        },
        "acc_test_student": {
            "0": 79.80000000000001,
            "1": 81.58999999999999,
            "2": 80.41,
            "3": 82.05,
            "4": 81.02000000000001,
            "5": 81.07,
            "6": 81.64,
            "7": 81.89,
            "8": 81.76,
            "9": 82.01,
            "10": 81.08999999999999,
            "11": 80.63,
            "12": 81.6,
            "13": 81.8,
            "14": 81.33,
            "15": 80.60000000000001,
            "16": 82.66,
            "17": 80.82000000000001,
            "18": 82.17999999999999,
            "19": 81.95,
            "20": 81.22,
            "21": 82.07,
            "22": 81.69,
            "23": 83.0,
            "24": 81.91000000000001,
            "25": 81.77,
            "26": 81.22,
            "27": 82.84,
            "28": 81.81,
            "29": 80.81,
            "30": 82.66,
            "31": 81.81,
            "32": 83.25,
            "33": 79.66,
            "34": 82.0,
            "35": 83.00999999999999,
            "36": 81.82000000000001,
            "37": 82.55,
            "38": 82.28999999999999,
            "39": 83.24000000000001,
            "40": 82.43,
            "41": 81.83,
            "42": 81.49,
            "43": 82.28,
            "44": 82.50999999999999,
            "45": 81.0,
            "46": 81.55,
            "47": 80.0,
            "48": 82.80999999999999,
            "49": 81.45,
            "50": 81.56,
            "51": 81.83,
            "52": 82.41000000000001,
            "53": 81.41000000000001,
            "54": 80.97999999999999,
            "55": 81.81,
            "56": 82.71,
            "57": 80.74,
            "58": 81.94,
            "59": 81.6
        },
        "acc_test_distilled": {
            "0": 74.52,
            "1": 78.25999999999999,
            "2": 79.03999999999999,
            "3": 79.91,
            "4": 81.01,
            "5": 79.63,
            "6": 81.33,
            "7": 81.03,
            "8": 81.14,
            "9": 80.21000000000001,
            "10": 81.36,
            "11": 81.8,
            "12": 81.10000000000001,
            "13": 81.04,
            "14": 80.77,
            "15": 79.41,
            "16": 81.55,
            "17": 82.5,
            "18": 81.25,
            "19": 81.51,
            "20": 82.48,
            "21": 80.65,
            "22": 82.48,
            "23": 82.57,
            "24": 81.6,
            "25": 83.03,
            "26": 82.67,
            "27": 81.12,
            "28": 81.91000000000001,
            "29": 82.67999999999999,
            "30": 82.53,
            "31": 83.78,
            "32": 83.78999999999999,
            "33": 84.35000000000001,
            "34": 84.04,
            "35": 84.93,
            "36": 84.75,
            "37": 84.74000000000001,
            "38": 84.5,
            "39": 85.11999999999999,
            "40": 84.08,
            "41": 84.26,
            "42": 84.5,
            "43": 84.48,
            "44": 84.63000000000001,
            "45": 84.49,
            "46": 85.04,
            "47": 84.61,
            "48": 84.08,
            "49": 84.61999999999999,
            "50": 84.57000000000001,
            "51": 84.6,
            "52": 84.78999999999999,
            "53": 84.32,
            "54": 84.39,
            "55": 84.5,
            "56": 84.6,
            "57": 84.50999999999999,
            "58": 84.5,
            "59": 84.38
        },
        "time_train_teacher": {
            "0": 1.5896849632263184,
            "1": 1.4146778583526611,
            "2": 1.3456127643585205,
            "3": 1.3424196243286133,
            "4": 1.2851848602294922,
            "5": 1.2835054397583008,
            "6": 1.280236005783081,
            "7": 1.2733643054962158,
            "8": 1.2551274299621582,
            "9": 1.2444851398468018,
            "10": 1.2626287937164307,
            "11": 1.2228672504425049,
            "12": 1.2074980735778809,
            "13": 1.1971447467803955,
            "14": 1.2298972606658936,
            "15": 1.237591028213501,
            "16": 1.1967997550964355,
            "17": 1.2210094928741455,
            "18": 1.2070581912994385,
            "19": 1.2216343879699707,
            "20": 1.1795356273651123,
            "21": 1.1888198852539062,
            "22": 1.1837193965911865,
            "23": 1.1731979846954346,
            "24": 1.194756031036377,
            "25": 1.1933324337005615,
            "26": 1.1957132816314697,
            "27": 1.169295072555542,
            "28": 1.1758522987365723,
            "29": 1.1418142318725586,
            "30": 1.1636326313018799,
            "31": 1.1638526916503906,
            "32": 1.193082571029663,
            "33": 1.175588607788086,
            "34": 1.1619601249694824,
            "35": 1.2521796226501465,
            "36": 1.173084020614624,
            "37": 1.1658921241760254,
            "38": 1.1713378429412842,
            "39": 1.158315896987915,
            "40": 1.1695480346679688,
            "41": 1.1519660949707031,
            "42": 1.1566131114959717,
            "43": 1.162459135055542,
            "44": 1.160757303237915,
            "45": 1.1532907485961914,
            "46": 1.1505136489868164,
            "47": 1.1582634449005127,
            "48": 1.1448719501495361,
            "49": 1.151576280593872,
            "50": 1.1515414714813232,
            "51": 1.1337435245513916,
            "52": 1.146315574645996,
            "53": 1.1553630828857422,
            "54": 1.1358232498168945,
            "55": 1.1504042148590088,
            "56": 1.1429343223571777,
            "57": 1.1383459568023682,
            "58": 1.139054536819458,
            "59": 1.1617259979248047
        },
        "time_train_student": {
            "0": 0.6243031024932861,
            "1": 0.5675930976867676,
            "2": 0.5461678504943848,
            "3": 0.547917366027832,
            "4": 0.527031660079956,
            "5": 0.5243325233459473,
            "6": 0.5209453105926514,
            "7": 0.5640265941619873,
            "8": 0.5290534496307373,
            "9": 0.5174336433410645,
            "10": 0.536628007888794,
            "11": 0.5120337009429932,
            "12": 0.5192978382110596,