{
    "results": {
        "acc_test_teacher": {
            "0": 79.72,
            "1": 79.25999999999999,
            "2": 78.61,
            "3": 80.51,
            "4": 79.74,
            "5": 80.38,
            "6": 81.01,
            "7": 80.53,
            "8": 80.12,
            "9": 79.3,
            "10": 80.89,
            "11": 78.69,
            "12": 82.1,
            "13": 82.12,
            "14": 80.82000000000001,
            "15": 81.66,
            "16": 81.23,
            "17": 80.27,
            "18": 82.45,
            "19": 81.93,
            "20": 81.55,
            "21": 80.04,
            "22": 81.8,
            "23": 82.71,
            "24": 81.45,
            "25": 81.08,
            "26": 82.80999999999999,
            "27": 81.88,
            "28": 81.58,
            "29": 82.91,
            "30": 82.52000000000001,
            "31": 82.76,
            "32": 82.65,
            "33": 82.19999999999999,
            "34": 81.19,
            "35": 82.42,
            "36": 82.59,
            "37": 83.22,
            "38": 81.55,
            "39": 82.33,
            "40": 83.72,
            "41": 82.47,
            "42": 81.92,
            "43": 82.92,
            "44": 82.89,
            "45": 81.78999999999999,
            "46": 82.13000000000001,
            "47": 83.39999999999999,
            "48": 82.42,
            "49": 82.69999999999999,
            "50": 82.71,
            "51": 82.73,
            "52": 83.53,
            "53": 83.15,
            "54": 82.36,
            "55": 80.22,
            "56": 81.84,
            "57": 82.6,
            "58": 84.16,
            "59": 83.15
        },
        "acc_test_student": {
            "0": 79.80000000000001,
            "1": 80.69,
            "2": 80.72,
            "3": 81.08,
            "4": 81.42,
            "5": 81.93,
            "6": 82.46,
            "7": 82.14,
            "8": 82.58,
            "9": 82.5,
            "10": 82.21000000000001,
            "11": 82.99,
            "12": 82.72,
            "13": 83.00999999999999,
            "14": 82.98,
            "15": 82.96,
            "16": 83.06,
            "17": 82.58,
            "18": 83.25,
            "19": 83.19,
            "20": 83.09,
            "21": 82.99,
            "22": 83.28,
            "23": 83.19,
            "24": 83.09,
            "25": 83.11,
            "26": 82.97,
            "27": 83.43,
            "28": 83.14,
            "29": 83.24000000000001,
            "30": 83.61,
            "31": 83.31,
            "32": 83.24000000000001,
            "33": 83.35000000000001,
            "34": 83.41,
            "35": 83.2,
            "36": 83.53,
            "37": 83.58,
            "38": 83.39,
            "39": 83.72,
            "40": 83.32000000000001,
            "41": 83.66,
            "42": 83.27,
            "43": 82.82000000000001,
            "44": 83.41,
            "45": 83.62,
            "46": 83.42,
            "47": 83.72,
            "48": 83.59,
            "49": 84.00999999999999,
            "50": 83.71,
            "51": 83.28999999999999,
            "52": 83.16,
            "53": 83.77,
            "54": 83.83,
            "55": 83.49,
            "56": 83.56,
            "57": 83.47,
            "58": 83.57,
            "59": 83.71
        },
        "acc_test_distilled": {
            "0": 77.08,
            "1": 77.96,
            "2": 78.52,
            "3": 78.67,
            "4": 79.91,
            "5": 79.59,
            "6": 81.84,
            "7": 80.94,
            "8": 79.80000000000001,
            "9": 81.39999999999999,
            "10": 81.46,
            "11": 80.32000000000001,
            "12": 79.2,
            "13": 80.31,
            "14": 80.9,
            "15": 80.85,
            "16": 80.49,
            "17": 80.64,
            "18": 80.91000000000001,
            "19": 81.67,
            "20": 82.08,
            "21": 80.65,
            "22": 81.23,
            "23": 81.77,
            "24": 81.13,
            "25": 79.99000000000001,
            "26": 82.66,
            "27": 82.28,
            "28": 82.05,
            "29": 81.73,
            "30": 82.05,
            "31": 83.11,
            "32": 83.61,
            "33": 83.69,
            "34": 83.45,
            "35": 84.16,
            "36": 84.14,
            "37": 84.34,
            "38": 84.58,
            "39": 84.17,
            "40": 84.48,
            "41": 84.7,
            "42": 84.48,
            "43": 84.41,
            "44": 84.58,
            "45": 84.95,
            "46": 84.27,
            "47": 84.54,
            "48": 84.56,
            "49": 84.64,
            "50": 84.99,
            "51": 84.89,
            "52": 84.58,
            "53": 84.73,
            "54": 85.00999999999999,
            "55": 84.86,
            "56": 84.84,
            "57": 84.97,
            "58": 84.77,
            "59": 84.8
        },
        "time_train_teacher": {
            "0": 1.6134159564971924,
            "1": 1.4286079406738281,
            "2": 1.3678288459777832,
            "3": 1.353053092956543,
            "4": 1.3433713912963867,
            "5": 1.315141201019287,
            "6": 1.2961139678955078,
            "7": 1.2582144737243652,
            "8": 1.280090570449829,
            "9": 1.260488510131836,
            "10": 1.308227777481079,
            "11": 1.2518467903137207,
            "12": 1.2555387020111084,
            "13": 1.256377935409546,
            "14": 1.2568438053131104,
            "15": 1.226567029953003,
            "16": 1.2230699062347412,
            "17": 1.2388782501220703,
            "18": 1.2203161716461182,
            "19": 1.2340054512023926,
            "20": 1.2168030738830566,
            "21": 1.2029128074645996,
            "22": 1.1974728107452393,
            "23": 1.2202157974243164,
            "24": 1.1987197399139404,
            "25": 1.208510398864746,
            "26": 1.1979527473449707,
            "27": 1.1916077136993408,
            "28": 1.227170467376709,
            "29": 1.196274757385254,
            "30": 1.2182114124298096,
            "31": 1.2072861194610596,
            "32": 1.199892282485962,
            "33": 1.209529161453247,
            "34": 1.1834967136383057,
            "35": 1.2041630744934082,
            "36": 1.1852338314056396,
            "37": 1.1642465591430664,
            "38": 1.1776628494262695,
            "39": 1.1897902488708496,
            "40": 1.171640396118164,
            "41": 1.1779816150665283,
            "42": 1.1564254760742188,
            "43": 1.1828720569610596,
            "44": 1.1914699077606201,
            "45": 1.1748640537261963,
            "46": 1.2090771198272705,
            "47": 1.1686251163482666,
            "48": 1.1909878253936768,
            "49": 1.1911559104919434,
            "50": 1.1868739128112793,
            "51": 1.1797657012939453,
            "52": 1.1513900756835938,
            "53": 1.161330223083496,
            "54": 1.1646029949188232,
            "55": 1.1649014949798584,
            "56": 1.161808729171753,
            "57": 1.1876564025878906,
            "58": 1.222062349319458,
            "59": 1.1732769012451172
        },
        "time_train_student": {
            "0": 0.36313891410827637,
            "1": 0.3954050540924072,
            "2": 0.36601781845092773,
            "3": 0.3298327922821045,
            "4": 0.3133542537689209,
            "5": 0.345813512802124,
            "6": 0.352245569229126,
            "7": 0.3116135597229004,
            "8": 0.3239932060241699,
            "9": 0.33057713508605957,
            "10": 0.3440134525299072,
            "11": 0.33086133003234863,
            "12": 0.3252236843109131,
            "13": 0.3321714401245117,
            "14": 0.31113290786743164,
            "15": 0.34616780281066895,
            "16": 0.332669734954834,
            "17": 0.3132939338684082,
            "18": 0.3493382930755615,
            "19": 0.3712632656097412,