{
    "results": {
        "acc_test_teacher": {
            "0": 83.096,
            "1": 85.56,
            "2": 86.004,
            "3": 82.384,
            "4": 82.584,
            "5": 87.248,
            "6": 87.124,
            "7": 84.572,
            "8": 87.752,
            "9": 87.464,
            "10": 86.392,
            "11": 84.524,
            "12": 86.86,
            "13": 87.788,
            "14": 85.404,
            "15": 85.436,
            "16": 83.604,
            "17": 85.456,
            "18": 84.11999999999999,
            "19": 85.96000000000001,
            "20": 85.82,
            "21": 87.452,
            "22": 87.164,
            "23": 87.28,
            "24": 86.148,
            "25": 87.412,
            "26": 87.32,
            "27": 84.884,
            "28": 86.832,
            "29": 86.292
        },
        "acc_test_student": {
            "0": 79.56,
            "1": 78.536,
            "2": 82.93199999999999,
            "3": 76.664,
            "4": 82.336,
            "5": 84.736,
            "6": 73.976,
            "7": 84.068,
            "8": 83.596,
            "9": 84.836,
            "10": 82.62,
            "11": 78.12,
            "12": 80.604,
            "13": 84.944,
            "14": 85.832,
            "15": 84.976,
            "16": 84.332,
            "17": 82.124,
            "18": 84.184,
            "19": 85.74000000000001,
            "20": 84.16,
            "21": 84.416,
            "22": 84.36399999999999,
            "23": 81.94399999999999,
            "24": 85.244,
            "25": 85.98,
            "26": 86.26,
            "27": 86.144,
            "28": 86.648,
            "29": 86.32
        },
        "acc_test_distilled": {
            "0": 81.296,
            "1": 85.328,
            "2": 79.364,
            "3": 84.292,
            "4": 85.168,
            "5": 87.468,
            "6": 87.396,
            "7": 86.968,
            "8": 87.852,
            "9": 87.424,
            "10": 87.508,
            "11": 85.236,
            "12": 86.22,
            "13": 87.612,
            "14": 85.848,
            "15": 72.788,
            "16": 72.812,
            "17": 78.724,
            "18": 80.53200000000001,
            "19": 79.61200000000001,
            "20": 80.536,
            "21": 79.404,
            "22": 80.152,
            "23": 80.53200000000001,
            "24": 80.632,
            "25": 79.996,
            "26": 78.25999999999999,
            "27": 78.728,
            "28": 80.584,
            "29": 80.068
        },
        "time_train_teacher": {
            "0": 6.242379665374756,
            "1": 4.976604700088501,
            "2": 4.616973638534546,
            "3": 4.586973190307617,
            "4": 4.424583911895752,
            "5": 4.190057039260864,
            "6": 4.19757866859436,
            "7": 4.144192218780518,
            "8": 4.063165664672852,
            "9": 4.032000541687012,
            "10": 3.9551894664764404,
            "11": 3.741370677947998,
            "12": 3.8380441665649414,
            "13": 3.811493158340454,
            "14": 3.859060764312744,
            "15": 3.8487911224365234,
            "16": 3.7685563564300537,
            "17": 3.6568572521209717,
            "18": 3.578887939453125,
            "19": 3.466259717941284,
            "20": 3.4434080123901367,
            "21": 3.4426045417785645,
            "22": 3.4527220726013184,
            "23": 3.3802905082702637,
            "24": 3.325075149536133,
            "25": 3.345550060272217,
            "26": 3.250507116317749,
            "27": 3.3085474967956543,
            "28": 3.2496337890625,
            "29": 3.2672269344329834
        },
        "time_train_student": {
            "0": 2.1959166526794434,
            "1": 2.0060055255889893,
            "2": 1.8320167064666748,
            "3": 1.8015410900115967,
            "4": 1.7405025959014893,
            "5": 1.7222130298614502,
            "6": 1.6766769886016846,
            "7": 1.627272367477417,
            "8": 1.6089253425598145,
            "9": 1.5917584896087646,
            "10": 1.566889762878418,
            "11": 1.5490918159484863,
            "12": 1.506941318511963,
            "13": 1.5138075351715088,
            "14": 1.4833111763000488,
            "15": 1.4714117050170898,
            "16": 1.454535961151123,
            "17": 1.4524693489074707,
            "18": 1.471860647201538,
            "19": 1.4274976253509521,
            "20": 1.4078350067138672,
            "21": 1.3890647888183594,
            "22": 1.3845484256744385,
            "23": 1.422358751296997,
            "24": 1.3490428924560547,
            "25": 1.3725485801696777,
            "26": 1.3258204460144043,
            "27": 1.3510687351226807,
            "28": 1.341904878616333,
            "29": 1.3306033611297607
        },
        "time_train_distilled": {
            "0": 6.230271100997925,
            "1": 5.024274826049805,
            "2": 4.685692071914673,
            "3": 4.4849419593811035,
            "4": 4.432941436767578,
            "5": 4.322077751159668,
            "6": 4.106170654296875,
            "7": 4.133557558059692,
            "8": 4.003319263458252,
            "9": 3.877201795578003,
            "10": 3.920842170715332,
            "11": 3.819014072418213,
            "12": 3.836789846420288,
            "13": 3.61348819732666,
            "14": 3.7460343837738037,
            "15": 2.219609498977661,
            "16": 2.114919424057007,
            "17": 2.0936427116394043,
            "18": 2.0312719345092773,
            "19": 2.0021915435791016,
            "20": 1.982069730758667,
            "21": 1.9695723056793213,
            "22": 1.959700107574463,
            "23": 1.9527630805969238,
            "24": 1.949683427810669,
            "25": 1.9399950504302979,
            "26": 1.9278652667999268,
            "27": 1.9294495582580566,
            "28": 1.932554006576538,
            "29": 1.9194393157958984
        },
        "time_test_teacher": {
            "0": 1.3586556911468506,
            "1": 1.454538345336914,
            "2": 1.5096893310546875,
            "3": 1.531724214553833,
            "4": 1.53184175491333,
            "5": 1.5498602390289307,
            "6": 1.543156623840332,
            "7": 1.5702307224273682,
            "8": 1.568277359008789,
            "9": 1.5582618713378906,
            "10": 1.57621169090271,
            "11": 1.5596191883087158,
            "12": 1.5611693859100342,
            "13": 1.5669326782226562,
            "14": 1.547835111618042,
            "15": 1.5422966480255127,
            "16": 1.5517525672912598,
            "17": 1.5651543140411377,
            "18": 1.5756583213806152,
            "19": 1.580601692199707,
            "20": 1.589193344116211,
            "21": 1.5923752784729004,
            "22": 1.58742094039917,
            "23": 1.5793309211730957,
            "24": 1.5651466846466064,
            "25": 1.5702645778656006,
            "26": 1.5747795104980469,
            "27": 1.5639033317565918,
            "28": 1.5855677127838135,
            "29": 1.579864501953125
        },
        "time_test_student": {
            "0": 0.6150474548339844,
            "1": 0.6379365921020508,
            "2": 0.6449897289276123,
            "3": 0.6423017978668213,
            "4": 0.6562573909759521,
            "5": 0.6453759670257568,
            "6": 0.6445155143737793,
            "7": 0.6401503086090088,
            "8": 0.6427342891693115,
            "9": 0.6478214263916016,
            "10": 0.6412343978881836,
            "11": 0.6396479606628418,
            "12": 0.6440567970275879,
            "13": 0.6395909786224365,
            "14": 0.6269090175628662,
            "15": 0.6369838714599609,
            "16": 0.6415953636169434,
            "17": 0.6413784027099609,
            "18": 0.6329278945922852,
            "19": 0.6359689235687256,
            "20": 0.6308043003082275,