{
    "results": {
        "acc_test_teacher": {
            "0": 80.812,
            "1": 82.048,
            "2": 83.148,
            "3": 84.592,
            "4": 84.36399999999999,
            "5": 84.7,
            "6": 84.42,
            "7": 84.64399999999999,
            "8": 84.416,
            "9": 84.52,
            "10": 84.444,
            "11": 84.24000000000001,
            "12": 84.636,
            "13": 84.64399999999999,
            "14": 84.604,
            "15": 84.196,
            "16": 84.544,
            "17": 84.512,
            "18": 84.54,
            "19": 84.608,
            "20": 84.16799999999999,
            "21": 84.41199999999999,
            "22": 84.56,
            "23": 84.396,
            "24": 84.564,
            "25": 84.044,
            "26": 84.47200000000001,
            "27": 84.548,
            "28": 84.13199999999999,
            "29": 83.872,
            "30": 83.828,
            "31": 83.892,
            "32": 83.744,
            "33": 84.15599999999999,
            "34": 84.308,
            "35": 83.944,
            "36": 83.88799999999999,
            "37": 83.76400000000001,
            "38": 84.04,
            "39": 83.52000000000001,
            "40": 84.036,
            "41": 83.784,
            "42": 83.616,
            "43": 83.64,
            "44": 83.49600000000001,
            "45": 83.272,
            "46": 83.028,
            "47": 83.476,
            "48": 82.948,
            "49": 83.12,
            "50": 83.152,
            "51": 83.452,
            "52": 83.7,
            "53": 83.38799999999999,
            "54": 83.004,
            "55": 82.664,
            "56": 83.14399999999999,
            "57": 82.896,
            "58": 82.464,
            "59": 82.884
        },
        "acc_test_student": {
            "0": 73.184,
            "1": 76.536,
            "2": 76.036,
            "3": 75.524,
            "4": 75.924,
            "5": 76.276,
            "6": 76.664,
            "7": 76.764,
            "8": 76.956,
            "9": 76.8,
            "10": 77.05199999999999,
            "11": 77.564,
            "12": 76.632,
            "13": 77.196,
            "14": 75.812,
            "15": 76.628,
            "16": 77.204,
            "17": 77.012,
            "18": 76.724,
            "19": 76.86,
            "20": 77.092,
            "21": 76.828,
            "22": 76.848,
            "23": 76.852,
            "24": 76.6,
            "25": 77.032,
            "26": 76.952,
            "27": 77.204,
            "28": 77.18,
            "29": 76.344,
            "30": 76.69200000000001,
            "31": 77.032,
            "32": 77.008,
            "33": 77.048,
            "34": 77.008,
            "35": 76.976,
            "36": 76.39200000000001,
            "37": 76.512,
            "38": 75.868,
            "39": 76.44,
            "40": 76.828,
            "41": 76.31599999999999,
            "42": 76.80399999999999,
            "43": 76.132,
            "44": 76.30799999999999,
            "45": 76.656,
            "46": 76.32,
            "47": 77.08,
            "48": 76.58,
            "49": 76.176,
            "50": 75.944,
            "51": 76.712,
            "52": 76.4,
            "53": 76.75999999999999,
            "54": 76.44,
            "55": 76.788,
            "56": 76.604,
            "57": 76.324,
            "58": 76.29599999999999,
            "59": 76.584
        },
        "acc_test_distilled": {
            "0": 80.572,
            "1": 81.54400000000001,
            "2": 82.14399999999999,
            "3": 82.872,
            "4": 83.26,
            "5": 83.844,
            "6": 83.864,
            "7": 84.16799999999999,
            "8": 84.436,
            "9": 84.688,
            "10": 85.032,
            "11": 84.88799999999999,
            "12": 85.256,
            "13": 85.332,
            "14": 85.652,
            "15": 85.744,
            "16": 85.80799999999999,
            "17": 85.824,
            "18": 85.956,
            "19": 86.1,
            "20": 85.612,
            "21": 85.69600000000001,
            "22": 85.468,
            "23": 85.516,
            "24": 85.94000000000001,
            "25": 85.82,
            "26": 85.892,
            "27": 85.444,
            "28": 85.596,
            "29": 85.476,
            "30": 53.952,
            "31": 54.04,
            "32": 53.776,
            "33": 53.132000000000005,
            "34": 53.052,
            "35": 53.215999999999994,
            "36": 53.112,
            "37": 53.244,
            "38": 53.124,
            "39": 53.0,
            "40": 53.008,
            "41": 52.964,
            "42": 53.044000000000004,
            "43": 52.959999999999994,
            "44": 52.94,
            "45": 52.959999999999994,
            "46": 52.980000000000004,
            "47": 52.94,
            "48": 53.004,
            "49": 52.903999999999996,
            "50": 52.856,
            "51": 52.900000000000006,
            "52": 52.884,
            "53": 52.872,
            "54": 52.844,
            "55": 52.764,
            "56": 52.856,
            "57": 52.952,
            "58": 52.912000000000006,
            "59": 52.827999999999996
        },
        "time_train_teacher": {
            "0": 6.808799743652344,
            "1": 6.971444129943848,
            "2": 7.098531246185303,
            "3": 6.963621377944946,
            "4": 6.979000091552734,
            "5": 7.006491422653198,
            "6": 7.073308944702148,
            "7": 6.991996765136719,
            "8": 7.357667922973633,
            "9": 7.112946510314941,
            "10": 7.000320672988892,
            "11": 7.006418466567993,
            "12": 7.078150749206543,
            "13": 7.005125999450684,
            "14": 7.008184432983398,
            "15": 6.9941771030426025,
            "16": 7.007814407348633,
            "17": 7.001553297042847,
            "18": 7.0126965045928955,
            "19": 7.0060882568359375,
            "20": 7.070059061050415,
            "21": 7.026338338851929,
            "22": 7.003053903579712,
            "23": 7.020596981048584,
            "24": 7.029613494873047,
            "25": 7.0401389598846436,
            "26": 7.09432315826416,
            "27": 7.046705007553101,
            "28": 7.013761758804321,
            "29": 7.020547866821289,
            "30": 7.022521495819092,
            "31": 7.039318084716797,
            "32": 7.598541736602783,
            "33": 7.079939603805542,
            "34": 7.042967081069946,
            "35": 7.0383830070495605,
            "36": 7.041761875152588,
            "37": 7.0542590618133545,
            "38": 7.053750514984131,
            "39": 7.046381711959839,
            "40": 7.059103488922119,
            "41": 7.043612241744995,
            "42": 7.060220241546631,
            "43": 7.053399085998535,
            "44": 7.054605007171631,
            "45": 7.083077430725098,
            "46": 7.071169853210449,
            "47": 7.176837682723999,
            "48": 7.2707297801971436,
            "49": 7.053450584411621,
            "50": 7.06637167930603,
            "51": 7.037086725234985,
            "52": 7.049848318099976,
            "53": 7.053392171859741,
            "54": 7.039545774459839,
            "55": 7.061784029006958,
            "56": 7.279013633728027,
            "57": 7.054438591003418,
            "58": 7.064606189727783,
            "59": 7.045628786087036
        },
        "time_train_student": {
            "0": 1.1517159938812256,
            "1": 1.160628080368042,
            "2": 1.158564567565918,
            "3": 1.1618003845214844,
            "4": 1.166412353515625,
            "5": 1.1659464836120605,
            "6": 1.1712055206298828,
            "7": 1.162113904953003,
            "8": 1.1589422225952148,
            "9": 1.169234037399292,
            "10": 1.1697516441345215,
            "11": 1.166795015335083,
            "12": 1.1581737995147705,