{
    "results": {
        "acc_test_teacher": {
            "0": 83.364,
            "1": 86.072,
            "2": 86.328,
            "3": 87.53999999999999,
            "4": 87.864,
            "5": 87.35199999999999,
            "6": 87.332,
            "7": 88.232,
            "8": 88.064,
            "9": 88.14800000000001,
            "10": 88.476,
            "11": 85.996,
            "12": 88.66000000000001,
            "13": 86.104,
            "14": 86.968,
            "15": 87.252,
            "16": 87.756,
            "17": 88.252,
            "18": 88.436,
            "19": 88.34,
            "20": 87.94800000000001,
            "21": 88.656,
            "22": 88.30799999999999,
            "23": 88.66000000000001,
            "24": 87.332,
            "25": 88.824,
            "26": 88.416,
            "27": 87.476,
            "28": 85.64399999999999,
            "29": 86.012
        },
        "acc_test_student": {
            "0": 80.25999999999999,
            "1": 79.488,
            "2": 83.14,
            "3": 79.0,
            "4": 82.516,
            "5": 84.784,
            "6": 80.884,
            "7": 85.024,
            "8": 83.804,
            "9": 83.544,
            "10": 84.54,
            "11": 85.032,
            "12": 84.468,
            "13": 85.244,
            "14": 85.104,
            "15": 85.30799999999999,
            "16": 85.5,
            "17": 86.068,
            "18": 81.96799999999999,
            "19": 84.89999999999999,
            "20": 80.656,
            "21": 86.0,
            "22": 84.884,
            "23": 80.516,
            "24": 86.116,
            "25": 86.292,
            "26": 81.92,
            "27": 85.328,
            "28": 84.41199999999999,
            "29": 86.224
        },
        "acc_test_distilled": {
            "0": 83.74000000000001,
            "1": 85.968,
            "2": 86.012,
            "3": 87.372,
            "4": 87.78399999999999,
            "5": 88.108,
            "6": 88.132,
            "7": 88.46000000000001,
            "8": 88.564,
            "9": 86.568,
            "10": 87.984,
            "11": 88.464,
            "12": 88.352,
            "13": 88.244,
            "14": 86.136,
            "15": 76.888,
            "16": 75.988,
            "17": 80.796,
            "18": 79.97999999999999,
            "19": 83.916,
            "20": 83.64,
            "21": 83.636,
            "22": 83.892,
            "23": 84.75200000000001,
            "24": 83.256,
            "25": 84.336,
            "26": 83.576,
            "27": 83.572,
            "28": 84.916,
            "29": 85.276
        },
        "time_train_teacher": {
            "0": 11.338634729385376,
            "1": 9.081237554550171,
            "2": 8.372829914093018,
            "3": 8.055291891098022,
            "4": 7.816131114959717,
            "5": 7.671646356582642,
            "6": 7.566729307174683,
            "7": 7.415554046630859,
            "8": 7.45349383354187,
            "9": 7.395057201385498,
            "10": 7.314626932144165,
            "11": 7.062841892242432,
            "12": 7.073931694030762,
            "13": 7.1698668003082275,
            "14": 7.156034708023071,
            "15": 7.194466590881348,
            "16": 6.910794734954834,
            "17": 6.766053915023804,
            "18": 6.609846830368042,
            "19": 6.509660720825195,
            "20": 6.422702074050903,
            "21": 6.510277986526489,
            "22": 6.483549356460571,
            "23": 6.52937650680542,
            "24": 6.3719165325164795,
            "25": 6.237483263015747,
            "26": 6.188612222671509,
            "27": 6.255737781524658,
            "28": 6.247523069381714,
            "29": 6.4198620319366455
        },
        "time_train_student": {
            "0": 2.2178795337677,
            "1": 2.028640031814575,
            "2": 1.854959487915039,
            "3": 1.7841875553131104,
            "4": 1.7558777332305908,
            "5": 1.6946699619293213,
            "6": 1.687061071395874,
            "7": 1.6524794101715088,
            "8": 1.6256866455078125,
            "9": 1.5934703350067139,
            "10": 1.5439510345458984,
            "11": 1.5340969562530518,
            "12": 1.5210871696472168,
            "13": 1.5034563541412354,
            "14": 1.4904086589813232,
            "15": 1.446993112564087,
            "16": 1.4566748142242432,
            "17": 1.4531054496765137,
            "18": 1.4235420227050781,
            "19": 1.396862268447876,
            "20": 1.4066221714019775,
            "21": 1.3814337253570557,
            "22": 1.3781676292419434,
            "23": 1.3893871307373047,
            "24": 1.344653844833374,
            "25": 1.354090929031372,
            "26": 1.3660392761230469,
            "27": 1.3378973007202148,
            "28": 1.3682124614715576,
            "29": 1.3300013542175293
        },
        "time_train_distilled": {
            "0": 11.594280242919922,
            "1": 9.255798578262329,
            "2": 8.481897830963135,
            "3": 8.275811195373535,
            "4": 7.972280502319336,
            "5": 7.741734743118286,
            "6": 7.776068687438965,
            "7": 7.598978757858276,
            "8": 7.415099382400513,
            "9": 7.757482290267944,
            "10": 7.5824174880981445,
            "11": 7.159609079360962,
            "12": 7.337533712387085,
            "13": 6.992146968841553,
            "14": 7.4396445751190186,
            "15": 4.582141876220703,
            "16": 4.365278720855713,
            "17": 4.292773723602295,
            "18": 4.176389932632446,
            "19": 4.083401679992676,
            "20": 4.0763208866119385,
            "21": 3.99543833732605,
            "22": 4.017738103866577,
            "23": 4.005820035934448,
            "24": 3.9094491004943848,
            "25": 3.9503467082977295,
            "26": 3.9479329586029053,
            "27": 3.9278454780578613,
            "28": 3.865149974822998,
            "29": 3.909738779067993
        },
        "time_test_teacher": {
            "0": 2.604020118713379,
            "1": 2.973742961883545,
            "2": 3.18471360206604,
            "3": 3.4074761867523193,
            "4": 3.4352259635925293,
            "5": 3.509612560272217,
            "6": 3.581005573272705,
            "7": 3.666337013244629,
            "8": 3.674839973449707,
            "9": 3.7425386905670166,
            "10": 3.7708282470703125,
            "11": 3.764091968536377,
            "12": 3.811772346496582,
            "13": 3.8121933937072754,
            "14": 3.8691837787628174,
            "15": 3.8029847145080566,
            "16": 3.824141502380371,
            "17": 3.8666951656341553,
            "18": 3.8917806148529053,
            "19": 3.9058334827423096,
            "20": 3.8969204425811768,
            "21": 3.896510124206543,
            "22": 3.9886536598205566,
            "23": 4.015567779541016,
            "24": 3.9457032680511475,
            "25": 3.938322067260742,
            "26": 3.9124629497528076,
            "27": 3.933706283569336,
            "28": 3.8799402713775635,
            "29": 3.8720414638519287
        },
        "time_test_student": {
            "0": 0.6335220336914062,
            "1": 0.6516673564910889,
            "2": 0.6516697406768799,
            "3": 0.651336669921875,
            "4": 0.6537744998931885,
            "5": 0.6542396545410156,
            "6": 0.6482560634613037,
            "7": 0.6406993865966797,
            "8": 0.643362283706665,
            "9": 0.6486611366271973,
            "10": 0.6448466777801514,
            "11": 0.6448643207550049,
            "12": 0.6443600654602051,
            "13": 0.6421866416931152,
            "14": 0.6470632553100586,
            "15": 0.6362185478210449,
            "16": 0.6335587501525879,
            "17": 0.6355938911437988,
            "18": 0.6295936107635498,