{
    "results": {
        "acc_test_teacher": {
            "0": 83.268,
            "1": 85.44,
            "2": 85.244,
            "3": 82.308,
            "4": 85.492,
            "5": 87.212,
            "6": 85.908,
            "7": 86.136,
            "8": 79.584,
            "9": 86.896,
            "10": 87.16000000000001,
            "11": 84.32,
            "12": 87.008,
            "13": 86.456,
            "14": 87.608,
            "15": 86.92,
            "16": 87.268,
            "17": 87.852,
            "18": 87.524,
            "19": 88.012,
            "20": 87.484,
            "21": 87.668,
            "22": 87.83999999999999,
            "23": 87.604,
            "24": 87.244,
            "25": 84.332,
            "26": 86.336,
            "27": 87.384,
            "28": 82.772,
            "29": 87.492
        },
        "acc_test_student": {
            "0": 76.068,
            "1": 78.468,
            "2": 79.4,
            "3": 80.47999999999999,
            "4": 80.60000000000001,
            "5": 78.61200000000001,
            "6": 79.448,
            "7": 82.42399999999999,
            "8": 81.428,
            "9": 82.832,
            "10": 80.74,
            "11": 81.82000000000001,
            "12": 82.044,
            "13": 81.96799999999999,
            "14": 83.72800000000001,
            "15": 82.68799999999999,
            "16": 83.2,
            "17": 83.86,
            "18": 83.932,
            "19": 83.788,
            "20": 84.20400000000001,
            "21": 83.872,
            "22": 83.608,
            "23": 82.236,
            "24": 84.028,
            "25": 84.604,
            "26": 83.336,
            "27": 84.66,
            "28": 83.52000000000001,
            "29": 84.264
        },
        "acc_test_distilled": {
            "0": 82.12,
            "1": 84.66799999999999,
            "2": 85.168,
            "3": 83.312,
            "4": 85.396,
            "5": 86.92,
            "6": 86.616,
            "7": 82.72800000000001,
            "8": 87.224,
            "9": 85.44800000000001,
            "10": 87.82,
            "11": 87.832,
            "12": 85.336,
            "13": 87.264,
            "14": 87.3,
            "15": 65.916,
            "16": 68.012,
            "17": 66.44,
            "18": 70.288,
            "19": 68.60000000000001,
            "20": 74.42,
            "21": 74.36,
            "22": 75.26,
            "23": 75.436,
            "24": 74.832,
            "25": 75.2,
            "26": 75.092,
            "27": 74.82,
            "28": 75.74,
            "29": 75.332
        },
        "time_train_teacher": {
            "0": 6.199374675750732,
            "1": 4.775262117385864,
            "2": 4.770036220550537,
            "3": 4.487597703933716,
            "4": 4.51064920425415,
            "5": 3.9435155391693115,
            "6": 3.880134344100952,
            "7": 3.809011697769165,
            "8": 4.071330547332764,
            "9": 3.6527018547058105,
            "10": 3.8829588890075684,
            "11": 3.5902020931243896,
            "12": 3.8917150497436523,
            "13": 3.602942705154419,
            "14": 3.4641358852386475,
            "15": 3.5870654582977295,
            "16": 3.535938024520874,
            "17": 3.372265338897705,
            "18": 3.2837564945220947,
            "19": 3.2450780868530273,
            "20": 3.167118549346924,
            "21": 3.172111749649048,
            "22": 3.158369541168213,
            "23": 3.1308789253234863,
            "24": 2.948007106781006,
            "25": 3.113420009613037,
            "26": 2.9833788871765137,
            "27": 3.0974111557006836,
            "28": 3.007462739944458,
            "29": 3.0279407501220703
        },
        "time_train_student": {
            "0": 1.119251012802124,
            "1": 1.1081697940826416,
            "2": 1.0493433475494385,
            "3": 1.0048270225524902,
            "4": 0.9717748165130615,
            "5": 0.9666669368743896,
            "6": 0.9400684833526611,
            "7": 0.930140495300293,
            "8": 0.9059128761291504,
            "9": 1.2413113117218018,
            "10": 1.0369932651519775,
            "11": 0.8901102542877197,
            "12": 1.0010931491851807,
            "13": 0.8776025772094727,
            "14": 0.8555030822753906,
            "15": 0.8465192317962646,
            "16": 0.8510494232177734,
            "17": 0.8513360023498535,
            "18": 0.8345725536346436,
            "19": 0.9220595359802246,
            "20": 0.8453342914581299,
            "21": 0.9108600616455078,
            "22": 0.8314173221588135,
            "23": 0.88861083984375,
            "24": 0.8402094841003418,
            "25": 0.8923718929290771,
            "26": 0.8186695575714111,
            "27": 0.7983319759368896,
            "28": 0.8189656734466553,
            "29": 0.8111793994903564
        },
        "time_train_distilled": {
            "0": 5.781259298324585,
            "1": 4.742302656173706,
            "2": 4.34601616859436,
            "3": 4.286592721939087,
            "4": 4.1266045570373535,
            "5": 3.8321568965911865,
            "6": 3.8801801204681396,
            "7": 3.833519697189331,
            "8": 3.8559927940368652,
            "9": 3.6383471488952637,
            "10": 3.505399227142334,
            "11": 3.4957683086395264,
            "12": 3.5379836559295654,
            "13": 3.462808132171631,
            "14": 3.3360424041748047,
            "15": 1.7540802955627441,
            "16": 1.7817165851593018,
            "17": 1.5620245933532715,
            "18": 1.5484089851379395,
            "19": 1.542691946029663,
            "20": 1.5439913272857666,
            "21": 1.5560438632965088,
            "22": 1.5402498245239258,
            "23": 1.5354347229003906,
            "24": 1.5868885517120361,
            "25": 1.5710275173187256,
            "26": 1.608473539352417,
            "27": 1.5200707912445068,
            "28": 1.5095553398132324,
            "29": 1.5768752098083496
        },
        "time_test_teacher": {
            "0": 1.4041986465454102,
            "1": 1.4365885257720947,
            "2": 1.427703619003296,
            "3": 1.442742109298706,
            "4": 1.50197434425354,
            "5": 1.4564568996429443,
            "6": 1.490330457687378,
            "7": 1.4456136226654053,
            "8": 1.4524822235107422,
            "9": 1.4778594970703125,
            "10": 1.468703269958496,
            "11": 1.4869308471679688,
            "12": 1.4560997486114502,
            "13": 1.5033278465270996,
            "14": 1.461613416671753,
            "15": 1.4614994525909424,
            "16": 1.4801139831542969,
            "17": 1.465470552444458,
            "18": 1.4547672271728516,
            "19": 1.4588396549224854,
            "20": 1.4658498764038086,
            "21": 1.466651201248169,
            "22": 1.4644718170166016,
            "23": 1.4731459617614746,
            "24": 1.461235523223877,
            "25": 1.4511473178863525,
            "26": 1.464925765991211,
            "27": 1.455357551574707,
            "28": 1.4538090229034424,
            "29": 1.4631319046020508
        },
        "time_test_student": {
            "0": 0.4458160400390625,
            "1": 0.45501017570495605,
            "2": 0.45801377296447754,
            "3": 0.4582192897796631,
            "4": 0.4588651657104492,
            "5": 0.4599900245666504,
            "6": 0.4581575393676758,
            "7": 0.45561861991882324,
            "8": 0.47952842712402344,
            "9": 0.4792966842651367,
            "10": 0.46166110038757324,
            "11": 0.4626882076263428,
            "12": 0.46982407569885254,
            "13": 0.4660677909851074,
            "14": 0.4521665573120117,
            "15": 0.4724867343902588,
            "16": 0.45338892936706543,
            "17": 0.4524405002593994,
            "18": 0.4577181339263916,