{
    "results": {
        "acc_test_teacher": {
            "0": 81.808,
            "1": 82.232,
            "2": 81.804,
            "3": 80.22,
            "4": 85.104,
            "5": 85.652,
            "6": 81.78800000000001,
            "7": 80.796,
            "8": 85.932,
            "9": 86.02,
            "10": 86.29599999999999,
            "11": 86.744,
            "12": 85.64,
            "13": 84.088,
            "14": 81.548,
            "15": 84.992,
            "16": 85.844,
            "17": 86.576,
            "18": 86.664,
            "19": 84.568,
            "20": 84.332,
            "21": 86.08,
            "22": 86.752,
            "23": 85.148,
            "24": 86.98,
            "25": 86.83999999999999,
            "26": 86.996,
            "27": 85.60799999999999,
            "28": 85.98,
            "29": 84.64399999999999
        },
        "acc_test_student": {
            "0": 75.964,
            "1": 77.448,
            "2": 79.552,
            "3": 80.34,
            "4": 80.78,
            "5": 77.74799999999999,
            "6": 79.75999999999999,
            "7": 79.56400000000001,
            "8": 82.52000000000001,
            "9": 82.952,
            "10": 81.0,
            "11": 82.784,
            "12": 78.8,
            "13": 83.276,
            "14": 79.872,
            "15": 81.232,
            "16": 83.056,
            "17": 83.164,
            "18": 83.988,
            "19": 83.444,
            "20": 83.67999999999999,
            "21": 84.316,
            "22": 84.14399999999999,
            "23": 83.50800000000001,
            "24": 82.32000000000001,
            "25": 83.652,
            "26": 84.61999999999999,
            "27": 84.776,
            "28": 84.532,
            "29": 84.61999999999999
        },
        "acc_test_distilled": {
            "0": 82.324,
            "1": 84.332,
            "2": 84.672,
            "3": 83.696,
            "4": 84.648,
            "5": 84.628,
            "6": 85.536,
            "7": 78.324,
            "8": 83.244,
            "9": 86.68,
            "10": 86.72800000000001,
            "11": 86.168,
            "12": 86.82,
            "13": 86.944,
            "14": 87.104,
            "15": 74.112,
            "16": 74.9,
            "17": 75.44800000000001,
            "18": 75.2,
            "19": 72.884,
            "20": 74.736,
            "21": 73.34,
            "22": 74.024,
            "23": 74.58,
            "24": 74.82799999999999,
            "25": 74.684,
            "26": 74.824,
            "27": 75.64,
            "28": 76.196,
            "29": 75.412
        },
        "time_train_teacher": {
            "0": 3.6777703762054443,
            "1": 3.153391122817993,
            "2": 2.909477949142456,
            "3": 2.865116596221924,
            "4": 2.7940797805786133,
            "5": 2.713189125061035,
            "6": 2.6819050312042236,
            "7": 2.6117801666259766,
            "8": 2.5428998470306396,
            "9": 2.5105504989624023,
            "10": 2.3890345096588135,
            "11": 2.4586517810821533,
            "12": 2.4164576530456543,
            "13": 2.375464677810669,
            "14": 2.295029878616333,
            "15": 2.3281242847442627,
            "16": 2.2880780696868896,
            "17": 2.273658514022827,
            "18": 2.165217399597168,
            "19": 2.2252352237701416,
            "20": 2.1304702758789062,
            "21": 2.126626491546631,
            "22": 2.133981227874756,
            "23": 2.146821975708008,
            "24": 2.0625555515289307,
            "25": 2.0402050018310547,
            "26": 2.0657544136047363,
            "27": 2.088667392730713,
            "28": 2.0963516235351562,
            "29": 2.0271034240722656
        },
        "time_train_student": {
            "0": 1.1784701347351074,
            "1": 1.1489722728729248,
            "2": 1.101686716079712,
            "3": 1.0512237548828125,
            "4": 1.0243628025054932,
            "5": 0.9947049617767334,
            "6": 0.991645336151123,
            "7": 0.9639739990234375,
            "8": 0.957324743270874,
            "9": 0.9511480331420898,
            "10": 0.9373331069946289,
            "11": 0.9215419292449951,
            "12": 0.9184885025024414,
            "13": 0.9046604633331299,
            "14": 0.9056854248046875,
            "15": 0.8913612365722656,
            "16": 0.8853192329406738,
            "17": 0.8765792846679688,
            "18": 0.8824541568756104,
            "19": 0.8748564720153809,
            "20": 0.8529114723205566,
            "21": 0.8614695072174072,
            "22": 0.8573887348175049,
            "23": 0.8477368354797363,
            "24": 0.8511326313018799,
            "25": 0.852576732635498,
            "26": 0.8477869033813477,
            "27": 0.8322279453277588,
            "28": 0.8463318347930908,
            "29": 0.8331069946289062
        },
        "time_train_distilled": {
            "0": 3.6950042247772217,
            "1": 3.167957305908203,
            "2": 2.9595837593078613,
            "3": 2.8560099601745605,
            "4": 2.8216183185577393,
            "5": 2.6586835384368896,
            "6": 2.636194944381714,
            "7": 2.619170665740967,
            "8": 2.5464417934417725,
            "9": 2.5014548301696777,
            "10": 2.432565212249756,
            "11": 2.4636077880859375,
            "12": 2.355729818344116,
            "13": 2.3400940895080566,
            "14": 2.282015085220337,
            "15": 1.0641417503356934,
            "16": 1.0530710220336914,
            "17": 1.0427849292755127,
            "18": 1.0412487983703613,
            "19": 1.0338237285614014,
            "20": 1.0265984535217285,
            "21": 1.0261826515197754,
            "22": 1.0114765167236328,
            "23": 1.0047616958618164,
            "24": 1.0102620124816895,
            "25": 1.0116996765136719,
            "26": 1.0123422145843506,
            "27": 1.0046744346618652,
            "28": 1.0214335918426514,
            "29": 1.009230613708496
        },
        "time_test_teacher": {
            "0": 0.900127649307251,
            "1": 0.9332554340362549,
            "2": 0.9495053291320801,
            "3": 0.956000566482544,
            "4": 0.9589734077453613,
            "5": 0.9668071269989014,
            "6": 0.9508254528045654,
            "7": 0.9575932025909424,
            "8": 0.956840991973877,
            "9": 0.948932409286499,
            "10": 0.9571683406829834,
            "11": 0.9385855197906494,
            "12": 0.9443466663360596,
            "13": 0.9341788291931152,
            "14": 0.9484560489654541,
            "15": 0.9483561515808105,
            "16": 0.9492814540863037,
            "17": 0.9376368522644043,
            "18": 0.9506173133850098,
            "19": 0.947120189666748,
            "20": 0.941521406173706,
            "21": 0.9419713020324707,
            "22": 0.9378676414489746,
            "23": 0.9393894672393799,
            "24": 0.9386775493621826,
            "25": 0.9437398910522461,
            "26": 0.936413049697876,
            "27": 0.9350094795227051,
            "28": 0.9400937557220459,
            "29": 0.9270601272583008
        },
        "time_test_student": {
            "0": 0.44741201400756836,
            "1": 0.45440077781677246,
            "2": 0.45762038230895996,
            "3": 0.45782947540283203,
            "4": 0.45892930030822754,
            "5": 0.46052002906799316,
            "6": 0.46764206886291504,
            "7": 0.4661240577697754,
            "8": 0.46268415451049805,
            "9": 0.45737624168395996,
            "10": 0.46195530891418457,
            "11": 0.454226016998291,
            "12": 0.45949840545654297,
            "13": 0.4618070125579834,
            "14": 0.45530152320861816,
            "15": 0.45549750328063965,
            "16": 0.4616091251373291,