{
    "results": {
        "acc_test_teacher": {
            "0": 77.85600000000001,
            "1": 80.156,
            "2": 81.72399999999999,
            "3": 82.91199999999999,
            "4": 83.856,
            "5": 84.39999999999999,
            "6": 84.94,
            "7": 85.35199999999999,
            "8": 85.732,
            "9": 85.936,
            "10": 86.16,
            "11": 86.32,
            "12": 86.512,
            "13": 86.572,
            "14": 86.72800000000001,
            "15": 86.812,
            "16": 87.012,
            "17": 87.036,
            "18": 87.048,
            "19": 87.112,
            "20": 87.092,
            "21": 87.29599999999999,
            "22": 87.252,
            "23": 87.432,
            "24": 87.42,
            "25": 87.424,
            "26": 87.388,
            "27": 87.508,
            "28": 87.53999999999999,
            "29": 87.496,
            "30": 87.36,
            "31": 87.492,
            "32": 87.40400000000001,
            "33": 87.53999999999999,
            "34": 87.32799999999999,
            "35": 87.524,
            "36": 87.56,
            "37": 87.408,
            "38": 87.344,
            "39": 87.324,
            "40": 87.2,
            "41": 87.22800000000001,
            "42": 87.268,
            "43": 87.372,
            "44": 87.28399999999999,
            "45": 87.208,
            "46": 87.484,
            "47": 87.324,
            "48": 87.312,
            "49": 87.288,
            "50": 87.1,
            "51": 87.004,
            "52": 86.868,
            "53": 86.904,
            "54": 86.8,
            "55": 86.68400000000001,
            "56": 86.652,
            "57": 86.588,
            "58": 86.652,
            "59": 86.584
        },
        "acc_test_student": {
            "0": 81.196,
            "1": 83.288,
            "2": 84.244,
            "3": 84.63199999999999,
            "4": 84.34,
            "5": 84.976,
            "6": 84.852,
            "7": 85.124,
            "8": 85.16,
            "9": 85.276,
            "10": 84.868,
            "11": 85.452,
            "12": 85.56,
            "13": 84.72800000000001,
            "14": 84.476,
            "15": 84.7,
            "16": 84.784,
            "17": 84.784,
            "18": 84.65599999999999,
            "19": 84.82,
            "20": 84.492,
            "21": 84.404,
            "22": 84.24000000000001,
            "23": 85.10799999999999,
            "24": 84.66799999999999,
            "25": 84.504,
            "26": 83.784,
            "27": 83.384,
            "28": 83.616,
            "29": 83.828,
            "30": 83.748,
            "31": 83.836,
            "32": 83.328,
            "33": 83.328,
            "34": 83.38799999999999,
            "35": 83.48,
            "36": 83.384,
            "37": 83.47200000000001,
            "38": 83.18799999999999,
            "39": 83.368,
            "40": 83.672,
            "41": 83.628,
            "42": 83.536,
            "43": 83.096,
            "44": 83.224,
            "45": 83.048,
            "46": 83.316,
            "47": 83.364,
            "48": 83.42,
            "49": 82.736,
            "50": 83.636,
            "51": 83.344,
            "52": 82.796,
            "53": 83.312,
            "54": 83.248,
            "55": 83.504,
            "56": 83.452,
            "57": 83.43599999999999,
            "58": 83.516,
            "59": 83.3
        },
        "acc_test_distilled": {
            "0": 80.648,
            "1": 82.50800000000001,
            "2": 83.864,
            "3": 84.612,
            "4": 85.148,
            "5": 85.676,
            "6": 85.924,
            "7": 86.292,
            "8": 86.536,
            "9": 86.64,
            "10": 86.88,
            "11": 86.988,
            "12": 87.08,
            "13": 87.196,
            "14": 87.252,
            "15": 87.20400000000001,
            "16": 87.272,
            "17": 87.176,
            "18": 87.452,
            "19": 87.332,
            "20": 87.4,
            "21": 87.256,
            "22": 87.40400000000001,
            "23": 87.19200000000001,
            "24": 87.348,
            "25": 87.276,
            "26": 87.264,
            "27": 87.384,
            "28": 87.33999999999999,
            "29": 87.436,
            "30": 63.588,
            "31": 56.635999999999996,
            "32": 55.467999999999996,
            "33": 55.50000000000001,
            "34": 55.284,
            "35": 55.428,
            "36": 55.44,
            "37": 54.956,
            "38": 55.096000000000004,
            "39": 55.00000000000001,
            "40": 55.092,
            "41": 55.004,
            "42": 54.928,
            "43": 54.896,
            "44": 54.836,
            "45": 54.93599999999999,
            "46": 54.848,
            "47": 54.888000000000005,
            "48": 54.784,
            "49": 54.815999999999995,
            "50": 54.796,
            "51": 54.864000000000004,
            "52": 54.676,
            "53": 54.556000000000004,
            "54": 54.856,
            "55": 54.696,
            "56": 54.647999999999996,
            "57": 54.644000000000005,
            "58": 54.644000000000005,
            "59": 54.583999999999996
        },
        "time_train_teacher": {
            "0": 45.87920141220093,
            "1": 45.83927273750305,
            "2": 46.86842584609985,
            "3": 48.59412932395935,
            "4": 49.24299955368042,
            "5": 49.647918939590454,
            "6": 50.251688957214355,
            "7": 51.281002044677734,
            "8": 51.62856483459473,
            "9": 52.394089698791504,
            "10": 52.18172287940979,
            "11": 52.373618364334106,
            "12": 53.32682466506958,
            "13": 53.492023229599,
            "14": 53.43223690986633,
            "15": 54.05611276626587,
            "16": 54.009037494659424,
            "17": 54.55739760398865,
            "18": 54.98080110549927,
            "19": 54.5695276260376,
            "20": 54.6636905670166,
            "21": 54.83240103721619,
            "22": 55.390992879867554,
            "23": 55.61900353431702,
            "24": 55.36381721496582,
            "25": 55.85753583908081,
            "26": 55.686702728271484,
            "27": 55.76882076263428,
            "28": 55.52053165435791,
            "29": 55.84458637237549,
            "30": 56.81761145591736,
            "31": 56.55054473876953,
            "32": 56.18474793434143,
            "33": 56.255605697631836,
            "34": 56.3952693939209,
            "35": 56.65807843208313,
            "36": 56.41900944709778,
            "37": 56.30500388145447,
            "38": 56.5638530254364,
            "39": 56.21861934661865,
            "40": 56.25791025161743,
            "41": 56.87047624588013,
            "42": 56.839885234832764,
            "43": 56.999796628952026,
            "44": 57.059937477111816,
            "45": 56.36174535751343,
            "46": 56.77607011795044,
            "47": 57.07476830482483,
            "48": 56.84355926513672,
            "49": 56.70941615104675,
            "50": 56.80111074447632,
            "51": 56.78545546531677,
            "52": 56.484538316726685,
            "53": 57.10676193237305,
            "54": 57.26250147819519,
            "55": 57.2439706325531,
            "56": 56.953407764434814,
            "57": 57.19274091720581,
            "58": 56.715336561203,
            "59": 57.28523802757263
        },
        "time_train_student": {
            "0": 6.862594366073608,
            "1": 6.977612495422363,
            "2": 7.028892278671265,
            "3": 7.032758951187134,
            "4": 6.994601488113403,
            "5": 7.03224515914917,
            "6": 7.036284446716309,
            "7": 7.2353761196136475,
            "8": 7.016058444976807,
            "9": 7.066771745681763,
            "10": 7.117693901062012,
            "11": 7.066876649856567,