{
    "results": {
        "acc_test_teacher": {
            "0": 82.592,
            "1": 82.772,
            "2": 84.49600000000001,
            "3": 86.424,
            "4": 85.548,
            "5": 87.332,
            "6": 87.576,
            "7": 83.336,
            "8": 87.744,
            "9": 85.48,
            "10": 87.876,
            "11": 87.10799999999999,
            "12": 83.548,
            "13": 87.456,
            "14": 86.444,
            "15": 87.06,
            "16": 87.44,
            "17": 86.772,
            "18": 87.112,
            "19": 87.752,
            "20": 87.952,
            "21": 87.724,
            "22": 87.408,
            "23": 87.82,
            "24": 87.952,
            "25": 88.14800000000001,
            "26": 87.696,
            "27": 85.456,
            "28": 87.67200000000001,
            "29": 88.26
        },
        "acc_test_student": {
            "0": 77.46,
            "1": 79.688,
            "2": 80.704,
            "3": 79.692,
            "4": 81.432,
            "5": 79.31200000000001,
            "6": 82.56400000000001,
            "7": 82.26,
            "8": 81.432,
            "9": 77.248,
            "10": 83.67599999999999,
            "11": 83.692,
            "12": 81.836,
            "13": 83.844,
            "14": 82.084,
            "15": 84.3,
            "16": 82.428,
            "17": 84.072,
            "18": 84.524,
            "19": 82.92,
            "20": 84.944,
            "21": 83.396,
            "22": 85.004,
            "23": 85.18,
            "24": 83.276,
            "25": 84.964,
            "26": 82.93599999999999,
            "27": 83.956,
            "28": 85.172,
            "29": 83.65599999999999
        },
        "acc_test_distilled": {
            "0": 82.45599999999999,
            "1": 84.884,
            "2": 84.536,
            "3": 86.904,
            "4": 86.10799999999999,
            "5": 86.576,
            "6": 86.42800000000001,
            "7": 86.104,
            "8": 86.72,
            "9": 87.848,
            "10": 86.96000000000001,
            "11": 86.368,
            "12": 86.252,
            "13": 87.86,
            "14": 87.304,
            "15": 76.548,
            "16": 74.876,
            "17": 77.92,
            "18": 76.484,
            "19": 79.864,
            "20": 80.176,
            "21": 81.38,
            "22": 81.46,
            "23": 81.984,
            "24": 81.43599999999999,
            "25": 82.62,
            "26": 81.88,
            "27": 81.208,
            "28": 82.312,
            "29": 82.16
        },
        "time_train_teacher": {
            "0": 6.235864877700806,
            "1": 4.974467039108276,
            "2": 4.5534892082214355,
            "3": 4.486773729324341,
            "4": 4.360212564468384,
            "5": 4.193666696548462,
            "6": 4.035290002822876,
            "7": 4.088729381561279,
            "8": 3.969815731048584,
            "9": 3.833982229232788,
            "10": 3.850703477859497,
            "11": 3.7614381313323975,
            "12": 3.5855960845947266,
            "13": 3.6903300285339355,
            "14": 3.5841312408447266,
            "15": 3.569488525390625,
            "16": 3.4716997146606445,
            "17": 3.4498019218444824,
            "18": 3.5386404991149902,
            "19": 3.472597360610962,
            "20": 3.377288818359375,
            "21": 3.265587568283081,
            "22": 3.4031310081481934,
            "23": 3.2721192836761475,
            "24": 3.1750760078430176,
            "25": 3.100978374481201,
            "26": 3.1327242851257324,
            "27": 3.2290453910827637,
            "28": 3.1445810794830322,
            "29": 3.0108749866485596
        },
        "time_train_student": {
            "0": 1.356440544128418,
            "1": 1.3161048889160156,
            "2": 1.2381746768951416,
            "3": 1.186288595199585,
            "4": 1.1375560760498047,
            "5": 1.126680612564087,
            "6": 1.1023445129394531,
            "7": 1.0725862979888916,
            "8": 1.0642907619476318,
            "9": 1.063539981842041,
            "10": 1.0262045860290527,
            "11": 1.0313658714294434,
            "12": 1.0229225158691406,
            "13": 1.002389907836914,
            "14": 0.9979109764099121,
            "15": 1.015061378479004,
            "16": 0.9859359264373779,
            "17": 0.9843692779541016,
            "18": 0.9703001976013184,
            "19": 0.9816124439239502,
            "20": 0.9644381999969482,
            "21": 0.9604322910308838,
            "22": 0.9530842304229736,
            "23": 0.959968090057373,
            "24": 0.9467532634735107,
            "25": 0.9325103759765625,
            "26": 0.9318792819976807,
            "27": 0.9393777847290039,
            "28": 0.9338452816009521,
            "29": 0.9209926128387451
        },
        "time_train_distilled": {
            "0": 6.2264404296875,
            "1": 4.972174406051636,
            "2": 4.579557418823242,
            "3": 4.366758584976196,
            "4": 4.277819633483887,
            "5": 4.175900936126709,
            "6": 4.171222686767578,
            "7": 4.112797260284424,
            "8": 3.901656150817871,
            "9": 3.834533214569092,
            "10": 3.8284683227539062,
            "11": 3.826035499572754,
            "12": 3.8046038150787354,
            "13": 3.8940443992614746,
            "14": 3.6306307315826416,
            "15": 1.8345952033996582,
            "16": 1.7969024181365967,
            "17": 1.7703979015350342,
            "18": 1.746248722076416,
            "19": 1.7275447845458984,
            "20": 1.727121353149414,
            "21": 1.714548110961914,
            "22": 1.7024383544921875,
            "23": 1.701174020767212,
            "24": 1.7031986713409424,
            "25": 1.6861414909362793,
            "26": 1.6921570301055908,
            "27": 1.6909091472625732,
            "28": 1.6816155910491943,
            "29": 1.674861192703247
        },
        "time_test_teacher": {
            "0": 1.3443069458007812,
            "1": 1.4882211685180664,
            "2": 1.5550658702850342,
            "3": 1.5698533058166504,
            "4": 1.5937552452087402,
            "5": 1.601186752319336,
            "6": 1.6044723987579346,
            "7": 1.6080987453460693,
            "8": 1.5999171733856201,
            "9": 1.6064262390136719,
            "10": 1.612861156463623,
            "11": 1.6104519367218018,
            "12": 1.6121082305908203,
            "13": 1.614990472793579,
            "14": 1.6278409957885742,
            "15": 1.6179327964782715,
            "16": 1.618635892868042,
            "17": 1.6202630996704102,
            "18": 1.6046462059020996,
            "19": 1.617225170135498,
            "20": 1.6198821067810059,
            "21": 1.6254298686981201,
            "22": 1.6255803108215332,
            "23": 1.6237421035766602,
            "24": 1.6180472373962402,
            "25": 1.6421880722045898,
            "26": 1.635568380355835,
            "27": 1.6327037811279297,
            "28": 1.6322147846221924,
            "29": 1.6376988887786865
        },
        "time_test_student": {
            "0": 0.4768521785736084,
            "1": 0.48242998123168945,
            "2": 0.48603081703186035,
            "3": 0.49072933197021484,
            "4": 0.4924154281616211,
            "5": 0.495225191116333,
            "6": 0.4958503246307373,
            "7": 0.4910905361175537,
            "8": 0.49141883850097656,
            "9": 0.4898247718811035,
            "10": 0.4962494373321533,
            "11": 0.4934070110321045,
            "12": 0.4893064498901367,
            "13": 0.49376773834228516,
            "14": 0.4905979633331299,
            "15": 0.4839961528778076,
            "16": 0.48735499382019043,
            "17": 0.4854133129119873,
            "18": 0.49117279052734375,