{
    "results": {
        "acc_test_teacher": {
            "0": 83.616,
            "1": 85.97200000000001,
            "2": 86.3,
            "3": 79.10000000000001,
            "4": 84.348,
            "5": 85.336,
            "6": 86.748,
            "7": 81.284,
            "8": 86.148,
            "9": 85.756,
            "10": 86.164,
            "11": 87.272,
            "12": 86.80799999999999,
            "13": 87.59599999999999,
            "14": 87.436,
            "15": 84.696,
            "16": 82.76400000000001,
            "17": 83.612,
            "18": 82.94,
            "19": 84.556,
            "20": 87.28,
            "21": 88.02799999999999,
            "22": 87.556,
            "23": 87.62,
            "24": 87.604,
            "25": 85.88799999999999,
            "26": 87.564,
            "27": 87.068,
            "28": 86.98,
            "29": 86.29599999999999
        },
        "acc_test_student": {
            "0": 75.732,
            "1": 77.512,
            "2": 77.48,
            "3": 77.364,
            "4": 79.25999999999999,
            "5": 81.688,
            "6": 81.504,
            "7": 82.8,
            "8": 82.5,
            "9": 82.504,
            "10": 81.72,
            "11": 83.232,
            "12": 82.92399999999999,
            "13": 83.56400000000001,
            "14": 82.6,
            "15": 82.468,
            "16": 84.016,
            "17": 83.99600000000001,
            "18": 81.592,
            "19": 81.448,
            "20": 84.24000000000001,
            "21": 83.71600000000001,
            "22": 84.48,
            "23": 84.004,
            "24": 83.76,
            "25": 83.66,
            "26": 84.52,
            "27": 83.328,
            "28": 82.464,
            "29": 84.22800000000001
        },
        "acc_test_distilled": {
            "0": 83.612,
            "1": 78.568,
            "2": 84.624,
            "3": 85.464,
            "4": 86.232,
            "5": 86.30799999999999,
            "6": 87.208,
            "7": 86.008,
            "8": 84.964,
            "9": 86.612,
            "10": 87.068,
            "11": 87.372,
            "12": 87.048,
            "13": 85.332,
            "14": 86.36399999999999,
            "15": 73.604,
            "16": 75.624,
            "17": 69.33200000000001,
            "18": 76.608,
            "19": 77.7,
            "20": 76.62,
            "21": 76.564,
            "22": 78.93599999999999,
            "23": 79.02,
            "24": 79.17999999999999,
            "25": 79.2,
            "26": 79.168,
            "27": 79.208,
            "28": 79.47999999999999,
            "29": 79.636
        },
        "time_train_teacher": {
            "0": 6.377654790878296,
            "1": 5.285014629364014,
            "2": 5.020534038543701,
            "3": 4.950390100479126,
            "4": 4.72960901260376,
            "5": 4.521345615386963,
            "6": 4.467997312545776,
            "7": 4.369717836380005,
            "8": 4.328949689865112,
            "9": 4.120908737182617,
            "10": 4.0438432693481445,
            "11": 4.114881753921509,
            "12": 3.9362266063690186,
            "13": 3.7681543827056885,
            "14": 3.903956651687622,
            "15": 4.010390281677246,
            "16": 3.854048013687134,
            "17": 3.787945032119751,
            "18": 3.847080707550049,
            "19": 3.7066879272460938,
            "20": 3.638838291168213,
            "21": 3.7095229625701904,
            "22": 3.4529223442077637,
            "23": 3.466459274291992,
            "24": 3.3305611610412598,
            "25": 3.3941400051116943,
            "26": 3.417750835418701,
            "27": 3.3588638305664062,
            "28": 3.388596296310425,
            "29": 3.4291231632232666
        },
        "time_train_student": {
            "0": 1.1842265129089355,
            "1": 1.1623752117156982,
            "2": 1.1108191013336182,
            "3": 1.066542387008667,
            "4": 1.0258264541625977,
            "5": 0.9994959831237793,
            "6": 0.992650032043457,
            "7": 0.9734628200531006,
            "8": 0.9644150733947754,
            "9": 0.9400956630706787,
            "10": 0.9302012920379639,
            "11": 0.9379653930664062,
            "12": 0.9176323413848877,
            "13": 0.9011960029602051,
            "14": 0.9043707847595215,
            "15": 0.8958327770233154,
            "16": 0.878758430480957,
            "17": 0.8803327083587646,
            "18": 0.8873887062072754,
            "19": 0.8809983730316162,
            "20": 0.8585848808288574,
            "21": 0.8628590106964111,
            "22": 0.8659465312957764,
            "23": 0.8625843524932861,
            "24": 0.8507070541381836,
            "25": 0.8393464088439941,
            "26": 0.8442082405090332,
            "27": 0.8558828830718994,
            "28": 0.8408052921295166,
            "29": 0.8409774303436279
        },
        "time_train_distilled": {
            "0": 6.3421571254730225,
            "1": 5.283753395080566,
            "2": 4.887073993682861,
            "3": 4.722194671630859,
            "4": 4.645016431808472,
            "5": 4.324048042297363,
            "6": 4.358054161071777,
            "7": 4.349774122238159,
            "8": 4.1992175579071045,
            "9": 3.9998085498809814,
            "10": 4.053893804550171,
            "11": 4.293377876281738,
            "12": 3.992358922958374,
            "13": 3.853395700454712,
            "14": 3.952672004699707,
            "15": 1.7993981838226318,
            "16": 1.783067226409912,
            "17": 1.7596166133880615,
            "18": 1.736034631729126,
            "19": 1.7352867126464844,
            "20": 1.7205157279968262,
            "21": 1.7179949283599854,
            "22": 1.713646650314331,
            "23": 1.7157917022705078,
            "24": 1.6984031200408936,
            "25": 1.7326037883758545,
            "26": 1.7323369979858398,
            "27": 1.9165053367614746,
            "28": 1.6901075839996338,
            "29": 1.695509672164917
        },
        "time_test_teacher": {
            "0": 1.5309691429138184,
            "1": 1.6002283096313477,
            "2": 1.628408670425415,
            "3": 1.6442348957061768,
            "4": 1.6386070251464844,
            "5": 1.6487739086151123,
            "6": 1.639082670211792,
            "7": 1.6360881328582764,
            "8": 1.6537604331970215,
            "9": 1.6696455478668213,
            "10": 1.6482839584350586,
            "11": 1.6653685569763184,
            "12": 1.664231300354004,
            "13": 1.6583101749420166,
            "14": 1.6412081718444824,
            "15": 1.6233961582183838,
            "16": 1.637969732284546,
            "17": 1.6578025817871094,
            "18": 1.637535572052002,
            "19": 1.6461832523345947,
            "20": 1.6411449909210205,
            "21": 1.644989013671875,
            "22": 1.6281852722167969,
            "23": 1.6456096172332764,
            "24": 1.6441667079925537,
            "25": 1.635551929473877,
            "26": 1.6429831981658936,
            "27": 1.6295866966247559,
            "28": 1.6310811042785645,
            "29": 1.637258529663086
        },
        "time_test_student": {
            "0": 0.453366756439209,
            "1": 0.4574592113494873,
            "2": 0.46150779724121094,
            "3": 0.45970797538757324,
            "4": 0.46361660957336426,
            "5": 0.4616057872772217,
            "6": 0.46311020851135254,
            "7": 0.4676792621612549,
            "8": 0.46677470207214355,
            "9": 0.4630165100097656,
            "10": 0.46482276916503906,
            "11": 0.46498680114746094,
            "12": 0.4607429504394531,
            "13": 0.4678316116333008,
            "14": 0.464367151260376,
            "15": 0.4566969871520996,
            "16": 0.4610588550567627,