{
    "results": {
        "acc_test_teacher": {
            "0": 84.032,
            "1": 86.22,
            "2": 86.856,
            "3": 86.168,
            "4": 87.608,
            "5": 87.96000000000001,
            "6": 87.82799999999999,
            "7": 88.208,
            "8": 87.4,
            "9": 87.48,
            "10": 87.156,
            "11": 87.92,
            "12": 86.064,
            "13": 88.536,
            "14": 84.564,
            "15": 86.532,
            "16": 87.292,
            "17": 88.21600000000001,
            "18": 88.424,
            "19": 88.40400000000001,
            "20": 88.456,
            "21": 88.30799999999999,
            "22": 87.92,
            "23": 87.068,
            "24": 88.092,
            "25": 87.056,
            "26": 86.476,
            "27": 86.48400000000001,
            "28": 88.4,
            "29": 86.876
        },
        "acc_test_student": {
            "0": 83.43599999999999,
            "1": 82.504,
            "2": 84.356,
            "3": 84.976,
            "4": 85.47200000000001,
            "5": 86.18,
            "6": 86.61999999999999,
            "7": 82.77600000000001,
            "8": 86.932,
            "9": 87.724,
            "10": 85.752,
            "11": 85.176,
            "12": 86.036,
            "13": 84.652,
            "14": 84.408,
            "15": 85.444,
            "16": 86.368,
            "17": 86.548,
            "18": 82.372,
            "19": 86.496,
            "20": 87.28,
            "21": 87.89200000000001,
            "22": 87.628,
            "23": 87.516,
            "24": 87.436,
            "25": 85.48400000000001,
            "26": 87.288,
            "27": 86.924,
            "28": 87.852,
            "29": 85.788
        },
        "acc_test_distilled": {
            "0": 83.504,
            "1": 85.684,
            "2": 86.828,
            "3": 87.524,
            "4": 85.08,
            "5": 88.256,
            "6": 86.3,
            "7": 88.352,
            "8": 88.14,
            "9": 86.8,
            "10": 88.056,
            "11": 87.0,
            "12": 87.656,
            "13": 87.18,
            "14": 85.71600000000001,
            "15": 85.488,
            "16": 85.004,
            "17": 85.312,
            "18": 84.712,
            "19": 84.436,
            "20": 85.444,
            "21": 85.724,
            "22": 85.776,
            "23": 86.288,
            "24": 84.492,
            "25": 85.48400000000001,
            "26": 85.292,
            "27": 85.956,
            "28": 86.36,
            "29": 86.436
        },
        "time_train_teacher": {
            "0": 11.47454023361206,
            "1": 9.289172172546387,
            "2": 8.44827938079834,
            "3": 8.3889639377594,
            "4": 8.227218389511108,
            "5": 7.854977607727051,
            "6": 7.622837066650391,
            "7": 7.683867454528809,
            "8": 7.576564788818359,
            "9": 7.563052415847778,
            "10": 7.430796384811401,
            "11": 7.119541168212891,
            "12": 7.241175174713135,
            "13": 7.032238006591797,
            "14": 7.357014894485474,
            "15": 7.205633163452148,
            "16": 7.137818098068237,
            "17": 7.0073325634002686,
            "18": 6.9472880363464355,
            "19": 6.811080455780029,
            "20": 6.619696855545044,
            "21": 6.611236810684204,
            "22": 6.561993837356567,
            "23": 6.406946897506714,
            "24": 6.51223087310791,
            "25": 6.834792137145996,
            "26": 6.560792684555054,
            "27": 6.5268449783325195,
            "28": 6.239417791366577,
            "29": 6.177239656448364
        },
        "time_train_student": {
            "0": 6.295665740966797,
            "1": 5.188353061676025,
            "2": 4.970964670181274,
            "3": 4.684434413909912,
            "4": 4.588182210922241,
            "5": 4.446188449859619,
            "6": 4.312680721282959,
            "7": 4.216779947280884,
            "8": 4.192465305328369,
            "9": 4.039478063583374,
            "10": 4.058279514312744,
            "11": 3.958244562149048,
            "12": 3.6713852882385254,
            "13": 4.005039930343628,
            "14": 3.722520112991333,
            "15": 3.9145405292510986,
            "16": 3.7322182655334473,
            "17": 3.7569875717163086,
            "18": 3.6663095951080322,
            "19": 3.615015745162964,
            "20": 3.5078535079956055,
            "21": 3.470686197280884,
            "22": 3.433955192565918,
            "23": 3.4232614040374756,
            "24": 3.4143049716949463,
            "25": 3.4502437114715576,
            "26": 3.4107236862182617,
            "27": 3.396956443786621,
            "28": 3.310482978820801,
            "29": 3.369710922241211
        },
        "time_train_distilled": {
            "0": 11.317736625671387,
            "1": 9.099155187606812,
            "2": 8.594763994216919,
            "3": 8.178963661193848,
            "4": 8.147866249084473,
            "5": 7.8219153881073,
            "6": 7.742149114608765,
            "7": 7.724795341491699,
            "8": 7.5110251903533936,
            "9": 7.480351209640503,
            "10": 7.4973390102386475,
            "11": 7.27979850769043,
            "12": 7.218603134155273,
            "13": 7.358837842941284,
            "14": 7.287924766540527,
            "15": 7.295783519744873,
            "16": 6.3397791385650635,
            "17": 5.813781261444092,
            "18": 5.589264392852783,
            "19": 5.505955457687378,
            "20": 5.385417699813843,
            "21": 5.286418676376343,
            "22": 5.292342185974121,
            "23": 5.198685646057129,
            "24": 5.2283501625061035,
            "25": 5.114681959152222,
            "26": 5.139472723007202,
            "27": 4.969306468963623,
            "28": 4.948671102523804,
            "29": 4.863170862197876
        },
        "time_test_teacher": {
            "0": 2.7235589027404785,
            "1": 3.093313455581665,
            "2": 3.3107476234436035,
            "3": 3.4543371200561523,
            "4": 3.5166730880737305,
            "5": 3.5535638332366943,
            "6": 3.6201958656311035,
            "7": 3.6713180541992188,
            "8": 3.690354824066162,
            "9": 3.7454380989074707,
            "10": 3.705813407897949,
            "11": 3.800821304321289,
            "12": 3.7884514331817627,
            "13": 3.780499219894409,
            "14": 3.816359281539917,
            "15": 3.834503173828125,
            "16": 3.8167734146118164,
            "17": 3.883756399154663,
            "18": 3.8439905643463135,
            "19": 3.8396010398864746,
            "20": 3.8535361289978027,
            "21": 3.926722526550293,
            "22": 3.900681257247925,
            "23": 3.8995273113250732,
            "24": 3.9609782695770264,
            "25": 3.8967931270599365,
            "26": 3.8936362266540527,
            "27": 3.8553524017333984,
            "28": 3.9652602672576904,
            "29": 3.912868022918701
        },
        "time_test_student": {
            "0": 1.4134023189544678,
            "1": 1.5027978420257568,
            "2": 1.5426344871520996,
            "3": 1.5476183891296387,
            "4": 1.5273323059082031,
            "5": 1.5432374477386475,
            "6": 1.557499885559082,
            "7": 1.5472984313964844,
            "8": 1.552830696105957,
            "9": 1.5556278228759766,
            "10": 1.5608398914337158,
            "11": 1.5619394779205322,
            "12": 1.5492582321166992,
            "13": 1.5500288009643555,
            "14": 1.5675451755523682,
            "15": 1.5432915687561035,
            "16": 1.5467500686645508,
            "17": 1.5622718334197998,
            "18": 1.5451271533966064,
            "19": 1.5491154193878174,
            "20": 1.5602202415466309,