{
    "results": {
        "acc_test_teacher": {
            "0": 85.428,
            "1": 87.116,
            "2": 87.088,
            "3": 87.036,
            "4": 87.82,
            "5": 88.372,
            "6": 88.668,
            "7": 88.152,
            "8": 88.696,
            "9": 88.504,
            "10": 88.32799999999999,
            "11": 87.976,
            "12": 88.596,
            "13": 89.02,
            "14": 88.748,
            "15": 88.172,
            "16": 88.64,
            "17": 89.044,
            "18": 89.044,
            "19": 89.092,
            "20": 89.116,
            "21": 88.62,
            "22": 88.748,
            "23": 88.788,
            "24": 88.81599999999999,
            "25": 88.62400000000001,
            "26": 89.19200000000001,
            "27": 89.05199999999999,
            "28": 88.8,
            "29": 88.584
        },
        "acc_test_student": {
            "0": 81.736,
            "1": 85.036,
            "2": 79.192,
            "3": 84.932,
            "4": 84.06,
            "5": 85.71600000000001,
            "6": 85.604,
            "7": 86.032,
            "8": 86.37599999999999,
            "9": 83.784,
            "10": 86.71600000000001,
            "11": 83.884,
            "12": 86.908,
            "13": 86.836,
            "14": 87.32799999999999,
            "15": 84.99600000000001,
            "16": 83.344,
            "17": 84.856,
            "18": 85.34,
            "19": 85.48,
            "20": 86.524,
            "21": 84.968,
            "22": 86.96000000000001,
            "23": 87.44800000000001,
            "24": 87.78,
            "25": 87.604,
            "26": 87.512,
            "27": 85.368,
            "28": 87.44800000000001,
            "29": 86.912
        },
        "acc_test_distilled": {
            "0": 85.532,
            "1": 87.17200000000001,
            "2": 87.976,
            "3": 88.19200000000001,
            "4": 88.496,
            "5": 88.52799999999999,
            "6": 88.496,
            "7": 87.368,
            "8": 87.82,
            "9": 88.24,
            "10": 88.156,
            "11": 88.608,
            "12": 88.768,
            "13": 88.752,
            "14": 88.68,
            "15": 81.17999999999999,
            "16": 84.804,
            "17": 85.028,
            "18": 86.36,
            "19": 83.364,
            "20": 84.24000000000001,
            "21": 87.17200000000001,
            "22": 84.128,
            "23": 85.916,
            "24": 86.724,
            "25": 85.636,
            "26": 84.288,
            "27": 86.112,
            "28": 85.5,
            "29": 86.464
        },
        "time_train_teacher": {
            "0": 40.42587184906006,
            "1": 34.954633712768555,
            "2": 33.17293167114258,
            "3": 31.899128198623657,
            "4": 31.215214490890503,
            "5": 30.547342777252197,
            "6": 29.714380264282227,
            "7": 29.16368341445923,
            "8": 28.340275049209595,
            "9": 27.966230869293213,
            "10": 27.578447580337524,
            "11": 27.561473846435547,
            "12": 26.773333311080933,
            "13": 26.66384506225586,
            "14": 26.922279834747314,
            "15": 26.875418424606323,
            "16": 26.56933045387268,
            "17": 26.053563356399536,
            "18": 25.46685814857483,
            "19": 25.022822856903076,
            "20": 24.33843445777893,
            "21": 24.44834065437317,
            "22": 24.123451471328735,
            "23": 24.233286142349243,
            "24": 24.603156805038452,
            "25": 23.863605737686157,
            "26": 23.358168363571167,
            "27": 22.650081157684326,
            "28": 22.368048191070557,
            "29": 22.13272190093994
        },
        "time_train_student": {
            "0": 6.349543333053589,
            "1": 5.066775560379028,
            "2": 4.985851526260376,
            "3": 4.799274444580078,
            "4": 4.373739719390869,
            "5": 4.256369352340698,
            "6": 4.217627048492432,
            "7": 4.183918476104736,
            "8": 3.9429595470428467,
            "9": 3.9330639839172363,
            "10": 3.9091544151306152,
            "11": 3.8472726345062256,
            "12": 3.7651865482330322,
            "13": 3.5758771896362305,
            "14": 3.7871932983398438,
            "15": 3.5684216022491455,
            "16": 3.736483335494995,
            "17": 3.5583879947662354,
            "18": 3.4514544010162354,
            "19": 3.511634111404419,
            "20": 3.4882025718688965,
            "21": 3.440755605697632,
            "22": 3.4336373805999756,
            "23": 3.367633819580078,
            "24": 3.200438976287842,
            "25": 3.282125234603882,
            "26": 3.2710378170013428,
            "27": 3.2905771732330322,
            "28": 3.2220962047576904,
            "29": 3.2018938064575195
        },
        "time_train_distilled": {
            "0": 41.370503425598145,
            "1": 36.22353649139404,
            "2": 34.20109295845032,
            "3": 33.18576145172119,
            "4": 32.18245482444763,
            "5": 31.267255544662476,
            "6": 30.507336378097534,
            "7": 30.267130136489868,
            "8": 29.500616550445557,
            "9": 28.916744709014893,
            "10": 28.327390670776367,
            "11": 28.412808418273926,
            "12": 28.23430848121643,
            "13": 28.333284854888916,
            "14": 28.334532022476196,
            "15": 21.754461765289307,
            "16": 18.874594688415527,
            "17": 18.297696828842163,
            "18": 17.690879821777344,
            "19": 16.934594869613647,
            "20": 17.197681188583374,
            "21": 16.690959215164185,
            "22": 16.47371768951416,
            "23": 16.752198934555054,
            "24": 16.602373838424683,
            "25": 16.39327836036682,
            "26": 16.273415088653564,
            "27": 15.928239345550537,
            "28": 16.07676076889038,
            "29": 15.950159311294556
        },
        "time_test_teacher": {
            "0": 9.641388416290283,
            "1": 10.217987060546875,
            "2": 10.51906967163086,
            "3": 11.547379732131958,
            "4": 10.811051368713379,
            "5": 10.997444868087769,
            "6": 11.170582294464111,
            "7": 11.499363422393799,
            "8": 11.773780822753906,
            "9": 12.179073095321655,
            "10": 12.492225885391235,
            "11": 12.27241849899292,
            "12": 12.601374387741089,
            "13": 12.510011196136475,
            "14": 12.362072944641113,
            "15": 12.551923036575317,
            "16": 12.828853845596313,
            "17": 12.610998630523682,
            "18": 13.384491920471191,
            "19": 13.096928834915161,
            "20": 12.953636169433594,
            "21": 12.935189723968506,
            "22": 13.66551923751831,
            "23": 13.690551996231079,
            "24": 12.951092720031738,
            "25": 13.591209888458252,
            "26": 13.32948637008667,
            "27": 13.595913410186768,
            "28": 13.286258459091187,
            "29": 12.880735397338867
        },
        "time_test_student": {
            "0": 1.4771738052368164,
            "1": 1.5260705947875977,
            "2": 1.5393574237823486,
            "3": 1.5491547584533691,
            "4": 1.545851230621338,
            "5": 1.543311357498169,
            "6": 1.5674219131469727,
            "7": 1.5547046661376953,
            "8": 1.5687916278839111,
            "9": 1.5537168979644775,
            "10": 1.562819480895996,
            "11": 1.5638110637664795,
            "12": 1.5599133968353271,
            "13": 1.569066047668457,
            "14": 1.56789231300354,
            "15": 1.5541274547576904,
            "16": 1.5540482997894287,
            "17": 1.5531623363494873,