{
    "results": {
        "acc_test_teacher": {
            "0": 85.212,
            "1": 86.964,
            "2": 86.828,
            "3": 88.124,
            "4": 86.968,
            "5": 87.612,
            "6": 84.86399999999999,
            "7": 88.52799999999999,
            "8": 88.332,
            "9": 84.41199999999999,
            "10": 84.82,
            "11": 87.736,
            "12": 88.244,
            "13": 88.512,
            "14": 86.46000000000001,
            "15": 88.856,
            "16": 86.828,
            "17": 84.86399999999999,
            "18": 86.512,
            "19": 87.836,
            "20": 88.036,
            "21": 88.29599999999999,
            "22": 88.82,
            "23": 88.78,
            "24": 86.868,
            "25": 88.288,
            "26": 86.504,
            "27": 87.316,
            "28": 85.076,
            "29": 88.096
        },
        "acc_test_student": {
            "0": 84.476,
            "1": 86.22800000000001,
            "2": 87.252,
            "3": 87.196,
            "4": 86.732,
            "5": 87.776,
            "6": 86.504,
            "7": 87.908,
            "8": 87.464,
            "9": 88.056,
            "10": 85.432,
            "11": 87.06,
            "12": 88.472,
            "13": 86.38,
            "14": 88.432,
            "15": 85.848,
            "16": 84.936,
            "17": 86.10799999999999,
            "18": 86.588,
            "19": 86.94800000000001,
            "20": 88.28,
            "21": 86.58,
            "22": 88.5,
            "23": 87.804,
            "24": 87.384,
            "25": 87.944,
            "26": 87.452,
            "27": 88.256,
            "28": 88.108,
            "29": 87.872
        },
        "acc_test_distilled": {
            "0": 84.564,
            "1": 86.996,
            "2": 87.324,
            "3": 87.876,
            "4": 87.884,
            "5": 88.152,
            "6": 88.004,
            "7": 88.20400000000001,
            "8": 88.512,
            "9": 88.14,
            "10": 88.588,
            "11": 88.412,
            "12": 88.412,
            "13": 88.58,
            "14": 88.508,
            "15": 86.272,
            "16": 86.348,
            "17": 86.116,
            "18": 87.188,
            "19": 87.44,
            "20": 87.156,
            "21": 87.548,
            "22": 87.26,
            "23": 87.628,
            "24": 88.416,
            "25": 88.28399999999999,
            "26": 88.108,
            "27": 87.852,
            "28": 87.89200000000001,
            "29": 88.40400000000001
        },
        "time_train_teacher": {
            "0": 27.02643871307373,
            "1": 23.54121685028076,
            "2": 22.5857572555542,
            "3": 22.246880531311035,
            "4": 21.76375651359558,
            "5": 21.491204977035522,
            "6": 21.49659276008606,
            "7": 21.347909450531006,
            "8": 20.62612223625183,
            "9": 20.208698272705078,
            "10": 20.48951268196106,
            "11": 20.39858627319336,
            "12": 20.254384994506836,
            "13": 19.859652280807495,
            "14": 19.043201446533203,
            "15": 18.634360790252686,
            "16": 18.514647006988525,
            "17": 19.398667812347412,
            "18": 18.898688316345215,
            "19": 18.56347131729126,
            "20": 18.19158697128296,
            "21": 18.047013759613037,
            "22": 17.525906801223755,
            "23": 17.165071487426758,
            "24": 17.06931447982788,
            "25": 17.66259789466858,
            "26": 17.758512020111084,
            "27": 17.730732440948486,
            "28": 17.7291202545166,
            "29": 17.60841464996338
        },
        "time_train_student": {
            "0": 11.804865598678589,
            "1": 9.884730100631714,
            "2": 9.318415641784668,
            "3": 9.058023452758789,
            "4": 8.850250005722046,
            "5": 8.860228538513184,
            "6": 8.551375150680542,
            "7": 8.202534437179565,
            "8": 8.278639793395996,
            "9": 8.005056858062744,
            "10": 8.11493444442749,
            "11": 7.830344200134277,
            "12": 7.749476194381714,
            "13": 7.592538356781006,
            "14": 7.639722108840942,
            "15": 7.532875299453735,
            "16": 7.501479864120483,
            "17": 7.604113340377808,
            "18": 7.570203065872192,
            "19": 7.354767084121704,
            "20": 7.140466690063477,
            "21": 6.9862060546875,
            "22": 7.032564163208008,
            "23": 6.934296607971191,
            "24": 6.880976676940918,
            "25": 6.918836355209351,
            "26": 6.962626934051514,
            "27": 6.733067750930786,
            "28": 6.591082572937012,
            "29": 6.540435552597046
        },
        "time_train_distilled": {
            "0": 26.165302753448486,
            "1": 22.32817769050598,
            "2": 21.391650915145874,
            "3": 20.605369567871094,
            "4": 20.170095443725586,
            "5": 19.569522619247437,
            "6": 19.347049713134766,
            "7": 18.995173454284668,
            "8": 18.48433232307434,
            "9": 18.54107666015625,
            "10": 18.487142086029053,
            "11": 18.170597553253174,
            "12": 18.10150122642517,
            "13": 18.544238567352295,
            "14": 18.096546411514282,
            "15": 23.983561038970947,
            "16": 19.813287019729614,
            "17": 19.513815879821777,
            "18": 18.521179914474487,
            "19": 17.849823474884033,
            "20": 17.588062286376953,
            "21": 17.324133157730103,
            "22": 16.89622473716736,
            "23": 16.930052518844604,
            "24": 16.545390844345093,
            "25": 16.33325457572937,
            "26": 16.131896257400513,
            "27": 16.10965585708618,
            "28": 16.104636192321777,
            "29": 15.980127573013306
        },
        "time_test_teacher": {
            "0": 7.157260894775391,
            "1": 7.756288051605225,
            "2": 7.942646741867065,
            "3": 8.27268385887146,
            "4": 8.595080852508545,
            "5": 8.44852089881897,
            "6": 8.956581830978394,
            "7": 8.712871074676514,
            "8": 9.104601621627808,
            "9": 8.626948833465576,
            "10": 9.078009366989136,
            "11": 9.007535457611084,
            "12": 9.13064980506897,
            "13": 9.19096064567566,
            "14": 9.149878978729248,
            "15": 9.075387001037598,
            "16": 9.237988710403442,
            "17": 9.32750129699707,
            "18": 9.302674531936646,
            "19": 9.357189893722534,
            "20": 9.445025444030762,
            "21": 9.572978973388672,
            "22": 9.542620658874512,
            "23": 10.200135469436646,
            "24": 9.452413082122803,
            "25": 9.541462898254395,
            "26": 9.480871677398682,
            "27": 9.675979137420654,
            "28": 9.642799854278564,
            "29": 9.580965995788574
        },
        "time_test_student": {
            "0": 3.1284115314483643,
            "1": 3.4789934158325195,
            "2": 3.591679811477661,
            "3": 3.6611807346343994,
            "4": 3.7636263370513916,
            "5": 3.7895140647888184,
            "6": 3.8974902629852295,
            "7": 3.8523411750793457,
            "8": 3.866978406906128,
            "9": 3.890375852584839,
            "10": 3.872972011566162,
            "11": 3.9973151683807373,
            "12": 3.925351619720459,
            "13": 3.913456678390503,
            "14": 3.9303996562957764,
            "15": 3.893203020095825,
            "16": 3.9920120239257812,
            "17": 3.9336628913879395,
            "18": 3.941243886947632,
            "19": 3.9743611812591553,
            "20": 3.9586281776428223,