{
    "results": {
        "acc_test_teacher": {
            "0": 80.472,
            "1": 82.57600000000001,
            "2": 83.688,
            "3": 83.96000000000001,
            "4": 84.0,
            "5": 83.744,
            "6": 84.336,
            "7": 84.492,
            "8": 84.316,
            "9": 84.236,
            "10": 84.20400000000001,
            "11": 83.896,
            "12": 83.788,
            "13": 83.468,
            "14": 84.42399999999999,
            "15": 83.736,
            "16": 83.884,
            "17": 83.89999999999999,
            "18": 84.17999999999999,
            "19": 83.97200000000001,
            "20": 83.532,
            "21": 83.66,
            "22": 82.816,
            "23": 83.21600000000001,
            "24": 83.1,
            "25": 83.07600000000001,
            "26": 82.968,
            "27": 82.608,
            "28": 82.848,
            "29": 82.94,
            "30": 83.128,
            "31": 82.88799999999999,
            "32": 82.952,
            "33": 83.088,
            "34": 82.88,
            "35": 82.304,
            "36": 82.976,
            "37": 83.04,
            "38": 82.556,
            "39": 82.524,
            "40": 82.49600000000001,
            "41": 82.64399999999999,
            "42": 83.036,
            "43": 82.808,
            "44": 82.82000000000001,
            "45": 81.984,
            "46": 81.92399999999999,
            "47": 81.77600000000001,
            "48": 82.172,
            "49": 82.548,
            "50": 82.092,
            "51": 81.94399999999999,
            "52": 82.148,
            "53": 82.45599999999999,
            "54": 82.33200000000001,
            "55": 81.94399999999999,
            "56": 81.52000000000001,
            "57": 82.108,
            "58": 82.068,
            "59": 81.652
        },
        "acc_test_student": {
            "0": 75.63600000000001,
            "1": 75.588,
            "2": 76.48,
            "3": 76.352,
            "4": 75.69200000000001,
            "5": 76.412,
            "6": 76.52799999999999,
            "7": 75.912,
            "8": 76.632,
            "9": 76.164,
            "10": 76.652,
            "11": 76.20400000000001,
            "12": 76.812,
            "13": 76.48,
            "14": 76.524,
            "15": 76.396,
            "16": 77.08,
            "17": 76.07199999999999,
            "18": 76.39200000000001,
            "19": 77.12,
            "20": 76.428,
            "21": 76.46,
            "22": 76.96,
            "23": 76.216,
            "24": 76.832,
            "25": 76.964,
            "26": 76.32,
            "27": 76.55999999999999,
            "28": 76.132,
            "29": 76.572,
            "30": 76.332,
            "31": 76.896,
            "32": 76.55999999999999,
            "33": 76.4,
            "34": 76.592,
            "35": 76.128,
            "36": 76.668,
            "37": 76.39200000000001,
            "38": 76.788,
            "39": 76.708,
            "40": 75.824,
            "41": 76.74,
            "42": 76.768,
            "43": 76.64,
            "44": 76.524,
            "45": 76.40400000000001,
            "46": 76.184,
            "47": 76.5,
            "48": 76.244,
            "49": 76.508,
            "50": 75.748,
            "51": 76.108,
            "52": 76.432,
            "53": 76.608,
            "54": 75.924,
            "55": 76.276,
            "56": 76.376,
            "57": 76.28,
            "58": 75.80799999999999,
            "59": 76.092
        },
        "acc_test_distilled": {
            "0": 80.44,
            "1": 82.45599999999999,
            "2": 83.664,
            "3": 83.868,
            "4": 82.904,
            "5": 84.392,
            "6": 84.768,
            "7": 84.444,
            "8": 84.208,
            "9": 84.356,
            "10": 84.084,
            "11": 84.15599999999999,
            "12": 83.512,
            "13": 83.992,
            "14": 84.1,
            "15": 83.65599999999999,
            "16": 83.616,
            "17": 83.63199999999999,
            "18": 83.096,
            "19": 83.116,
            "20": 83.26,
            "21": 82.736,
            "22": 83.28,
            "23": 83.00800000000001,
            "24": 83.34,
            "25": 83.02000000000001,
            "26": 82.232,
            "27": 82.26400000000001,
            "28": 82.34,
            "29": 82.148,
            "30": 50.696,
            "31": 50.696,
            "32": 50.696,
            "33": 50.696,
            "34": 50.696,
            "35": 50.696,
            "36": 50.696,
            "37": 50.696,
            "38": 50.696,
            "39": 50.696,
            "40": 50.696,
            "41": 50.696,
            "42": 50.696,
            "43": 50.696,
            "44": 50.696,
            "45": 50.696,
            "46": 50.696,
            "47": 50.696,
            "48": 50.696,
            "49": 50.696,
            "50": 50.696,
            "51": 50.696,
            "52": 50.696,
            "53": 50.696,
            "54": 50.696,
            "55": 50.696,
            "56": 50.696,
            "57": 50.696,
            "58": 50.696,
            "59": 50.696
        },
        "time_train_teacher": {
            "0": 4.31907057762146,
            "1": 4.3984055519104,
            "2": 4.443410158157349,
            "3": 4.456084489822388,
            "4": 4.495126247406006,
            "5": 4.469593524932861,
            "6": 4.485814571380615,
            "7": 4.908149480819702,
            "8": 4.481394290924072,
            "9": 4.764472484588623,
            "10": 4.495610952377319,
            "11": 4.494527339935303,
            "12": 4.486480712890625,
            "13": 4.473914384841919,
            "14": 4.884141206741333,
            "15": 4.494470596313477,
            "16": 4.5013532638549805,
            "17": 4.499005556106567,
            "18": 4.4934163093566895,
            "19": 4.500109672546387,
            "20": 4.492770433425903,
            "21": 4.506843566894531,
            "22": 4.502589464187622,
            "23": 4.499860048294067,
            "24": 4.495156764984131,
            "25": 4.508309364318848,
            "26": 4.502369165420532,
            "27": 4.501970052719116,
            "28": 4.506838083267212,
            "29": 4.508555173873901,
            "30": 4.502939701080322,
            "31": 4.505717992782593,
            "32": 4.503591537475586,
            "33": 4.514078378677368,
            "34": 4.505273103713989,
            "35": 4.826176404953003,
            "36": 4.508159160614014,
            "37": 4.518796443939209,
            "38": 4.542628049850464,
            "39": 4.501420974731445,
            "40": 4.51514196395874,
            "41": 4.500575542449951,
            "42": 4.658487319946289,
            "43": 4.515130519866943,
            "44": 4.507846832275391,
            "45": 4.5040507316589355,
            "46": 4.511537313461304,
            "47": 4.501528978347778,
            "48": 4.517738342285156,
            "49": 4.514527797698975,
            "50": 4.519788026809692,
            "51": 4.519126892089844,
            "52": 4.521742343902588,
            "53": 4.5151612758636475,
            "54": 4.507873773574829,
            "55": 4.510723829269409,
            "56": 4.527551651000977,
            "57": 4.524197101593018,
            "58": 4.510329723358154,
            "59": 4.517275333404541
        },
        "time_train_student": {
            "0": 1.1486446857452393,
            "1": 1.1582574844360352,
            "2": 1.1707000732421875,
            "3": 1.1781854629516602,
            "4": 1.162431001663208,
            "5": 1.1624770164489746,
            "6": 1.170668601989746,
            "7": 1.1670217514038086,
            "8": 1.1591389179229736,
            "9": 1.160581111907959,
            "10": 1.1606526374816895,
            "11": 1.1795320510864258,
            "12": 1.1815977096557617,
            "13": 1.1709251403808594,