{
    "results": {
        "acc_test_teacher": {
            "0": 81.596,
            "1": 80.56,
            "2": 84.492,
            "3": 84.536,
            "4": 82.004,
            "5": 86.496,
            "6": 83.768,
            "7": 84.232,
            "8": 81.47999999999999,
            "9": 85.188,
            "10": 86.372,
            "11": 82.112,
            "12": 87.17200000000001,
            "13": 86.37599999999999,
            "14": 86.924,
            "15": 86.556,
            "16": 87.152,
            "17": 86.9,
            "18": 87.272,
            "19": 86.992,
            "20": 85.708,
            "21": 84.124,
            "22": 86.304,
            "23": 87.604,
            "24": 87.492,
            "25": 87.556,
            "26": 87.488,
            "27": 87.032,
            "28": 84.772,
            "29": 85.21600000000001
        },
        "acc_test_student": {
            "0": 75.356,
            "1": 77.428,
            "2": 79.03999999999999,
            "3": 80.07600000000001,
            "4": 80.08800000000001,
            "5": 78.756,
            "6": 82.39999999999999,
            "7": 77.52799999999999,
            "8": 82.288,
            "9": 80.764,
            "10": 82.056,
            "11": 82.872,
            "12": 82.864,
            "13": 82.696,
            "14": 79.464,
            "15": 83.26,
            "16": 82.356,
            "17": 84.02,
            "18": 84.084,
            "19": 83.772,
            "20": 84.332,
            "21": 83.76,
            "22": 83.308,
            "23": 84.068,
            "24": 84.65599999999999,
            "25": 84.04,
            "26": 83.112,
            "27": 84.276,
            "28": 84.56,
            "29": 81.676
        },
        "acc_test_distilled": {
            "0": 82.38799999999999,
            "1": 83.372,
            "2": 82.372,
            "3": 80.204,
            "4": 81.54,
            "5": 81.46799999999999,
            "6": 85.076,
            "7": 84.904,
            "8": 84.63199999999999,
            "9": 85.85199999999999,
            "10": 83.06,
            "11": 86.892,
            "12": 84.552,
            "13": 83.524,
            "14": 84.088,
            "15": 70.48,
            "16": 71.244,
            "17": 71.732,
            "18": 72.908,
            "19": 73.82,
            "20": 72.424,
            "21": 75.82,
            "22": 73.848,
            "23": 74.568,
            "24": 75.02799999999999,
            "25": 75.016,
            "26": 75.832,
            "27": 75.96000000000001,
            "28": 74.576,
            "29": 75.956
        },
        "time_train_teacher": {
            "0": 3.945857286453247,
            "1": 3.33955717086792,
            "2": 3.124277353286743,
            "3": 3.051607608795166,
            "4": 2.9388630390167236,
            "5": 2.8637521266937256,
            "6": 2.7873036861419678,
            "7": 2.8365912437438965,
            "8": 3.0359201431274414,
            "9": 2.678945302963257,
            "10": 2.6617431640625,
            "11": 2.5805680751800537,
            "12": 2.5707364082336426,
            "13": 2.510249614715576,
            "14": 2.4742300510406494,
            "15": 2.5307633876800537,
            "16": 2.4364819526672363,
            "17": 2.3863275051116943,
            "18": 2.438394069671631,
            "19": 2.3854801654815674,
            "20": 2.326458215713501,
            "21": 2.296522617340088,
            "22": 2.3034861087799072,
            "23": 2.206529378890991,
            "24": 2.2314438819885254,
            "25": 2.264014482498169,
            "26": 2.202936887741089,
            "27": 2.2491307258605957,
            "28": 2.4890198707580566,
            "29": 2.251706600189209
        },
        "time_train_student": {
            "0": 1.4110863208770752,
            "1": 1.090742588043213,
            "2": 1.0418941974639893,
            "3": 1.016141414642334,
            "4": 0.9768362045288086,
            "5": 0.9557394981384277,
            "6": 1.1504137516021729,
            "7": 0.9247715473175049,
            "8": 0.9002554416656494,
            "9": 1.0150740146636963,
            "10": 1.1105194091796875,
            "11": 0.872183084487915,
            "12": 0.8801159858703613,
            "13": 0.8769147396087646,
            "14": 0.8663585186004639,
            "15": 1.0378320217132568,
            "16": 1.032874345779419,
            "17": 0.8455414772033691,
            "18": 0.8362433910369873,
            "19": 0.8330342769622803,
            "20": 0.8275632858276367,
            "21": 0.822777509689331,
            "22": 0.8259127140045166,
            "23": 0.8241033554077148,
            "24": 0.8187251091003418,
            "25": 0.8098282814025879,
            "26": 0.8150851726531982,
            "27": 0.8055520057678223,
            "28": 0.8063681125640869,
            "29": 0.8404386043548584
        },
        "time_train_distilled": {
            "0": 3.9342353343963623,
            "1": 3.2916371822357178,
            "2": 3.1729955673217773,
            "3": 3.1028082370758057,
            "4": 2.924713611602783,
            "5": 2.8709609508514404,
            "6": 2.736508369445801,
            "7": 2.7075355052948,
            "8": 2.6901638507843018,
            "9": 2.611043691635132,
            "10": 2.6709349155426025,
            "11": 2.5791213512420654,
            "12": 2.617424488067627,
            "13": 2.4714884757995605,
            "14": 2.4845616817474365,
            "15": 1.1394462585449219,
            "16": 1.1507444381713867,
            "17": 1.124194860458374,
            "18": 1.1146459579467773,
            "19": 1.1065425872802734,
            "20": 1.1144077777862549,
            "21": 1.206493854522705,
            "22": 1.0804111957550049,
            "23": 1.1020925045013428,
            "24": 1.1653668880462646,
            "25": 1.0957527160644531,
            "26": 1.094487190246582,
            "27": 1.154116153717041,
            "28": 1.0910041332244873,
            "29": 1.1370675563812256
        },
        "time_test_teacher": {
            "0": 0.9644160270690918,
            "1": 1.0162482261657715,
            "2": 1.0430943965911865,
            "3": 1.024566650390625,
            "4": 1.03206467628479,
            "5": 1.0477616786956787,
            "6": 1.0523416996002197,
            "7": 1.0378148555755615,
            "8": 1.0315656661987305,
            "9": 1.0255470275878906,
            "10": 1.0226497650146484,
            "11": 1.0443005561828613,
            "12": 1.0418541431427002,
            "13": 1.0433101654052734,
            "14": 1.0272548198699951,
            "15": 1.0395963191986084,
            "16": 1.036738395690918,
            "17": 1.0392537117004395,
            "18": 1.0367777347564697,
            "19": 1.0408000946044922,
            "20": 1.0447437763214111,
            "21": 1.0476033687591553,
            "22": 1.0295007228851318,
            "23": 1.031958818435669,
            "24": 1.0341856479644775,
            "25": 1.0226893424987793,
            "26": 1.0340263843536377,
            "27": 1.0334289073944092,
            "28": 1.0122642517089844,
            "29": 1.0092418193817139
        },
        "time_test_student": {
            "0": 0.4480729103088379,
            "1": 0.44765377044677734,
            "2": 0.4501335620880127,
            "3": 0.45899486541748047,
            "4": 0.4531087875366211,
            "5": 0.4535210132598877,
            "6": 0.46582937240600586,
            "7": 0.4556844234466553,
            "8": 0.45469164848327637,
            "9": 0.45640110969543457,
            "10": 0.4551846981048584,
            "11": 0.4543914794921875,
            "12": 0.4512498378753662,
            "13": 0.4523429870605469,
            "14": 0.4574155807495117,
            "15": 0.45201539993286133,
            "16": 0.4635756015777588,
            "17": 0.45412325859069824,