{
    "results": {
        "acc_test_teacher": {
            "0": 84.276,
            "1": 85.936,
            "2": 87.156,
            "3": 87.712,
            "4": 88.248,
            "5": 86.476,
            "6": 88.044,
            "7": 85.39999999999999,
            "8": 87.888,
            "9": 88.276,
            "10": 88.75999999999999,
            "11": 88.016,
            "12": 87.996,
            "13": 88.57199999999999,
            "14": 87.376,
            "15": 88.604,
            "16": 87.66000000000001,
            "17": 85.604,
            "18": 84.652,
            "19": 85.916,
            "20": 87.268,
            "21": 88.568,
            "22": 88.14,
            "23": 88.428,
            "24": 87.684,
            "25": 88.728,
            "26": 88.276,
            "27": 88.864,
            "28": 88.548,
            "29": 88.952
        },
        "acc_test_student": {
            "0": 81.99600000000001,
            "1": 84.208,
            "2": 84.084,
            "3": 85.672,
            "4": 84.552,
            "5": 86.124,
            "6": 82.17999999999999,
            "7": 83.648,
            "8": 80.988,
            "9": 85.71600000000001,
            "10": 86.33999999999999,
            "11": 86.528,
            "12": 82.844,
            "13": 84.86,
            "14": 82.16,
            "15": 87.208,
            "16": 87.32799999999999,
            "17": 86.388,
            "18": 82.232,
            "19": 86.912,
            "20": 87.236,
            "21": 87.112,
            "22": 87.432,
            "23": 87.512,
            "24": 87.52799999999999,
            "25": 87.17200000000001,
            "26": 86.16,
            "27": 85.844,
            "28": 84.732,
            "29": 85.724
        },
        "acc_test_distilled": {
            "0": 84.392,
            "1": 86.508,
            "2": 87.304,
            "3": 88.156,
            "4": 88.144,
            "5": 88.28399999999999,
            "6": 88.504,
            "7": 86.59599999999999,
            "8": 86.97200000000001,
            "9": 88.492,
            "10": 87.21600000000001,
            "11": 86.676,
            "12": 88.152,
            "13": 86.92800000000001,
            "14": 87.44800000000001,
            "15": 79.80000000000001,
            "16": 79.50399999999999,
            "17": 85.384,
            "18": 85.748,
            "19": 84.488,
            "20": 85.064,
            "21": 84.468,
            "22": 84.48400000000001,
            "23": 84.172,
            "24": 86.256,
            "25": 84.452,
            "26": 82.27600000000001,
            "27": 83.12,
            "28": 82.196,
            "29": 86.028
        },
        "time_train_teacher": {
            "0": 17.950663566589355,
            "1": 15.608042478561401,
            "2": 14.774118900299072,
            "3": 14.380930423736572,
            "4": 14.195533275604248,
            "5": 13.707899570465088,
            "6": 13.418401956558228,
            "7": 13.576388120651245,
            "8": 13.535132884979248,
            "9": 13.035865068435669,
            "10": 12.677397727966309,
            "11": 12.674319982528687,
            "12": 12.312298774719238,
            "13": 12.551300287246704,
            "14": 12.644685506820679,
            "15": 13.015695571899414,
            "16": 12.192188501358032,
            "17": 12.159423589706421,
            "18": 12.362821817398071,
            "19": 12.260549545288086,
            "20": 12.211002111434937,
            "21": 12.087599754333496,
            "22": 11.96375560760498,
            "23": 11.843989133834839,
            "24": 11.777809381484985,
            "25": 11.52901005744934,
            "26": 11.268467426300049,
            "27": 11.174156904220581,
            "28": 10.817299365997314,
            "29": 10.765679836273193
        },
        "time_train_student": {
            "0": 3.6729319095611572,
            "1": 3.1471686363220215,
            "2": 2.949155807495117,
            "3": 2.8861324787139893,
            "4": 2.756467580795288,
            "5": 2.6739578247070312,
            "6": 2.6660919189453125,
            "7": 2.5920968055725098,
            "8": 2.616384506225586,
            "9": 2.5288538932800293,
            "10": 2.458322525024414,
            "11": 2.46311092376709,
            "12": 2.377545118331909,
            "13": 2.398977756500244,
            "14": 2.7254903316497803,
            "15": 2.3434486389160156,
            "16": 2.3133788108825684,
            "17": 2.3069992065429688,
            "18": 2.199366569519043,
            "19": 2.2323262691497803,
            "20": 2.2197635173797607,
            "21": 2.177232027053833,
            "22": 2.198542594909668,
            "23": 2.1590123176574707,
            "24": 2.0986526012420654,
            "25": 2.115463972091675,
            "26": 2.1421103477478027,
            "27": 2.1299843788146973,
            "28": 2.126661777496338,
            "29": 2.0860657691955566
        },
        "time_train_distilled": {
            "0": 17.816608428955078,
            "1": 15.027414560317993,
            "2": 14.214768171310425,
            "3": 13.87466025352478,
            "4": 13.556338787078857,
            "5": 13.326363801956177,
            "6": 12.792518615722656,
            "7": 12.684357643127441,
            "8": 12.611658334732056,
            "9": 12.423617601394653,
            "10": 12.346630334854126,
            "11": 12.52144718170166,
            "12": 12.743418216705322,
            "13": 12.801459550857544,
            "14": 12.422041893005371,
            "15": 7.919966220855713,
            "16": 7.183085203170776,
            "17": 6.827225685119629,
            "18": 6.509021997451782,
            "19": 6.39460825920105,
            "20": 6.377773761749268,
            "21": 6.301272392272949,
            "22": 6.19898247718811,
            "23": 6.148087024688721,
            "24": 6.15660548210144,
            "25": 6.02904486656189,
            "26": 6.1163506507873535,
            "27": 6.11377215385437,
            "28": 6.0599634647369385,
            "29": 5.926896810531616
        },
        "time_test_teacher": {
            "0": 4.054921627044678,
            "1": 4.440185546875,
            "2": 4.675416946411133,
            "3": 4.966436386108398,
            "4": 5.168377637863159,
            "5": 5.361989736557007,
            "6": 5.493697643280029,
            "7": 5.616304874420166,
            "8": 5.665818214416504,
            "9": 5.800100088119507,
            "10": 5.871588706970215,
            "11": 5.874865293502808,
            "12": 5.9078369140625,
            "13": 5.995603084564209,
            "14": 6.164108037948608,
            "15": 6.006895065307617,
            "16": 6.070415019989014,
            "17": 6.040218353271484,
            "18": 6.070401906967163,
            "19": 6.12773060798645,
            "20": 6.129356384277344,
            "21": 6.266230821609497,
            "22": 6.122631549835205,
            "23": 6.266603946685791,
            "24": 6.258253812789917,
            "25": 6.232311010360718,
            "26": 6.221140623092651,
            "27": 6.252212285995483,
            "28": 6.212889194488525,
            "29": 6.248785972595215
        },
        "time_test_student": {
            "0": 0.904334306716919,
            "1": 0.9420616626739502,
            "2": 0.9583830833435059,
            "3": 0.9586107730865479,
            "4": 0.9576528072357178,
            "5": 0.9605414867401123,
            "6": 0.9557836055755615,
            "7": 0.9460487365722656,
            "8": 0.9545855522155762,
            "9": 0.9555637836456299,
            "10": 0.9481167793273926,
            "11": 0.9524378776550293,
            "12": 0.9486663341522217,
            "13": 0.9527146816253662,
            "14": 0.94753098487854,
            "15": 0.9529767036437988,
            "16": 0.9520697593688965,
            "17": 0.9502811431884766,