{
    "results": {
        "acc_test_teacher": {
            "0": 83.476,
            "1": 85.492,
            "2": 86.892,
            "3": 87.26,
            "4": 87.392,
            "5": 87.79599999999999,
            "6": 87.76,
            "7": 87.98,
            "8": 87.872,
            "9": 88.288,
            "10": 86.828,
            "11": 87.21600000000001,
            "12": 86.83999999999999,
            "13": 85.752,
            "14": 87.67200000000001,
            "15": 88.252,
            "16": 88.428,
            "17": 88.248,
            "18": 88.256,
            "19": 88.548,
            "20": 88.512,
            "21": 88.48,
            "22": 88.024,
            "23": 88.264,
            "24": 88.788,
            "25": 87.688,
            "26": 88.096,
            "27": 88.332,
            "28": 88.53999999999999,
            "29": 85.528
        },
        "acc_test_student": {
            "0": 80.368,
            "1": 82.476,
            "2": 82.25200000000001,
            "3": 78.84,
            "4": 77.42,
            "5": 80.856,
            "6": 82.536,
            "7": 84.124,
            "8": 83.976,
            "9": 82.288,
            "10": 81.784,
            "11": 85.19200000000001,
            "12": 83.8,
            "13": 79.92,
            "14": 85.452,
            "15": 85.69200000000001,
            "16": 85.964,
            "17": 85.10799999999999,
            "18": 85.94000000000001,
            "19": 86.288,
            "20": 84.856,
            "21": 86.336,
            "22": 86.748,
            "23": 85.044,
            "24": 84.91199999999999,
            "25": 86.344,
            "26": 85.79599999999999,
            "27": 86.392,
            "28": 84.49600000000001,
            "29": 86.44
        },
        "acc_test_distilled": {
            "0": 84.088,
            "1": 84.41199999999999,
            "2": 87.1,
            "3": 87.41600000000001,
            "4": 87.712,
            "5": 87.408,
            "6": 86.836,
            "7": 87.996,
            "8": 87.768,
            "9": 88.292,
            "10": 87.56,
            "11": 88.344,
            "12": 87.748,
            "13": 87.004,
            "14": 86.176,
            "15": 74.668,
            "16": 79.696,
            "17": 74.836,
            "18": 81.56400000000001,
            "19": 82.828,
            "20": 81.22,
            "21": 82.184,
            "22": 82.152,
            "23": 79.464,
            "24": 82.472,
            "25": 82.872,
            "26": 81.396,
            "27": 82.41199999999999,
            "28": 81.44,
            "29": 82.604
        },
        "time_train_teacher": {
            "0": 11.255571603775024,
            "1": 8.840272188186646,
            "2": 8.320173740386963,
            "3": 7.881057262420654,
            "4": 7.934770584106445,
            "5": 7.788716793060303,
            "6": 7.452478647232056,
            "7": 7.289698600769043,
            "8": 7.238840579986572,
            "9": 7.2089011669158936,
            "10": 7.204935312271118,
            "11": 7.136552333831787,
            "12": 7.152514219284058,
            "13": 6.99921178817749,
            "14": 7.0961058139801025,
            "15": 6.917603492736816,
            "16": 6.778374671936035,
            "17": 6.723181962966919,
            "18": 6.62040901184082,
            "19": 6.408957242965698,
            "20": 6.366875648498535,
            "21": 6.389162540435791,
            "22": 6.312377691268921,
            "23": 6.331895589828491,
            "24": 6.22431206703186,
            "25": 6.0389158725738525,
            "26": 6.088834762573242,
            "27": 6.288576364517212,
            "28": 6.175344228744507,
            "29": 6.325660228729248
        },
        "time_train_student": {
            "0": 2.1923179626464844,
            "1": 2.0031213760375977,
            "2": 1.8525512218475342,
            "3": 1.7647686004638672,
            "4": 1.756443738937378,
            "5": 1.6749320030212402,
            "6": 1.6586601734161377,
            "7": 1.5930078029632568,
            "8": 1.590083122253418,
            "9": 1.5656390190124512,
            "10": 1.5448224544525146,
            "11": 1.494429588317871,
            "12": 1.5173828601837158,
            "13": 1.515740156173706,
            "14": 1.4659507274627686,
            "15": 1.4530730247497559,
            "16": 1.4408698081970215,
            "17": 1.4272856712341309,
            "18": 1.4191665649414062,
            "19": 1.4284138679504395,
            "20": 1.390354871749878,
            "21": 1.3929665088653564,
            "22": 1.6515963077545166,
            "23": 1.3572869300842285,
            "24": 1.365600347518921,
            "25": 1.3570911884307861,
            "26": 1.339632272720337,
            "27": 1.354334831237793,
            "28": 1.3578219413757324,
            "29": 1.3575537204742432
        },
        "time_train_distilled": {
            "0": 11.94715428352356,
            "1": 10.044987440109253,
            "2": 9.56965446472168,
            "3": 9.50539493560791,
            "4": 9.042349338531494,
            "5": 8.804213762283325,
            "6": 8.918649673461914,
            "7": 8.591783285140991,
            "8": 8.447952270507812,
            "9": 8.542466402053833,
            "10": 8.389976263046265,
            "11": 8.244442462921143,
            "12": 8.157192468643188,
            "13": 8.03176236152649,
            "14": 8.195953130722046,
            "15": 4.5993359088897705,
            "16": 4.3983941078186035,
            "17": 4.308619737625122,
            "18": 4.206974983215332,
            "19": 4.142583131790161,
            "20": 4.074955940246582,
            "21": 4.058932781219482,
            "22": 4.005666732788086,
            "23": 3.9897611141204834,
            "24": 4.010684490203857,
            "25": 3.9737255573272705,
            "26": 3.953922748565674,
            "27": 3.939544439315796,
            "28": 3.9306538105010986,
            "29": 3.932685375213623
        },
        "time_test_teacher": {
            "0": 2.466280937194824,
            "1": 2.8409783840179443,
            "2": 3.063312530517578,
            "3": 3.228070020675659,
            "4": 3.3755156993865967,
            "5": 3.4308395385742188,
            "6": 3.4868617057800293,
            "7": 3.556226968765259,
            "8": 3.55845308303833,
            "9": 3.6405508518218994,
            "10": 3.6570494174957275,
            "11": 3.6775710582733154,
            "12": 3.7064967155456543,
            "13": 3.747313976287842,
            "14": 3.7327992916107178,
            "15": 3.727102756500244,
            "16": 3.7381012439727783,
            "17": 3.7723889350891113,
            "18": 3.76117205619812,
            "19": 3.801410436630249,
            "20": 3.805741310119629,
            "21": 3.8118231296539307,
            "22": 3.7938575744628906,
            "23": 3.7794981002807617,
            "24": 3.826784133911133,
            "25": 3.7876482009887695,
            "26": 3.847235679626465,
            "27": 3.7889440059661865,
            "28": 3.837693929672241,
            "29": 3.8044698238372803
        },
        "time_test_student": {
            "0": 0.6173233985900879,
            "1": 0.6387262344360352,
            "2": 0.6449246406555176,
            "3": 0.65413498878479,
            "4": 0.6413061618804932,
            "5": 0.6501953601837158,
            "6": 0.6466269493103027,
            "7": 0.6393551826477051,
            "8": 0.6518552303314209,
            "9": 0.6388847827911377,
            "10": 0.6428360939025879,
            "11": 0.6412739753723145,
            "12": 0.6391146183013916,
            "13": 0.6343457698822021,
            "14": 0.6375491619110107,
            "15": 0.6344635486602783,
            "16": 0.6390714645385742,
            "17": 0.6314525604248047,
            "18": 0.6355314254760742,