{
    "results": {
        "acc_test_teacher": {
            "0": 77.64,
            "1": 81.69999999999999,
            "2": 81.58,
            "3": 83.89,
            "4": 84.04,
            "5": 84.09,
            "6": 84.2,
            "7": 84.67,
            "8": 85.38,
            "9": 86.13,
            "10": 85.82,
            "11": 86.04,
            "12": 86.22999999999999,
            "13": 86.1,
            "14": 86.04,
            "15": 86.21,
            "16": 87.02,
            "17": 86.36,
            "18": 86.3,
            "19": 86.19,
            "20": 86.97,
            "21": 86.86,
            "22": 86.75,
            "23": 86.52,
            "24": 87.38,
            "25": 87.09,
            "26": 86.81,
            "27": 86.5,
            "28": 87.42,
            "29": 87.22999999999999,
            "30": 87.72999999999999,
            "31": 87.33,
            "32": 87.77000000000001,
            "33": 87.53999999999999,
            "34": 87.53999999999999,
            "35": 87.28,
            "36": 87.67,
            "37": 86.92,
            "38": 87.5,
            "39": 87.37,
            "40": 87.33,
            "41": 87.68,
            "42": 87.24,
            "43": 88.07000000000001,
            "44": 87.83999999999999,
            "45": 87.18,
            "46": 88.18,
            "47": 87.92,
            "48": 87.83999999999999,
            "49": 87.91,
            "50": 87.89,
            "51": 87.55,
            "52": 87.32,
            "53": 86.91,
            "54": 87.99,
            "55": 87.68,
            "56": 87.59,
            "57": 88.23,
            "58": 87.67,
            "59": 87.63
        },
        "acc_test_student": {
            "0": 68.42,
            "1": 72.02,
            "2": 74.21,
            "3": 75.25,
            "4": 77.25,
            "5": 74.3,
            "6": 76.3,
            "7": 77.18,
            "8": 78.11,
            "9": 77.35,
            "10": 77.27000000000001,
            "11": 78.47,
            "12": 78.39,
            "13": 77.78,
            "14": 79.34,
            "15": 78.97,
            "16": 78.82000000000001,
            "17": 79.02,
            "18": 78.81,
            "19": 79.21000000000001,
            "20": 79.69000000000001,
            "21": 80.06,
            "22": 79.17,
            "23": 78.97,
            "24": 79.62,
            "25": 80.04,
            "26": 79.52,
            "27": 79.31,
            "28": 79.54,
            "29": 79.14999999999999,
            "30": 80.41,
            "31": 80.30000000000001,
            "32": 79.81,
            "33": 80.24,
            "34": 79.66,
            "35": 79.24,
            "36": 79.58,
            "37": 79.92,
            "38": 80.05,
            "39": 80.80000000000001,
            "40": 80.84,
            "41": 80.34,
            "42": 80.95,
            "43": 80.34,
            "44": 79.22,
            "45": 80.81,
            "46": 79.86999999999999,
            "47": 79.91,
            "48": 80.89,
            "49": 80.43,
            "50": 80.06,
            "51": 79.09,
            "52": 79.84,
            "53": 79.73,
            "54": 80.2,
            "55": 80.30000000000001,
            "56": 80.27,
            "57": 80.19,
            "58": 78.38000000000001,
            "59": 80.17
        },
        "acc_test_distilled": {
            "0": 77.69,
            "1": 79.69000000000001,
            "2": 82.82000000000001,
            "3": 83.03,
            "4": 84.27,
            "5": 84.11,
            "6": 84.52,
            "7": 83.88,
            "8": 85.49,
            "9": 85.61999999999999,
            "10": 84.97,
            "11": 85.65,
            "12": 85.8,
            "13": 86.1,
            "14": 85.98,
            "15": 85.77,
            "16": 86.05000000000001,
            "17": 86.61999999999999,
            "18": 86.72,
            "19": 86.46000000000001,
            "20": 86.33,
            "21": 85.99,
            "22": 86.65,
            "23": 86.57000000000001,
            "24": 86.86,
            "25": 86.82,
            "26": 86.59,
            "27": 86.91,
            "28": 86.92999999999999,
            "29": 86.25,
            "30": 73.50999999999999,
            "31": 76.57000000000001,
            "32": 78.96,
            "33": 79.08,
            "34": 81.12,
            "35": 80.67,
            "36": 82.65,
            "37": 82.85,
            "38": 82.91,
            "39": 82.54,
            "40": 83.04,
            "41": 83.7,
            "42": 82.87,
            "43": 83.23,
            "44": 83.67999999999999,
            "45": 83.89999999999999,
            "46": 83.48,
            "47": 83.67999999999999,
            "48": 83.74000000000001,
            "49": 83.48,
            "50": 83.74000000000001,
            "51": 83.73,
            "52": 84.25,
            "53": 84.17,
            "54": 84.31,
            "55": 84.72,
            "56": 84.22,
            "57": 84.26,
            "58": 84.19,
            "59": 83.91
        },
        "time_train_teacher": {
            "0": 1.5802502632141113,
            "1": 1.193779706954956,
            "2": 1.064558744430542,
            "3": 1.0325310230255127,
            "4": 0.9658632278442383,
            "5": 0.9333968162536621,
            "6": 0.8996889591217041,
            "7": 0.8573698997497559,
            "8": 0.846956729888916,
            "9": 0.8361680507659912,
            "10": 0.8245739936828613,
            "11": 0.8129053115844727,
            "12": 0.7957639694213867,
            "13": 0.791121244430542,
            "14": 0.7958736419677734,
            "15": 0.7696945667266846,
            "16": 0.7645401954650879,
            "17": 0.7769486904144287,
            "18": 0.7506489753723145,
            "19": 0.744220495223999,
            "20": 0.7265148162841797,
            "21": 0.7301697731018066,
            "22": 0.7267327308654785,
            "23": 0.7365932464599609,
            "24": 0.7238030433654785,
            "25": 0.7252860069274902,
            "26": 0.7150406837463379,
            "27": 0.7143669128417969,
            "28": 0.7033278942108154,
            "29": 0.7059268951416016,
            "30": 0.7004342079162598,
            "31": 0.703951358795166,
            "32": 0.6906163692474365,
            "33": 0.6885511875152588,
            "34": 0.6790013313293457,
            "35": 0.6810023784637451,
            "36": 0.679497241973877,
            "37": 0.6830978393554688,
            "38": 0.6930360794067383,
            "39": 0.6783490180969238,
            "40": 0.6848917007446289,
            "41": 0.6638987064361572,
            "42": 0.6645493507385254,
            "43": 0.6750166416168213,
            "44": 0.6651897430419922,
            "45": 0.6628649234771729,
            "46": 0.665076494216919,
            "47": 0.6560065746307373,
            "48": 0.673790454864502,
            "49": 0.6663479804992676,
            "50": 0.6659142971038818,
            "51": 0.6530015468597412,
            "52": 0.6591241359710693,
            "53": 0.6438734531402588,
            "54": 0.6621878147125244,
            "55": 0.6523799896240234,
            "56": 0.6531920433044434,
            "57": 0.6551363468170166,
            "58": 0.6518619060516357,
            "59": 0.647113561630249
        },
        "time_train_student": {
            "0": 0.4499976634979248,
            "1": 0.36731648445129395,
            "2": 0.3456845283508301,
            "3": 0.34246158599853516,
            "4": 0.33929967880249023,
            "5": 0.3265957832336426,
            "6": 0.32604312896728516,
            "7": 0.3226358890533447,
            "8": 0.3167293071746826,
            "9": 0.31200337409973145,
            "10": 0.31847095489501953,
            "11": 0.31018614768981934,
            "12": 0.3043630123138428,
            "13": 0.30966663360595703,
            "14": 0.3068251609802246,
            "15": 0.30225038528442383,
            "16": 0.3032410144805908,