{
    "results": {
        "acc_test_teacher": {
            "0": 80.38,
            "1": 81.99,
            "2": 84.46000000000001,
            "3": 84.94,
            "4": 86.2,
            "5": 85.78,
            "6": 86.6,
            "7": 86.53999999999999,
            "8": 86.79,
            "9": 87.49,
            "10": 87.53999999999999,
            "11": 87.82,
            "12": 88.1,
            "13": 87.59,
            "14": 87.76,
            "15": 87.79,
            "16": 88.21,
            "17": 88.62,
            "18": 88.67,
            "19": 88.5,
            "20": 88.75,
            "21": 88.26,
            "22": 88.53999999999999,
            "23": 88.92,
            "24": 88.94999999999999,
            "25": 88.77000000000001,
            "26": 88.69,
            "27": 89.3,
            "28": 88.27000000000001,
            "29": 88.63,
            "30": 88.89,
            "31": 89.2,
            "32": 88.71,
            "33": 89.33,
            "34": 89.48,
            "35": 89.1,
            "36": 88.97,
            "37": 89.29,
            "38": 89.25999999999999,
            "39": 89.23,
            "40": 88.98,
            "41": 89.33,
            "42": 89.02,
            "43": 89.39,
            "44": 89.56,
            "45": 89.34,
            "46": 89.18,
            "47": 88.77000000000001,
            "48": 88.91,
            "49": 88.96,
            "50": 89.67,
            "51": 89.38000000000001,
            "52": 89.14,
            "53": 88.88000000000001,
            "54": 88.89,
            "55": 89.38000000000001,
            "56": 89.16,
            "57": 89.29,
            "58": 89.24,
            "59": 89.14999999999999
        },
        "acc_test_student": {
            "0": 75.97,
            "1": 79.36999999999999,
            "2": 80.45,
            "3": 80.53,
            "4": 82.21000000000001,
            "5": 82.14,
            "6": 82.89999999999999,
            "7": 82.67999999999999,
            "8": 83.33,
            "9": 84.17,
            "10": 83.5,
            "11": 83.65,
            "12": 84.19,
            "13": 84.0,
            "14": 84.95,
            "15": 84.57000000000001,
            "16": 85.45,
            "17": 85.38,
            "18": 84.11999999999999,
            "19": 85.54,
            "20": 85.22999999999999,
            "21": 85.95,
            "22": 85.63,
            "23": 85.15,
            "24": 85.52,
            "25": 85.61,
            "26": 85.66,
            "27": 85.92,
            "28": 85.42999999999999,
            "29": 85.9,
            "30": 86.16,
            "31": 85.69,
            "32": 85.42999999999999,
            "33": 86.50999999999999,
            "34": 86.06,
            "35": 86.22,
            "36": 85.6,
            "37": 85.84,
            "38": 85.74000000000001,
            "39": 86.05000000000001,
            "40": 86.28,
            "41": 85.85000000000001,
            "42": 86.38,
            "43": 85.72,
            "44": 86.0,
            "45": 86.36,
            "46": 86.53,
            "47": 85.88,
            "48": 86.53,
            "49": 85.8,
            "50": 86.13,
            "51": 86.07000000000001,
            "52": 86.15,
            "53": 86.15,
            "54": 85.88,
            "55": 85.98,
            "56": 86.4,
            "57": 86.44,
            "58": 87.0,
            "59": 86.49
        },
        "acc_test_distilled": {
            "0": 79.66,
            "1": 82.49,
            "2": 83.66,
            "3": 85.28999999999999,
            "4": 86.52,
            "5": 86.48,
            "6": 87.06,
            "7": 86.82,
            "8": 87.47,
            "9": 87.51,
            "10": 87.71,
            "11": 87.87,
            "12": 88.01,
            "13": 88.14,
            "14": 87.97,
            "15": 88.18,
            "16": 88.02,
            "17": 88.72,
            "18": 88.78,
            "19": 88.42,
            "20": 88.63,
            "21": 88.03,
            "22": 88.38000000000001,
            "23": 88.79,
            "24": 88.44,
            "25": 88.03999999999999,
            "26": 88.91,
            "27": 88.81,
            "28": 88.42,
            "29": 88.42,
            "30": 77.24,
            "31": 82.8,
            "32": 83.8,
            "33": 84.75,
            "34": 85.36,
            "35": 84.86,
            "36": 86.61,
            "37": 86.16,
            "38": 86.35000000000001,
            "39": 87.14,
            "40": 87.24,
            "41": 87.19,
            "42": 87.67,
            "43": 88.06,
            "44": 87.87,
            "45": 88.28,
            "46": 87.9,
            "47": 87.78,
            "48": 87.69,
            "49": 88.03999999999999,
            "50": 88.1,
            "51": 87.7,
            "52": 88.17,
            "53": 87.88,
            "54": 88.27000000000001,
            "55": 87.99,
            "56": 88.41,
            "57": 88.35,
            "58": 88.41,
            "59": 88.41
        },
        "time_train_teacher": {
            "0": 4.631349086761475,
            "1": 3.793346643447876,
            "2": 3.546558380126953,
            "3": 3.4440557956695557,
            "4": 3.362952709197998,
            "5": 3.2824411392211914,
            "6": 3.2370383739471436,
            "7": 3.162285327911377,
            "8": 3.1319401264190674,
            "9": 3.1239593029022217,
            "10": 3.104921817779541,
            "11": 3.076948404312134,
            "12": 3.0614612102508545,
            "13": 3.0367629528045654,
            "14": 3.026597499847412,
            "15": 2.9962985515594482,
            "16": 2.989208936691284,
            "17": 2.9780020713806152,
            "18": 2.97757887840271,
            "19": 2.971557140350342,
            "20": 2.9461331367492676,
            "21": 2.952733278274536,
            "22": 2.9287614822387695,
            "23": 2.93289852142334,
            "24": 2.937736749649048,
            "25": 2.9298603534698486,
            "26": 2.9340717792510986,
            "27": 2.924734592437744,
            "28": 2.917747735977173,
            "29": 2.9126453399658203,
            "30": 2.9086060523986816,
            "31": 2.9074599742889404,
            "32": 2.8980507850646973,
            "33": 2.888143539428711,
            "34": 2.896873950958252,
            "35": 2.8987865447998047,
            "36": 2.884002208709717,
            "37": 2.8762009143829346,
            "38": 2.88838791847229,
            "39": 2.8807151317596436,
            "40": 2.872365951538086,
            "41": 2.882141351699829,
            "42": 2.8521900177001953,
            "43": 2.868070125579834,
            "44": 2.8621222972869873,
            "45": 2.8670496940612793,
            "46": 2.8678486347198486,
            "47": 2.8611371517181396,
            "48": 2.8548953533172607,
            "49": 2.8504154682159424,
            "50": 2.8513200283050537,
            "51": 2.8581814765930176,
            "52": 2.865602731704712,
            "53": 2.861938714981079,
            "54": 2.858081340789795,
            "55": 2.8458378314971924,
            "56": 2.844796895980835,
            "57": 2.843966245651245,
            "58": 2.8436503410339355,
            "59": 2.8443057537078857
        },
        "time_train_student": {
            "0": 0.967606782913208,
            "1": 0.7462120056152344,
            "2": 0.6837029457092285,
            "3": 0.6556496620178223,
            "4": 0.626584529876709,
            "5": 0.6072211265563965,
            "6": 0.5887329578399658,
            "7": 0.5845446586608887,
            "8": 0.5737731456756592,
            "9": 0.5660285949707031,
            "10": 0.5630297660827637,
            "11": 0.5486297607421875,
            "12": 0.5404794216156006,
            "13": 0.5312178134918213,
            "14": 0.5252411365509033,
            "15": 0.51743483543396,
            "16": 0.5124967098236084,
            "17": 0.5143468379974365,