{
    "results": {
        "acc_test_teacher": {
            "0": 80.07,
            "1": 81.43,
            "2": 84.17,
            "3": 84.2,
            "4": 85.00999999999999,
            "5": 85.11999999999999,
            "6": 84.97,
            "7": 86.11,
            "8": 86.92,
            "9": 87.0,
            "10": 86.4,
            "11": 87.66000000000001,
            "12": 87.35000000000001,
            "13": 87.33,
            "14": 87.19,
            "15": 87.61,
            "16": 87.61,
            "17": 87.39,
            "18": 87.94,
            "19": 87.19,
            "20": 87.22999999999999,
            "21": 87.92999999999999,
            "22": 87.86,
            "23": 88.11,
            "24": 88.03,
            "25": 88.55,
            "26": 87.9,
            "27": 88.83,
            "28": 87.56,
            "29": 88.05,
            "30": 88.01,
            "31": 87.79,
            "32": 88.23,
            "33": 88.14,
            "34": 88.22,
            "35": 88.23,
            "36": 88.75999999999999,
            "37": 88.34,
            "38": 87.7,
            "39": 88.92,
            "40": 89.05,
            "41": 88.97,
            "42": 88.81,
            "43": 88.91,
            "44": 88.63,
            "45": 89.13,
            "46": 89.23,
            "47": 88.86,
            "48": 88.63,
            "49": 88.67,
            "50": 89.14999999999999,
            "51": 88.46000000000001,
            "52": 88.74,
            "53": 88.75999999999999,
            "54": 89.05999999999999,
            "55": 88.37,
            "56": 89.12,
            "57": 88.46000000000001,
            "58": 88.79,
            "59": 88.66000000000001
        },
        "acc_test_student": {
            "0": 75.41,
            "1": 79.05,
            "2": 80.65,
            "3": 82.45,
            "4": 82.54,
            "5": 81.96,
            "6": 82.56,
            "7": 83.88,
            "8": 83.3,
            "9": 84.64,
            "10": 83.28999999999999,
            "11": 83.33,
            "12": 84.26,
            "13": 85.03,
            "14": 84.21,
            "15": 84.15,
            "16": 85.06,
            "17": 84.85000000000001,
            "18": 86.06,
            "19": 84.85000000000001,
            "20": 84.95,
            "21": 85.21,
            "22": 84.86,
            "23": 85.63,
            "24": 85.65,
            "25": 85.71,
            "26": 85.77,
            "27": 86.14,
            "28": 85.96000000000001,
            "29": 85.3,
            "30": 85.71,
            "31": 85.82,
            "32": 86.19,
            "33": 85.94000000000001,
            "34": 86.2,
            "35": 85.68,
            "36": 86.61999999999999,
            "37": 86.22999999999999,
            "38": 86.17,
            "39": 86.65,
            "40": 86.67,
            "41": 86.77,
            "42": 86.92,
            "43": 86.25,
            "44": 86.31,
            "45": 87.08,
            "46": 86.46000000000001,
            "47": 86.15,
            "48": 86.56,
            "49": 86.81,
            "50": 86.39,
            "51": 86.24000000000001,
            "52": 86.8,
            "53": 86.88,
            "54": 86.41,
            "55": 86.25,
            "56": 86.09,
            "57": 86.00999999999999,
            "58": 86.9,
            "59": 86.41
        },
        "acc_test_distilled": {
            "0": 79.36,
            "1": 82.80999999999999,
            "2": 84.23,
            "3": 84.13000000000001,
            "4": 85.5,
            "5": 86.11,
            "6": 86.42,
            "7": 87.2,
            "8": 86.35000000000001,
            "9": 86.31,
            "10": 87.03999999999999,
            "11": 86.32,
            "12": 86.82,
            "13": 87.5,
            "14": 86.92,
            "15": 87.53,
            "16": 86.92999999999999,
            "17": 87.28,
            "18": 87.58,
            "19": 87.55,
            "20": 87.8,
            "21": 87.53999999999999,
            "22": 88.0,
            "23": 87.88,
            "24": 88.25,
            "25": 88.13,
            "26": 88.46000000000001,
            "27": 88.25,
            "28": 87.9,
            "29": 87.83,
            "30": 79.62,
            "31": 82.74000000000001,
            "32": 83.55,
            "33": 84.86,
            "34": 85.44,
            "35": 85.77,
            "36": 85.87,
            "37": 86.1,
            "38": 86.87,
            "39": 86.89,
            "40": 87.05000000000001,
            "41": 86.36,
            "42": 87.0,
            "43": 87.32,
            "44": 87.21,
            "45": 87.8,
            "46": 87.64,
            "47": 87.88,
            "48": 87.61,
            "49": 87.47,
            "50": 87.52,
            "51": 87.74,
            "52": 87.7,
            "53": 87.72999999999999,
            "54": 88.2,
            "55": 88.06,
            "56": 87.76,
            "57": 88.25,
            "58": 88.1,
            "59": 87.86
        },
        "time_train_teacher": {
            "0": 2.81371808052063,
            "1": 2.138745069503784,
            "2": 1.9121334552764893,
            "3": 1.8136746883392334,
            "4": 1.720019817352295,
            "5": 1.6835012435913086,
            "6": 1.6514229774475098,
            "7": 1.5893118381500244,
            "8": 1.549177646636963,
            "9": 1.5304484367370605,
            "10": 1.4930472373962402,
            "11": 1.4883818626403809,
            "12": 1.4587504863739014,
            "13": 1.4652795791625977,
            "14": 1.4236931800842285,
            "15": 1.4254472255706787,
            "16": 1.4138202667236328,
            "17": 1.409271240234375,
            "18": 1.397174596786499,
            "19": 1.377725601196289,
            "20": 1.3692748546600342,
            "21": 1.3545289039611816,
            "22": 1.3533430099487305,
            "23": 1.339508295059204,
            "24": 1.3507962226867676,
            "25": 1.3531241416931152,
            "26": 1.3564534187316895,
            "27": 1.289771556854248,
            "28": 1.259368658065796,
            "29": 1.2607460021972656,
            "30": 1.252702236175537,
            "31": 1.2379193305969238,
            "32": 1.2429015636444092,
            "33": 1.239811658859253,
            "34": 1.2432911396026611,
            "35": 1.2328455448150635,
            "36": 1.2260642051696777,
            "37": 1.2471232414245605,
            "38": 1.222731113433838,
            "39": 1.224761724472046,
            "40": 1.2166595458984375,
            "41": 1.2191815376281738,
            "42": 1.2135529518127441,
            "43": 1.2139663696289062,
            "44": 1.20894455909729,
            "45": 1.2094402313232422,
            "46": 1.2058684825897217,
            "47": 1.206871747970581,
            "48": 1.2078287601470947,
            "49": 1.2037217617034912,
            "50": 1.1855473518371582,
            "51": 1.2068867683410645,
            "52": 1.179795742034912,
            "53": 1.188873291015625,
            "54": 1.1887071132659912,
            "55": 1.1792466640472412,
            "56": 1.1722984313964844,
            "57": 1.1774017810821533,
            "58": 1.1781978607177734,
            "59": 1.1823880672454834
        },
        "time_train_student": {
            "0": 0.968888521194458,
            "1": 0.7419619560241699,
            "2": 0.6918342113494873,
            "3": 0.6553218364715576,
            "4": 0.6384220123291016,
            "5": 0.609703779220581,
            "6": 0.5947682857513428,
            "7": 0.572880744934082,
            "8": 0.5783483982086182,
            "9": 0.5714693069458008,
            "10": 0.5550551414489746,
            "11": 0.5448379516601562,
            "12": 0.5307149887084961,
            "13": 0.5268111228942871,
            "14": 0.5292503833770752,
            "15": 0.5238761901855469,
            "16": 0.5284037590026855,
            "17": 0.5170125961303711,