{
    "results": {
        "acc_test_teacher": {
            "0": 91.16,
            "1": 92.54,
            "2": 94.33,
            "3": 94.59,
            "4": 95.05,
            "5": 95.34,
            "6": 95.48,
            "7": 95.7,
            "8": 95.67999999999999,
            "9": 95.7,
            "10": 96.09,
            "11": 96.21,
            "12": 96.26,
            "13": 96.19,
            "14": 96.57,
            "15": 96.36,
            "16": 96.35000000000001,
            "17": 96.21,
            "18": 96.17999999999999,
            "19": 96.35000000000001,
            "20": 96.59,
            "21": 96.28999999999999,
            "22": 96.45,
            "23": 96.66,
            "24": 96.61999999999999,
            "25": 96.78,
            "26": 96.86,
            "27": 96.83,
            "28": 96.72,
            "29": 96.73,
            "30": 96.74000000000001,
            "31": 96.76,
            "32": 96.81,
            "33": 96.81,
            "34": 96.85000000000001,
            "35": 96.84,
            "36": 96.77,
            "37": 96.87,
            "38": 96.50999999999999,
            "39": 96.94,
            "40": 96.78,
            "41": 96.8,
            "42": 96.81,
            "43": 97.0,
            "44": 97.1,
            "45": 96.97,
            "46": 96.92,
            "47": 96.97,
            "48": 96.89,
            "49": 97.08,
            "50": 97.06,
            "51": 96.89,
            "52": 96.93,
            "53": 97.0,
            "54": 96.95,
            "55": 97.09,
            "56": 96.97,
            "57": 97.03,
            "58": 97.00999999999999,
            "59": 97.0
        },
        "acc_test_student": {
            "0": 91.51,
            "1": 92.74,
            "2": 93.46,
            "3": 93.94,
            "4": 93.97,
            "5": 93.92,
            "6": 94.45,
            "7": 94.77,
            "8": 94.98,
            "9": 94.53,
            "10": 94.99,
            "11": 94.83,
            "12": 94.95,
            "13": 95.1,
            "14": 94.89,
            "15": 95.25,
            "16": 95.28999999999999,
            "17": 95.37,
            "18": 95.17999999999999,
            "19": 95.38,
            "20": 95.49,
            "21": 95.47,
            "22": 95.35,
            "23": 95.5,
            "24": 95.36,
            "25": 95.65,
            "26": 95.52000000000001,
            "27": 95.66,
            "28": 95.66,
            "29": 95.54,
            "30": 95.50999999999999,
            "31": 95.67,
            "32": 95.69,
            "33": 95.67,
            "34": 95.64,
            "35": 95.89999999999999,
            "36": 95.73,
            "37": 95.72,
            "38": 95.76,
            "39": 96.03,
            "40": 95.91,
            "41": 95.86,
            "42": 95.83,
            "43": 95.6,
            "44": 95.97,
            "45": 95.86,
            "46": 95.78999999999999,
            "47": 95.72,
            "48": 95.57,
            "49": 95.65,
            "50": 95.83,
            "51": 95.78999999999999,
            "52": 95.76,
            "53": 95.75,
            "54": 95.87,
            "55": 96.08,
            "56": 95.89999999999999,
            "57": 95.92,
            "58": 95.85000000000001,
            "59": 95.96000000000001
        },
        "acc_test_distilled": {
            "0": 92.47999999999999,
            "1": 93.58999999999999,
            "2": 93.43,
            "3": 94.15,
            "4": 94.31,
            "5": 95.1,
            "6": 95.46,
            "7": 95.30999999999999,
            "8": 95.23,
            "9": 95.95,
            "10": 95.23,
            "11": 95.82000000000001,
            "12": 95.96000000000001,
            "13": 95.85000000000001,
            "14": 96.35000000000001,
            "15": 95.94,
            "16": 95.94,
            "17": 95.88,
            "18": 95.78,
            "19": 95.93,
            "20": 96.14,
            "21": 96.25,
            "22": 96.31,
            "23": 96.35000000000001,
            "24": 96.5,
            "25": 96.53,
            "26": 96.41,
            "27": 96.44,
            "28": 96.41,
            "29": 96.53,
            "30": 94.67,
            "31": 95.48,
            "32": 96.3,
            "33": 96.48,
            "34": 96.49,
            "35": 96.52,
            "36": 96.77,
            "37": 96.66,
            "38": 96.77,
            "39": 96.72,
            "40": 96.67999999999999,
            "41": 96.82,
            "42": 97.0,
            "43": 97.07000000000001,
            "44": 96.89999999999999,
            "45": 96.92,
            "46": 96.89,
            "47": 97.03,
            "48": 96.85000000000001,
            "49": 97.00999999999999,
            "50": 96.96000000000001,
            "51": 97.04,
            "52": 97.14,
            "53": 97.11999999999999,
            "54": 97.15,
            "55": 97.16,
            "56": 97.21,
            "57": 97.24000000000001,
            "58": 97.18,
            "59": 97.1
        },
        "time_train_teacher": {
            "0": 0.9346888065338135,
            "1": 0.7501940727233887,
            "2": 0.6946201324462891,
            "3": 0.6874163150787354,
            "4": 0.6795623302459717,
            "5": 0.6511926651000977,
            "6": 0.6296193599700928,
            "7": 0.6474320888519287,
            "8": 0.6064460277557373,
            "9": 0.612861156463623,
            "10": 0.6106109619140625,
            "11": 0.6328511238098145,
            "12": 0.5914309024810791,
            "13": 0.5791735649108887,
            "14": 0.5984306335449219,
            "15": 0.6122238636016846,
            "16": 0.5800607204437256,
            "17": 0.594531774520874,
            "18": 0.5613641738891602,
            "19": 0.5775277614593506,
            "20": 0.6081705093383789,
            "21": 0.6117310523986816,
            "22": 0.6024575233459473,
            "23": 0.5568838119506836,
            "24": 0.5533554553985596,
            "25": 0.5979626178741455,
            "26": 0.582228422164917,
            "27": 0.5753045082092285,
            "28": 0.5700967311859131,
            "29": 0.5680992603302002,
            "30": 0.5999531745910645,
            "31": 0.5580191612243652,
            "32": 0.5594983100891113,
            "33": 0.5736358165740967,
            "34": 0.5378620624542236,
            "35": 0.5497004985809326,
            "36": 0.5560622215270996,
            "37": 0.5422506332397461,
            "38": 0.560826301574707,
            "39": 0.5287604331970215,
            "40": 0.5509939193725586,
            "41": 0.5685014724731445,
            "42": 0.5485568046569824,
            "43": 0.547213077545166,
            "44": 0.5475661754608154,
            "45": 0.5478663444519043,
            "46": 0.5423583984375,
            "47": 0.5393378734588623,
            "48": 0.5695147514343262,
            "49": 0.5322349071502686,
            "50": 0.5263903141021729,
            "51": 0.5253031253814697,
            "52": 0.5345273017883301,
            "53": 0.5181143283843994,
            "54": 0.565100908279419,
            "55": 0.5217139720916748,
            "56": 0.5294578075408936,
            "57": 0.5353808403015137,
            "58": 0.5237596035003662,
            "59": 0.5703423023223877
        },
        "time_train_student": {
            "0": 0.3686504364013672,
            "1": 0.3534526824951172,
            "2": 0.30010223388671875,
            "3": 0.28818249702453613,
            "4": 0.28217029571533203,
            "5": 0.2793107032775879,
            "6": 0.294783353805542,
            "7": 0.2879829406738281,
            "8": 0.2796480655670166,
            "9": 0.30063319206237793,
            "10": 0.27531957626342773,
            "11": 0.28093457221984863,
            "12": 0.2708594799041748,
            "13": 0.2891845703125,
            "14": 0.2787613868713379,
            "15": 0.2852330207824707,
            "16": 0.2690398693084717,