{
    "results": {
        "acc_test_teacher": {
            "0": 85.89,
            "1": 85.42,
            "2": 86.35000000000001,
            "3": 87.41,
            "4": 89.42,
            "5": 87.67,
            "6": 89.75,
            "7": 91.52,
            "8": 88.98,
            "9": 89.88000000000001,
            "10": 89.13,
            "11": 90.62,
            "12": 90.10000000000001,
            "13": 90.89,
            "14": 89.92999999999999,
            "15": 91.36,
            "16": 88.08,
            "17": 90.57,
            "18": 90.75,
            "19": 90.91
        },
        "acc_test_student": {
            "0": 82.78,
            "1": 86.09,
            "2": 84.49,
            "3": 87.83,
            "4": 86.37,
            "5": 88.23,
            "6": 89.78,
            "7": 88.75999999999999,
            "8": 88.55,
            "9": 88.88000000000001,
            "10": 89.25999999999999,
            "11": 88.94,
            "12": 88.25,
            "13": 88.27000000000001,
            "14": 89.25,
            "15": 90.93,
            "16": 90.24,
            "17": 90.18,
            "18": 90.44,
            "19": 90.03999999999999
        },
        "acc_test_distilled": {
            "0": 87.38,
            "1": 87.8,
            "2": 87.28,
            "3": 88.46000000000001,
            "4": 88.14,
            "5": 90.83,
            "6": 90.0,
            "7": 88.89,
            "8": 90.51,
            "9": 89.5,
            "10": 85.32,
            "11": 87.74,
            "12": 88.89,
            "13": 90.07,
            "14": 87.18,
            "15": 90.53999999999999,
            "16": 90.42999999999999,
            "17": 91.09,
            "18": 90.09,
            "19": 87.6
        },
        "time_train_teacher": {
            "0": 0.6530866622924805,
            "1": 0.5343091487884521,
            "2": 0.5122547149658203,
            "3": 0.5230348110198975,
            "4": 0.503176212310791,
            "5": 0.4799227714538574,
            "6": 0.46609997749328613,
            "7": 0.52032470703125,
            "8": 0.512303352355957,
            "9": 0.4614067077636719,
            "10": 0.4499051570892334,
            "11": 0.45896244049072266,
            "12": 0.46171092987060547,
            "13": 0.4608738422393799,
            "14": 0.43595314025878906,
            "15": 0.48622751235961914,
            "16": 0.44655299186706543,
            "17": 0.4383981227874756,
            "18": 0.4353296756744385,
            "19": 0.4639699459075928
        },
        "time_train_student": {
            "0": 0.35263633728027344,
            "1": 0.3553791046142578,
            "2": 0.31724119186401367,
            "3": 0.3122591972351074,
            "4": 0.3218958377838135,
            "5": 0.31412291526794434,
            "6": 0.29678821563720703,
            "7": 0.27641725540161133,
            "8": 0.2740952968597412,
            "9": 0.2732706069946289,
            "10": 0.26592111587524414,
            "11": 0.2685098648071289,
            "12": 0.2668344974517822,
            "13": 0.26083827018737793,
            "14": 0.26487064361572266,
            "15": 0.26047492027282715,
            "16": 0.2565901279449463,
            "17": 0.2799694538116455,
            "18": 0.25787973403930664,
            "19": 0.2571249008178711
        },
        "time_train_distilled": {
            "0": 0.6504297256469727,
            "1": 0.5442309379577637,
            "2": 0.5425596237182617,
            "3": 0.49921226501464844,
            "4": 0.510190486907959,
            "5": 0.475006103515625,
            "6": 0.49291181564331055,
            "7": 0.4679286479949951,
            "8": 0.47422266006469727,
            "9": 0.46967196464538574,
            "10": 0.7334892749786377,
            "11": 0.6865262985229492,
            "12": 0.6513218879699707,
            "13": 0.6450247764587402,
            "14": 0.6645410060882568,
            "15": 0.6458346843719482,
            "16": 0.6720113754272461,
            "17": 0.6467363834381104,
            "18": 0.628399133682251,
            "19": 0.6206400394439697
        },
        "time_test_teacher": {
            "0": 0.15226507186889648,
            "1": 0.15317082405090332,
            "2": 0.15596318244934082,
            "3": 0.1532437801361084,
            "4": 0.15059423446655273,
            "5": 0.1550157070159912,
            "6": 0.15353703498840332,
            "7": 0.1612992286682129,
            "8": 0.15614867210388184,
            "9": 0.1495354175567627,
            "10": 0.14775705337524414,
            "11": 0.15453171730041504,
            "12": 0.16500449180603027,
            "13": 0.1515185832977295,
            "14": 0.16411161422729492,
            "15": 0.15199732780456543,
            "16": 0.15364861488342285,
            "17": 0.15376710891723633,
            "18": 0.15180420875549316,
            "19": 0.15738248825073242
        },
        "time_test_student": {
            "0": 0.062392234802246094,
            "1": 0.0553584098815918,
            "2": 0.052861928939819336,
            "3": 0.05284261703491211,
            "4": 0.05558204650878906,
            "5": 0.06496524810791016,
            "6": 0.060877084732055664,
            "7": 0.051035165786743164,
            "8": 0.053237199783325195,
            "9": 0.05930805206298828,
            "10": 0.05137228965759277,
            "11": 0.05096578598022461,
            "12": 0.05212593078613281,
            "13": 0.05095267295837402,
            "14": 0.05088353157043457,
            "15": 0.05023002624511719,
            "16": 0.05063581466674805,
            "17": 0.0512700080871582,
            "18": 0.050627708435058594,
            "19": 0.05057239532470703
        },
        "time_test_distilled": {
            "0": 0.1587810516357422,
            "1": 0.14722704887390137,
            "2": 0.1513381004333496,
            "3": 0.15941548347473145,
            "4": 0.15319323539733887,
            "5": 0.1531667709350586,
            "6": 0.1493539810180664,
            "7": 0.15032172203063965,
            "8": 0.1547255516052246,
            "9": 0.15862321853637695,
            "10": 0.15653014183044434,
            "11": 0.1562352180480957,
            "12": 0.15595722198486328,
            "13": 0.15732502937316895,
            "14": 0.1609950065612793,
            "15": 0.15862584114074707,
            "16": 0.16247224807739258,
            "17": 0.15590739250183105,
            "18": 0.16083812713623047,
            "19": 0.15405654907226562
        }
    },
    "analysis": {
        "avg_acc_test_teacher": 89.2315,
        "std_acc_test_teacher": 1.8421962721879432,
        "avg_acc_test_student": 88.378,
        "std_acc_test_student": 2.0591224497726923,
        "avg_acc_test_distilled": 88.887,
        "std_acc_test_distilled": 1.5597202853143426,
        "final_acc_test_distilled": 87.6,
        "sum_time_train_teacher": 9.703802824020386,
        "sum_time_train_student": 5.733119487762451,
        "sum_time_train_distilled": 11.7208890914917,
        "total_time": 36.4667546749115
    },
    "mutual_information": {
        "sklearn_teacher": 1.7118974457541665,
        "sklearn_student": 2.2971550717319325
    },
    "params": {
        "teacher_num_clauses": 400,
        "student_num_clauses": 100,
        "T": 10,
        "s": 5,
        "teacher_epochs": 10,
        "student_epochs": 10,
        "weighted_clauses": true,
        "number_of_state_bits": 8,
        "over": 0.95,
        "under": 0.05
    },
    "experiment_name": "MNIST",
    "timestamp": "2025-02-04 22:04:46",
    "id": "MNIST_tnc400_snc100_T10_s5_te10_se10"
}