{
    "results": {
        "acc_test_teacher": {
            "0": 88.2,
            "1": 90.02,
            "2": 90.5,
            "3": 90.53999999999999,
            "4": 92.91,
            "5": 91.67999999999999,
            "6": 92.54,
            "7": 92.23,
            "8": 93.93,
            "9": 92.08,
            "10": 90.42,
            "11": 92.97999999999999,
            "12": 93.13,
            "13": 92.66,
            "14": 92.7,
            "15": 93.67999999999999,
            "16": 93.56,
            "17": 93.67999999999999,
            "18": 93.65,
            "19": 94.13,
            "20": 93.63,
            "21": 93.65,
            "22": 94.17,
            "23": 94.38,
            "24": 93.78,
            "25": 93.63,
            "26": 94.51,
            "27": 94.15,
            "28": 94.27,
            "29": 94.41000000000001,
            "30": 93.42,
            "31": 93.78999999999999,
            "32": 94.5,
            "33": 94.73,
            "34": 94.22,
            "35": 94.95,
            "36": 94.25,
            "37": 93.44,
            "38": 93.32000000000001,
            "39": 93.16,
            "40": 94.36,
            "41": 94.26,
            "42": 93.7,
            "43": 94.51,
            "44": 94.43,
            "45": 94.53,
            "46": 94.75,
            "47": 94.89999999999999,
            "48": 94.55,
            "49": 94.57,
            "50": 94.04,
            "51": 94.28999999999999,
            "52": 94.26,
            "53": 95.0,
            "54": 94.87,
            "55": 94.51,
            "56": 94.87,
            "57": 94.89,
            "58": 94.73,
            "59": 94.81
        },
        "acc_test_student": {
            "0": 85.09,
            "1": 86.16,
            "2": 86.11999999999999,
            "3": 89.16,
            "4": 86.25,
            "5": 88.72,
            "6": 90.28,
            "7": 88.47,
            "8": 89.72,
            "9": 89.55,
            "10": 89.02,
            "11": 89.58,
            "12": 89.98,
            "13": 90.79,
            "14": 90.66,
            "15": 90.46,
            "16": 90.60000000000001,
            "17": 90.57,
            "18": 91.64999999999999,
            "19": 90.44,
            "20": 89.84,
            "21": 90.93,
            "22": 90.08,
            "23": 91.78,
            "24": 89.96,
            "25": 90.0,
            "26": 90.0,
            "27": 90.79,
            "28": 91.22,
            "29": 91.67,
            "30": 90.88000000000001,
            "31": 92.24,
            "32": 89.38000000000001,
            "33": 90.49000000000001,
            "34": 90.64,
            "35": 91.97,
            "36": 91.31,
            "37": 91.03999999999999,
            "38": 92.10000000000001,
            "39": 91.19,
            "40": 90.85,
            "41": 90.16999999999999,
            "42": 91.97,
            "43": 92.16,
            "44": 90.34,
            "45": 91.38,
            "46": 91.7,
            "47": 92.13,
            "48": 90.59,
            "49": 92.44,
            "50": 90.07,
            "51": 91.82000000000001,
            "52": 90.79,
            "53": 90.03999999999999,
            "54": 92.11,
            "55": 91.64999999999999,
            "56": 90.62,
            "57": 91.82000000000001,
            "58": 90.53,
            "59": 89.11
        },
        "acc_test_distilled": {
            "0": 85.63,
            "1": 87.99,
            "2": 90.69,
            "3": 91.73,
            "4": 91.78,
            "5": 91.59,
            "6": 91.47999999999999,
            "7": 92.88,
            "8": 91.88,
            "9": 93.24,
            "10": 93.37,
            "11": 92.24,
            "12": 93.25,
            "13": 91.89,
            "14": 92.27,
            "15": 93.11,
            "16": 93.47999999999999,
            "17": 93.44,
            "18": 94.54,
            "19": 94.06,
            "20": 94.12,
            "21": 93.87,
            "22": 94.39,
            "23": 94.56,
            "24": 94.02000000000001,
            "25": 93.91000000000001,
            "26": 94.22,
            "27": 93.78999999999999,
            "28": 94.24,
            "29": 93.81,
            "30": 87.35000000000001,
            "31": 89.41,
            "32": 89.31,
            "33": 89.29,
            "34": 91.17,
            "35": 91.97,
            "36": 92.16,
            "37": 90.84,
            "38": 92.66,
            "39": 90.03,
            "40": 93.63,
            "41": 93.39,
            "42": 93.26,
            "43": 93.26,
            "44": 89.8,
            "45": 92.47,
            "46": 92.75999999999999,
            "47": 92.23,
            "48": 93.10000000000001,
            "49": 93.77,
            "50": 93.23,
            "51": 93.39,
            "52": 93.36,
            "53": 93.38,
            "54": 93.02,
            "55": 92.64,
            "56": 92.62,
            "57": 92.39,
            "58": 92.17999999999999,
            "59": 92.2
        },
        "time_train_teacher": {
            "0": 1.7392077445983887,
            "1": 1.3658215999603271,
            "2": 1.2998502254486084,
            "3": 1.2590644359588623,
            "4": 1.1941595077514648,
            "5": 1.2167363166809082,
            "6": 1.1549203395843506,
            "7": 1.1563832759857178,
            "8": 1.1491949558258057,
            "9": 1.119985580444336,
            "10": 1.1053671836853027,
            "11": 1.1013360023498535,
            "12": 1.1007814407348633,
            "13": 1.0886831283569336,
            "14": 1.0885539054870605,
            "15": 1.04793119430542,
            "16": 1.0801379680633545,
            "17": 1.0687692165374756,
            "18": 1.0576097965240479,
            "19": 1.0535943508148193,
            "20": 1.055159091949463,
            "21": 1.0509133338928223,
            "22": 1.0432672500610352,
            "23": 1.0473997592926025,
            "24": 1.0314648151397705,
            "25": 1.023531436920166,
            "26": 1.0424318313598633,
            "27": 1.015413761138916,
            "28": 1.017516851425171,
            "29": 1.0088391304016113,
            "30": 1.029691457748413,
            "31": 1.0279035568237305,
            "32": 1.0240659713745117,
            "33": 1.0172700881958008,
            "34": 1.0315656661987305,
            "35": 1.005993366241455,
            "36": 1.0269522666931152,
            "37": 1.0273704528808594,
            "38": 1.0022573471069336,
            "39": 1.0105772018432617,
            "40": 1.029000997543335,
            "41": 1.0396533012390137,
            "42": 1.014333963394165,
            "43": 1.0254647731781006,
            "44": 1.019216537475586,
            "45": 1.0183145999908447,
            "46": 0.9978926181793213,
            "47": 0.983452558517456,
            "48": 0.9995782375335693,
            "49": 0.9932117462158203,
            "50": 0.9843101501464844,
            "51": 1.0348820686340332,
            "52": 1.0029187202453613,
            "53": 0.9885170459747314,
            "54": 1.0097920894622803,
            "55": 1.0020945072174072,
            "56": 1.0088491439819336,
            "57": 0.9975831508636475,
            "58": 0.9817671775817871,
            "59": 0.9950823783874512
        },
        "time_train_student": {
            "0": 0.5930154323577881,
            "1": 0.5291378498077393,
            "2": 0.5186033248901367,
            "3": 0.4831867218017578,
            "4": 0.4591977596282959,
            "5": 0.4657785892486572,
            "6": 0.46040821075439453,
            "7": 0.45262885093688965,
            "8": 0.44680070877075195,
            "9": 0.45400285720825195,
            "10": 0.4649362564086914,
            "11": 0.4359128475189209,
            "12": 0.47013163566589355,
            "13": 0.4478888511657715,
            "14": 0.4473304748535156,
            "15": 0.4321162700653076,
            "16": 0.43400144577026367,
            "17": 0.44844985008239746,