{
    "results": {
        "acc_test_teacher": {
            "0": 87.44,
            "1": 89.14,
            "2": 91.22,
            "3": 91.85,
            "4": 92.06,
            "5": 92.41,
            "6": 92.09,
            "7": 91.49000000000001,
            "8": 92.11,
            "9": 93.49,
            "10": 93.08999999999999,
            "11": 94.02000000000001,
            "12": 93.96,
            "13": 93.53,
            "14": 94.17,
            "15": 94.55,
            "16": 93.93,
            "17": 93.86,
            "18": 94.17,
            "19": 94.74000000000001,
            "20": 93.52000000000001,
            "21": 94.14,
            "22": 94.47,
            "23": 94.17,
            "24": 94.31,
            "25": 94.55,
            "26": 94.24,
            "27": 94.19999999999999,
            "28": 95.73,
            "29": 95.02000000000001,
            "30": 94.59,
            "31": 94.47,
            "32": 95.12,
            "33": 95.41,
            "34": 95.45,
            "35": 95.5,
            "36": 95.43,
            "37": 94.52000000000001,
            "38": 95.55,
            "39": 94.59,
            "40": 94.71000000000001,
            "41": 95.08,
            "42": 95.6,
            "43": 95.77,
            "44": 95.3,
            "45": 94.99,
            "46": 94.55,
            "47": 95.32000000000001,
            "48": 95.53,
            "49": 95.12,
            "50": 95.27,
            "51": 95.07,
            "52": 94.85,
            "53": 95.26,
            "54": 95.13000000000001,
            "55": 95.21,
            "56": 95.65,
            "57": 95.25,
            "58": 95.27,
            "59": 95.43
        },
        "acc_test_student": {
            "0": 82.67999999999999,
            "1": 86.92,
            "2": 88.64999999999999,
            "3": 86.61,
            "4": 88.21,
            "5": 88.83,
            "6": 90.42,
            "7": 89.56,
            "8": 90.85,
            "9": 89.35,
            "10": 90.01,
            "11": 91.06,
            "12": 90.89,
            "13": 88.79,
            "14": 91.86,
            "15": 91.3,
            "16": 90.51,
            "17": 90.14,
            "18": 92.02,
            "19": 90.16,
            "20": 89.14999999999999,
            "21": 91.61,
            "22": 89.94,
            "23": 90.73,
            "24": 91.27,
            "25": 91.05,
            "26": 92.03,
            "27": 90.53,
            "28": 91.56,
            "29": 91.05,
            "30": 91.64999999999999,
            "31": 92.75999999999999,
            "32": 91.09,
            "33": 91.69,
            "34": 90.58,
            "35": 91.05,
            "36": 90.36,
            "37": 91.55,
            "38": 91.14999999999999,
            "39": 91.43,
            "40": 92.67999999999999,
            "41": 93.82000000000001,
            "42": 91.8,
            "43": 92.47,
            "44": 92.63,
            "45": 91.29,
            "46": 92.22,
            "47": 92.72,
            "48": 92.47,
            "49": 92.32000000000001,
            "50": 92.23,
            "51": 91.03999999999999,
            "52": 91.67,
            "53": 92.77,
            "54": 92.36,
            "55": 92.15,
            "56": 91.92,
            "57": 92.72,
            "58": 92.72,
            "59": 92.41
        },
        "acc_test_distilled": {
            "0": 85.75,
            "1": 89.59,
            "2": 90.96,
            "3": 92.24,
            "4": 93.43,
            "5": 91.72,
            "6": 92.82000000000001,
            "7": 93.13,
            "8": 93.33,
            "9": 92.85,
            "10": 93.46,
            "11": 93.76,
            "12": 94.25,
            "13": 94.08999999999999,
            "14": 93.77,
            "15": 94.17,
            "16": 93.95,
            "17": 94.78,
            "18": 94.07,
            "19": 94.48,
            "20": 94.34,
            "21": 94.15,
            "22": 94.26,
            "23": 95.08,
            "24": 94.43,
            "25": 95.39,
            "26": 94.43,
            "27": 95.1,
            "28": 95.3,
            "29": 94.81,
            "30": 87.29,
            "31": 87.6,
            "32": 91.69,
            "33": 91.44,
            "34": 92.64,
            "35": 90.47,
            "36": 92.91,
            "37": 92.4,
            "38": 93.28,
            "39": 93.26,
            "40": 91.75,
            "41": 93.65,
            "42": 93.91000000000001,
            "43": 94.58,
            "44": 93.43,
            "45": 93.63,
            "46": 93.35,
            "47": 94.21000000000001,
            "48": 93.76,
            "49": 94.48,
            "50": 94.06,
            "51": 94.24,
            "52": 94.0,
            "53": 93.39,
            "54": 93.71000000000001,
            "55": 92.99,
            "56": 93.72,
            "57": 94.06,
            "58": 94.46,
            "59": 94.87
        },
        "time_train_teacher": {
            "0": 2.1174042224884033,
            "1": 1.6832115650177002,
            "2": 1.5812058448791504,
            "3": 1.4940412044525146,
            "4": 1.4731991291046143,
            "5": 1.4205808639526367,
            "6": 1.3863310813903809,
            "7": 1.3752949237823486,
            "8": 1.3342859745025635,
            "9": 1.3386263847351074,
            "10": 1.3073458671569824,
            "11": 1.3086206912994385,
            "12": 1.2867932319641113,
            "13": 1.2650916576385498,
            "14": 1.2581403255462646,
            "15": 1.2535295486450195,
            "16": 1.2708227634429932,
            "17": 1.249326229095459,
            "18": 1.2465624809265137,
            "19": 1.2508716583251953,
            "20": 1.2227206230163574,
            "21": 1.2295136451721191,
            "22": 1.226449966430664,
            "23": 1.228848934173584,
            "24": 1.222343921661377,
            "25": 1.2073910236358643,
            "26": 1.2110393047332764,
            "27": 1.210279941558838,
            "28": 1.1985468864440918,
            "29": 1.1936378479003906,
            "30": 1.196969747543335,
            "31": 1.2105629444122314,
            "32": 1.178645133972168,
            "33": 1.180206060409546,
            "34": 1.1792421340942383,
            "35": 1.1829512119293213,
            "36": 1.1893131732940674,
            "37": 1.176457405090332,
            "38": 1.1853551864624023,
            "39": 1.1985785961151123,
            "40": 1.1821503639221191,
            "41": 1.1694273948669434,
            "42": 1.162048101425171,
            "43": 1.1706089973449707,
            "44": 1.1884965896606445,
            "45": 1.1657118797302246,
            "46": 1.1627252101898193,
            "47": 1.159928321838379,
            "48": 1.1539332866668701,
            "49": 1.1283490657806396,
            "50": 1.1421704292297363,
            "51": 1.154954195022583,
            "52": 1.1548480987548828,
            "53": 1.1453487873077393,
            "54": 1.15250825881958,
            "55": 1.1585021018981934,
            "56": 1.1453747749328613,
            "57": 1.1330127716064453,
            "58": 1.1523945331573486,
            "59": 1.1574146747589111
        },
        "time_train_student": {
            "0": 0.6934244632720947,
            "1": 0.5641968250274658,
            "2": 0.5317561626434326,
            "3": 0.5344631671905518,
            "4": 0.5204989910125732,
            "5": 0.5063390731811523,
            "6": 0.49962735176086426,
            "7": 0.49287915229797363,
            "8": 0.4833042621612549,
            "9": 0.4698491096496582,
            "10": 0.47605133056640625,
            "11": 0.4737820625305176,
            "12": 0.493511438369751,
            "13": 0.4700772762298584,
            "14": 0.467714786529541,
            "15": 0.45889902114868164,
            "16": 0.4563605785369873,
            "17": 0.45609211921691895,
            "18": 0.45353078842163086,
            "19": 0.45465564727783203,