{
    "results": {
        "acc_test_teacher": {
            "0": 92.10000000000001,
            "1": 93.58,
            "2": 94.53,
            "3": 94.89,
            "4": 94.61,
            "5": 95.34,
            "6": 95.17,
            "7": 95.36,
            "8": 95.48,
            "9": 95.66,
            "10": 95.71,
            "11": 95.66,
            "12": 95.74000000000001,
            "13": 95.66,
            "14": 95.95,
            "15": 96.19,
            "16": 96.25,
            "17": 96.17,
            "18": 96.48,
            "19": 96.24000000000001,
            "20": 96.15,
            "21": 96.24000000000001,
            "22": 96.37,
            "23": 96.2,
            "24": 96.36,
            "25": 96.47,
            "26": 96.27,
            "27": 96.52,
            "28": 96.64,
            "29": 96.61,
            "30": 96.69,
            "31": 96.74000000000001,
            "32": 96.57,
            "33": 96.43,
            "34": 96.49,
            "35": 96.71,
            "36": 96.76,
            "37": 96.59,
            "38": 96.65,
            "39": 96.76,
            "40": 96.7,
            "41": 96.46000000000001,
            "42": 96.67999999999999,
            "43": 96.66,
            "44": 96.73,
            "45": 96.72,
            "46": 96.67999999999999,
            "47": 96.86,
            "48": 96.78999999999999,
            "49": 96.71,
            "50": 96.85000000000001,
            "51": 96.66,
            "52": 96.67999999999999,
            "53": 96.87,
            "54": 96.89999999999999,
            "55": 96.65,
            "56": 96.87,
            "57": 97.05,
            "58": 96.91,
            "59": 96.81
        },
        "acc_test_student": {
            "0": 91.64,
            "1": 92.83,
            "2": 93.56,
            "3": 93.99,
            "4": 94.53,
            "5": 94.53,
            "6": 95.00999999999999,
            "7": 94.67999999999999,
            "8": 94.82000000000001,
            "9": 95.17,
            "10": 95.06,
            "11": 95.1,
            "12": 94.99,
            "13": 95.48,
            "14": 95.58,
            "15": 95.54,
            "16": 95.49,
            "17": 95.58,
            "18": 95.59,
            "19": 95.44,
            "20": 95.64,
            "21": 95.72,
            "22": 95.85000000000001,
            "23": 95.62,
            "24": 95.5,
            "25": 95.56,
            "26": 95.65,
            "27": 95.78999999999999,
            "28": 95.59,
            "29": 95.83,
            "30": 95.91,
            "31": 95.84,
            "32": 95.84,
            "33": 95.99,
            "34": 95.94,
            "35": 95.94,
            "36": 95.93,
            "37": 96.07,
            "38": 95.92,
            "39": 95.94,
            "40": 95.84,
            "41": 95.96000000000001,
            "42": 95.94,
            "43": 95.94,
            "44": 96.0,
            "45": 96.05,
            "46": 95.93,
            "47": 95.97,
            "48": 95.75,
            "49": 95.92,
            "50": 96.03,
            "51": 95.85000000000001,
            "52": 95.89999999999999,
            "53": 95.92,
            "54": 96.0,
            "55": 96.06,
            "56": 96.04,
            "57": 96.14,
            "58": 96.02000000000001,
            "59": 96.02000000000001
        },
        "acc_test_distilled": {
            "0": 92.0,
            "1": 93.45,
            "2": 94.34,
            "3": 94.31,
            "4": 95.0,
            "5": 95.15,
            "6": 95.58,
            "7": 95.50999999999999,
            "8": 95.34,
            "9": 95.8,
            "10": 95.87,
            "11": 95.95,
            "12": 95.91,
            "13": 96.02000000000001,
            "14": 95.97,
            "15": 96.35000000000001,
            "16": 96.1,
            "17": 96.19,
            "18": 96.52,
            "19": 96.66,
            "20": 96.72,
            "21": 96.28999999999999,
            "22": 96.39,
            "23": 96.27,
            "24": 96.7,
            "25": 96.83,
            "26": 96.89,
            "27": 96.66,
            "28": 96.63000000000001,
            "29": 96.71,
            "30": 94.73,
            "31": 95.65,
            "32": 96.11,
            "33": 96.27,
            "34": 96.39,
            "35": 96.77,
            "36": 96.76,
            "37": 96.85000000000001,
            "38": 96.87,
            "39": 96.88,
            "40": 96.82,
            "41": 97.06,
            "42": 97.04,
            "43": 97.06,
            "44": 97.11999999999999,
            "45": 96.96000000000001,
            "46": 97.04,
            "47": 97.08,
            "48": 97.1,
            "49": 97.03,
            "50": 97.03,
            "51": 96.99,
            "52": 97.05,
            "53": 97.04,
            "54": 97.15,
            "55": 97.14,
            "56": 97.2,
            "57": 97.32,
            "58": 97.39999999999999,
            "59": 97.2
        },
        "time_train_teacher": {
            "0": 0.9292325973510742,
            "1": 0.751889705657959,
            "2": 0.7128000259399414,
            "3": 0.6885340213775635,
            "4": 0.6760232448577881,
            "5": 0.6590783596038818,
            "6": 0.6490755081176758,
            "7": 0.6762194633483887,
            "8": 0.6255764961242676,
            "9": 0.6756455898284912,
            "10": 0.6330795288085938,
            "11": 0.5980589389801025,
            "12": 0.6155514717102051,
            "13": 0.6027190685272217,
            "14": 0.5848283767700195,
            "15": 0.5860545635223389,
            "16": 0.6038727760314941,
            "17": 0.5800459384918213,
            "18": 0.5785665512084961,
            "19": 0.6008496284484863,
            "20": 0.5722944736480713,
            "21": 0.572561502456665,
            "22": 0.5680856704711914,
            "23": 0.5758113861083984,
            "24": 0.607454776763916,
            "25": 0.5731935501098633,
            "26": 0.613457441329956,
            "27": 0.562192440032959,
            "28": 0.5669357776641846,
            "29": 0.5444066524505615,
            "30": 0.5546438694000244,
            "31": 0.5518336296081543,
            "32": 0.5505285263061523,
            "33": 0.5743558406829834,
            "34": 0.5612640380859375,
            "35": 0.5880217552185059,
            "36": 0.5740149021148682,
            "37": 0.5665528774261475,
            "38": 0.5439019203186035,
            "39": 0.5463998317718506,
            "40": 0.5560314655303955,
            "41": 0.5514249801635742,
            "42": 0.5561380386352539,
            "43": 0.585413932800293,
            "44": 0.5425350666046143,
            "45": 0.5522003173828125,
            "46": 0.536855936050415,
            "47": 0.5566794872283936,
            "48": 0.541170597076416,
            "49": 0.5571863651275635,
            "50": 0.5392508506774902,
            "51": 0.521183967590332,
            "52": 0.5770218372344971,
            "53": 0.5269420146942139,
            "54": 0.5787632465362549,
            "55": 0.566927433013916,
            "56": 0.5385749340057373,
            "57": 0.561004638671875,
            "58": 0.5557639598846436,
            "59": 0.5319099426269531
        },
        "time_train_student": {
            "0": 0.37571001052856445,
            "1": 0.31931447982788086,
            "2": 0.3396949768066406,
            "3": 0.29051733016967773,
            "4": 0.29749441146850586,
            "5": 0.3271360397338867,
            "6": 0.32779479026794434,
            "7": 0.28899431228637695,
            "8": 0.2944464683532715,
            "9": 0.28339600563049316,
            "10": 0.32545042037963867,
            "11": 0.3111891746520996,
            "12": 0.2825796604156494,
            "13": 0.28787755966186523,
            "14": 0.2740507125854492,
            "15": 0.30044102668762207,
            "16": 0.26941943168640137,
            "17": 0.27418088912963867,