{
    "results": {
        "acc_test_teacher": {
            "0": 88.71,
            "1": 89.59,
            "2": 90.25,
            "3": 91.97999999999999,
            "4": 91.45,
            "5": 92.02,
            "6": 92.43,
            "7": 92.99,
            "8": 93.78,
            "9": 93.26,
            "10": 93.37,
            "11": 93.28999999999999,
            "12": 93.08999999999999,
            "13": 94.61,
            "14": 93.53,
            "15": 94.49,
            "16": 94.25,
            "17": 94.55,
            "18": 94.77,
            "19": 93.93,
            "20": 94.53,
            "21": 94.33,
            "22": 94.82000000000001,
            "23": 94.05,
            "24": 94.52000000000001,
            "25": 94.72,
            "26": 94.88,
            "27": 94.34,
            "28": 94.28,
            "29": 94.86,
            "30": 94.63000000000001,
            "31": 95.05,
            "32": 94.59,
            "33": 94.82000000000001,
            "34": 94.69999999999999,
            "35": 95.22,
            "36": 94.82000000000001,
            "37": 94.85,
            "38": 94.91000000000001,
            "39": 94.08,
            "40": 94.83,
            "41": 94.82000000000001,
            "42": 94.63000000000001,
            "43": 94.99,
            "44": 95.52000000000001,
            "45": 95.03,
            "46": 95.19999999999999,
            "47": 94.92,
            "48": 94.55,
            "49": 95.48,
            "50": 95.02000000000001,
            "51": 95.26,
            "52": 95.71,
            "53": 95.44,
            "54": 94.78999999999999,
            "55": 95.43,
            "56": 94.93,
            "57": 94.69,
            "58": 95.45,
            "59": 95.33
        },
        "acc_test_student": {
            "0": 83.75,
            "1": 86.85000000000001,
            "2": 87.33,
            "3": 88.55,
            "4": 88.57000000000001,
            "5": 89.64999999999999,
            "6": 89.60000000000001,
            "7": 89.73,
            "8": 91.36,
            "9": 91.25,
            "10": 92.07,
            "11": 91.9,
            "12": 92.11,
            "13": 92.49000000000001,
            "14": 90.97,
            "15": 89.28,
            "16": 90.85,
            "17": 92.24,
            "18": 91.24,
            "19": 91.74,
            "20": 91.56,
            "21": 91.19,
            "22": 91.27,
            "23": 91.81,
            "24": 91.59,
            "25": 92.07,
            "26": 92.4,
            "27": 92.58999999999999,
            "28": 90.8,
            "29": 92.33,
            "30": 92.17999999999999,
            "31": 92.09,
            "32": 91.88,
            "33": 91.81,
            "34": 92.58,
            "35": 91.61,
            "36": 91.58,
            "37": 92.33,
            "38": 92.52,
            "39": 91.82000000000001,
            "40": 92.11,
            "41": 92.47,
            "42": 92.47999999999999,
            "43": 92.10000000000001,
            "44": 92.14,
            "45": 92.02,
            "46": 91.7,
            "47": 92.35,
            "48": 91.44,
            "49": 92.33,
            "50": 93.36,
            "51": 92.33,
            "52": 92.04,
            "53": 91.85,
            "54": 93.03,
            "55": 93.22,
            "56": 93.27,
            "57": 92.82000000000001,
            "58": 91.18,
            "59": 91.45
        },
        "acc_test_distilled": {
            "0": 87.77000000000001,
            "1": 89.86,
            "2": 89.92999999999999,
            "3": 91.18,
            "4": 91.45,
            "5": 92.62,
            "6": 92.22,
            "7": 91.71000000000001,
            "8": 93.54,
            "9": 93.61,
            "10": 93.41000000000001,
            "11": 92.77,
            "12": 93.71000000000001,
            "13": 94.08999999999999,
            "14": 94.16,
            "15": 93.97,
            "16": 94.16,
            "17": 94.08999999999999,
            "18": 93.51,
            "19": 94.02000000000001,
            "20": 94.57,
            "21": 94.63000000000001,
            "22": 94.74000000000001,
            "23": 93.96,
            "24": 94.38,
            "25": 94.75,
            "26": 94.45,
            "27": 94.61,
            "28": 94.88,
            "29": 94.83,
            "30": 87.19,
            "31": 91.11,
            "32": 89.95,
            "33": 91.24,
            "34": 91.83,
            "35": 92.41,
            "36": 93.45,
            "37": 93.30000000000001,
            "38": 92.78999999999999,
            "39": 93.27,
            "40": 92.56,
            "41": 93.33,
            "42": 93.2,
            "43": 94.34,
            "44": 93.52000000000001,
            "45": 94.3,
            "46": 94.6,
            "47": 94.1,
            "48": 94.04,
            "49": 93.93,
            "50": 93.47,
            "51": 94.63000000000001,
            "52": 92.74,
            "53": 94.04,
            "54": 94.02000000000001,
            "55": 94.59,
            "56": 94.28999999999999,
            "57": 94.73,
            "58": 94.39999999999999,
            "59": 94.84
        },
        "time_train_teacher": {
            "0": 2.3847742080688477,
            "1": 1.9744834899902344,
            "2": 1.8734230995178223,
            "3": 1.8115973472595215,
            "4": 1.7312524318695068,
            "5": 1.7261123657226562,
            "6": 1.6629087924957275,
            "7": 1.6684982776641846,
            "8": 1.6519136428833008,
            "9": 1.635669469833374,
            "10": 1.6490380764007568,
            "11": 1.6314756870269775,
            "12": 1.606537103652954,
            "13": 1.6170215606689453,
            "14": 1.5887722969055176,
            "15": 1.5949828624725342,
            "16": 1.5805487632751465,
            "17": 1.5849390029907227,
            "18": 1.5420424938201904,
            "19": 1.554161548614502,
            "20": 1.5524957180023193,
            "21": 1.5391442775726318,
            "22": 1.5490009784698486,
            "23": 1.5659308433532715,
            "24": 1.5388152599334717,
            "25": 1.5623269081115723,
            "26": 1.5317132472991943,
            "27": 1.5196630954742432,
            "28": 1.5470893383026123,
            "29": 1.5345427989959717,
            "30": 1.5168709754943848,
            "31": 1.510915756225586,
            "32": 1.520376443862915,
            "33": 1.527555227279663,
            "34": 1.5403492450714111,
            "35": 1.513639211654663,
            "36": 1.506887435913086,
            "37": 1.5011780261993408,
            "38": 1.4975965023040771,
            "39": 1.5095160007476807,
            "40": 1.520101547241211,
            "41": 1.4964303970336914,
            "42": 1.4976181983947754,
            "43": 1.4882533550262451,
            "44": 1.4786322116851807,
            "45": 1.490431308746338,
            "46": 1.4942047595977783,
            "47": 1.4906949996948242,
            "48": 1.495692253112793,
            "49": 1.50203537940979,
            "50": 1.4809620380401611,
            "51": 1.493204116821289,
            "52": 1.4969837665557861,
            "53": 1.494490146636963,
            "54": 1.4817743301391602,
            "55": 1.4768872261047363,
            "56": 1.4738941192626953,
            "57": 1.4712841510772705,
            "58": 1.4769518375396729,
            "59": 1.4897401332855225
        },
        "time_train_student": {
            "0": 0.6872141361236572,
            "1": 0.5850250720977783,
            "2": 0.5556690692901611,
            "3": 0.5379152297973633,
            "4": 0.521824836730957,
            "5": 0.5145182609558105,
            "6": 0.49884772300720215,
            "7": 0.4835054874420166,
            "8": 0.4739243984222412,
            "9": 0.49242472648620605,
            "10": 0.4769704341888428,
            "11": 0.473888635635376,
            "12": 0.47275471687316895,
            "13": 0.4750971794128418,