{
    "results": {
        "acc_test_teacher": {
            "0": 91.49000000000001,
            "1": 93.7,
            "2": 93.84,
            "3": 94.97,
            "4": 94.92,
            "5": 94.99,
            "6": 95.04,
            "7": 95.76,
            "8": 95.97,
            "9": 95.98,
            "10": 96.11,
            "11": 96.03,
            "12": 96.15,
            "13": 96.19,
            "14": 95.93,
            "15": 96.24000000000001,
            "16": 96.33,
            "17": 96.35000000000001,
            "18": 96.43,
            "19": 96.53,
            "20": 96.59,
            "21": 96.53,
            "22": 96.72,
            "23": 96.53,
            "24": 96.65,
            "25": 96.57,
            "26": 96.61999999999999,
            "27": 96.72,
            "28": 96.73,
            "29": 96.77,
            "30": 96.67999999999999,
            "31": 96.78,
            "32": 96.57,
            "33": 96.36,
            "34": 96.52,
            "35": 96.64,
            "36": 96.76,
            "37": 96.82,
            "38": 96.84,
            "39": 96.89,
            "40": 96.83,
            "41": 96.77,
            "42": 96.7,
            "43": 96.84,
            "44": 96.73,
            "45": 96.82,
            "46": 96.77,
            "47": 96.84,
            "48": 97.0,
            "49": 97.0,
            "50": 96.93,
            "51": 96.93,
            "52": 96.89999999999999,
            "53": 97.14,
            "54": 97.09,
            "55": 96.89999999999999,
            "56": 97.04,
            "57": 96.78,
            "58": 96.91,
            "59": 97.02
        },
        "acc_test_student": {
            "0": 91.74,
            "1": 93.17,
            "2": 93.52000000000001,
            "3": 94.08,
            "4": 94.16,
            "5": 94.61,
            "6": 94.87,
            "7": 94.45,
            "8": 94.91000000000001,
            "9": 95.08,
            "10": 94.91000000000001,
            "11": 95.12,
            "12": 95.39999999999999,
            "13": 95.23,
            "14": 95.39999999999999,
            "15": 95.47,
            "16": 95.35,
            "17": 95.49,
            "18": 95.59,
            "19": 95.63000000000001,
            "20": 95.67999999999999,
            "21": 95.39999999999999,
            "22": 95.75,
            "23": 95.41,
            "24": 95.65,
            "25": 95.5,
            "26": 95.7,
            "27": 95.66,
            "28": 95.7,
            "29": 95.5,
            "30": 95.66,
            "31": 95.66,
            "32": 95.64,
            "33": 95.8,
            "34": 95.8,
            "35": 95.75,
            "36": 95.99,
            "37": 95.98,
            "38": 95.93,
            "39": 95.74000000000001,
            "40": 95.88,
            "41": 95.81,
            "42": 95.91,
            "43": 96.15,
            "44": 95.92,
            "45": 95.94,
            "46": 96.12,
            "47": 96.08,
            "48": 96.04,
            "49": 96.00999999999999,
            "50": 96.21,
            "51": 96.00999999999999,
            "52": 96.14,
            "53": 96.08,
            "54": 96.15,
            "55": 96.24000000000001,
            "56": 96.17,
            "57": 96.14,
            "58": 95.97,
            "59": 96.0
        },
        "acc_test_distilled": {
            "0": 91.25,
            "1": 93.47999999999999,
            "2": 94.69999999999999,
            "3": 94.47,
            "4": 94.95,
            "5": 95.28,
            "6": 95.59,
            "7": 95.66,
            "8": 95.91,
            "9": 95.82000000000001,
            "10": 95.89999999999999,
            "11": 95.73,
            "12": 95.98,
            "13": 95.92,
            "14": 96.02000000000001,
            "15": 96.24000000000001,
            "16": 96.32,
            "17": 96.33,
            "18": 96.31,
            "19": 96.37,
            "20": 96.27,
            "21": 96.33,
            "22": 96.48,
            "23": 96.46000000000001,
            "24": 96.71,
            "25": 96.61999999999999,
            "26": 96.67,
            "27": 96.69,
            "28": 96.71,
            "29": 96.71,
            "30": 94.98,
            "31": 95.91,
            "32": 96.12,
            "33": 96.34,
            "34": 96.39999999999999,
            "35": 96.64,
            "36": 96.57,
            "37": 96.57,
            "38": 96.64,
            "39": 96.86,
            "40": 96.89,
            "41": 96.78,
            "42": 96.95,
            "43": 96.8,
            "44": 96.92,
            "45": 96.86,
            "46": 96.91,
            "47": 96.85000000000001,
            "48": 97.1,
            "49": 97.07000000000001,
            "50": 96.92,
            "51": 97.03,
            "52": 96.93,
            "53": 96.85000000000001,
            "54": 97.04,
            "55": 97.08,
            "56": 96.94,
            "57": 97.18,
            "58": 97.07000000000001,
            "59": 97.07000000000001
        },
        "time_train_teacher": {
            "0": 0.9374773502349854,
            "1": 0.7591466903686523,
            "2": 0.7170372009277344,
            "3": 0.6675326824188232,
            "4": 0.6604769229888916,
            "5": 0.6589128971099854,
            "6": 0.6180384159088135,
            "7": 0.6159253120422363,
            "8": 0.6519129276275635,
            "9": 0.6159443855285645,
            "10": 0.6150591373443604,
            "11": 0.6097733974456787,
            "12": 0.62367844581604,
            "13": 0.6113691329956055,
            "14": 0.626741886138916,
            "15": 0.6276063919067383,
            "16": 0.5907852649688721,
            "17": 0.5906426906585693,
            "18": 0.573472261428833,
            "19": 0.5768508911132812,
            "20": 0.5691666603088379,
            "21": 0.5669348239898682,
            "22": 0.5719239711761475,
            "23": 0.5927062034606934,
            "24": 0.5636217594146729,
            "25": 0.5587306022644043,
            "26": 0.5707745552062988,
            "27": 0.5724472999572754,
            "28": 0.5759615898132324,
            "29": 0.5652914047241211,
            "30": 0.5707011222839355,
            "31": 0.5629587173461914,
            "32": 0.5473802089691162,
            "33": 0.5784902572631836,
            "34": 0.560969352722168,
            "35": 0.5537283420562744,
            "36": 0.5509140491485596,
            "37": 0.5462994575500488,
            "38": 0.5454339981079102,
            "39": 0.5524811744689941,
            "40": 0.5435211658477783,
            "41": 0.5502674579620361,
            "42": 0.5241639614105225,
            "43": 0.5484812259674072,
            "44": 0.5600347518920898,
            "45": 0.5377669334411621,
            "46": 0.5689051151275635,
            "47": 0.5444715023040771,
            "48": 0.5804359912872314,
            "49": 0.5366783142089844,
            "50": 0.5819621086120605,
            "51": 0.5518851280212402,
            "52": 0.5518646240234375,
            "53": 0.5362870693206787,
            "54": 0.5485188961029053,
            "55": 0.5377719402313232,
            "56": 0.5346639156341553,
            "57": 0.5239148139953613,
            "58": 0.5637385845184326,
            "59": 0.5539963245391846
        },
        "time_train_student": {
            "0": 0.34435319900512695,
            "1": 0.31223416328430176,
            "2": 0.3035130500793457,
            "3": 0.28629207611083984,
            "4": 0.2880668640136719,
            "5": 0.27313232421875,
            "6": 0.2796318531036377,
            "7": 0.3153994083404541,
            "8": 0.2740800380706787,
            "9": 0.272998571395874,
            "10": 0.27222180366516113,
            "11": 0.2690155506134033,
            "12": 0.26623106002807617,
            "13": 0.2722508907318115,
            "14": 0.2812931537628174,
            "15": 0.2676124572753906,
            "16": 0.26670336723327637,