{
    "results": {
        "acc_test_teacher": {
            "0": 87.0,
            "1": 88.52,
            "2": 88.14,
            "3": 90.06,
            "4": 90.33,
            "5": 90.55,
            "6": 92.22,
            "7": 91.57,
            "8": 92.73,
            "9": 91.03,
            "10": 92.64,
            "11": 93.14,
            "12": 91.86999999999999,
            "13": 93.08999999999999,
            "14": 92.51,
            "15": 92.96,
            "16": 93.06,
            "17": 92.28,
            "18": 92.78,
            "19": 93.19,
            "20": 92.66,
            "21": 92.96,
            "22": 92.61,
            "23": 94.21000000000001,
            "24": 93.65,
            "25": 92.86,
            "26": 93.94,
            "27": 92.10000000000001,
            "28": 92.19000000000001,
            "29": 93.92,
            "30": 93.84,
            "31": 93.91000000000001,
            "32": 94.41000000000001,
            "33": 94.11,
            "34": 94.55,
            "35": 93.37,
            "36": 94.3,
            "37": 93.78999999999999,
            "38": 94.28999999999999,
            "39": 94.19,
            "40": 94.19,
            "41": 94.57,
            "42": 94.0,
            "43": 94.58,
            "44": 93.93,
            "45": 93.2,
            "46": 93.85,
            "47": 93.67999999999999,
            "48": 94.07,
            "49": 94.13,
            "50": 93.69,
            "51": 93.78,
            "52": 94.36,
            "53": 94.97,
            "54": 94.05,
            "55": 93.77,
            "56": 94.71000000000001,
            "57": 94.61,
            "58": 94.1,
            "59": 94.46
        },
        "acc_test_student": {
            "0": 86.78,
            "1": 85.72999999999999,
            "2": 88.73,
            "3": 88.24,
            "4": 86.83,
            "5": 90.16,
            "6": 88.68,
            "7": 90.8,
            "8": 88.2,
            "9": 88.42,
            "10": 90.0,
            "11": 88.94,
            "12": 90.16,
            "13": 91.32000000000001,
            "14": 89.74,
            "15": 89.33,
            "16": 90.25,
            "17": 90.19,
            "18": 90.21000000000001,
            "19": 91.64999999999999,
            "20": 90.67,
            "21": 90.84,
            "22": 91.0,
            "23": 91.9,
            "24": 89.53999999999999,
            "25": 91.13,
            "26": 90.88000000000001,
            "27": 91.46,
            "28": 90.32,
            "29": 90.66,
            "30": 91.31,
            "31": 90.73,
            "32": 90.10000000000001,
            "33": 91.53999999999999,
            "34": 88.94999999999999,
            "35": 91.91,
            "36": 90.72,
            "37": 91.62,
            "38": 91.17,
            "39": 92.33,
            "40": 92.39,
            "41": 89.69,
            "42": 91.0,
            "43": 92.58999999999999,
            "44": 91.69,
            "45": 90.14999999999999,
            "46": 91.64999999999999,
            "47": 91.64,
            "48": 91.4,
            "49": 92.02,
            "50": 91.56,
            "51": 90.60000000000001,
            "52": 88.94999999999999,
            "53": 91.4,
            "54": 92.2,
            "55": 92.36999999999999,
            "56": 92.81,
            "57": 91.2,
            "58": 90.23,
            "59": 90.86
        },
        "acc_test_distilled": {
            "0": 81.23,
            "1": 89.62,
            "2": 87.62,
            "3": 91.89,
            "4": 91.74,
            "5": 93.04,
            "6": 90.59,
            "7": 91.97,
            "8": 91.92,
            "9": 93.17,
            "10": 92.47999999999999,
            "11": 93.22,
            "12": 92.08,
            "13": 93.34,
            "14": 92.7,
            "15": 93.26,
            "16": 94.22,
            "17": 93.74,
            "18": 92.64,
            "19": 93.25,
            "20": 92.89,
            "21": 93.8,
            "22": 93.26,
            "23": 93.77,
            "24": 93.45,
            "25": 93.97,
            "26": 94.32000000000001,
            "27": 94.26,
            "28": 93.67,
            "29": 94.69,
            "30": 85.33,
            "31": 89.63,
            "32": 91.14,
            "33": 91.8,
            "34": 91.60000000000001,
            "35": 92.36999999999999,
            "36": 92.77,
            "37": 93.13,
            "38": 93.14,
            "39": 93.42,
            "40": 92.34,
            "41": 92.10000000000001,
            "42": 93.64,
            "43": 92.66,
            "44": 92.92,
            "45": 93.71000000000001,
            "46": 92.55,
            "47": 93.71000000000001,
            "48": 93.97999999999999,
            "49": 93.54,
            "50": 93.36,
            "51": 93.69,
            "52": 94.3,
            "53": 91.01,
            "54": 93.67,
            "55": 93.11,
            "56": 93.5,
            "57": 94.23,
            "58": 94.08,
            "59": 93.53
        },
        "time_train_teacher": {
            "0": 1.2610447406768799,
            "1": 1.005314588546753,
            "2": 0.9538817405700684,
            "3": 0.8805177211761475,
            "4": 0.9109632968902588,
            "5": 0.8933620452880859,
            "6": 0.8130266666412354,
            "7": 0.838127613067627,
            "8": 0.7842819690704346,
            "9": 0.8051943778991699,
            "10": 0.7692728042602539,
            "11": 0.8057129383087158,
            "12": 0.782092809677124,
            "13": 0.8110027313232422,
            "14": 0.7506716251373291,
            "15": 0.7525899410247803,
            "16": 0.7539105415344238,
            "17": 0.7673661708831787,
            "18": 0.7493083477020264,
            "19": 0.7965967655181885,
            "20": 0.7484495639801025,
            "21": 0.7411611080169678,
            "22": 0.7235403060913086,
            "23": 0.7263052463531494,
            "24": 0.7625508308410645,
            "25": 0.7321305274963379,
            "26": 0.7572124004364014,
            "27": 0.7607941627502441,
            "28": 0.7386436462402344,
            "29": 0.743457555770874,
            "30": 0.750511646270752,
            "31": 0.7438778877258301,
            "32": 0.7307376861572266,
            "33": 0.7093420028686523,
            "34": 0.7204949855804443,
            "35": 0.7121992111206055,
            "36": 0.7136895656585693,
            "37": 0.7196545600891113,
            "38": 0.6939826011657715,
            "39": 0.6849596500396729,
            "40": 0.7057056427001953,
            "41": 0.6780962944030762,
            "42": 0.698859691619873,
            "43": 0.6802427768707275,
            "44": 0.7371397018432617,
            "45": 0.6982407569885254,
            "46": 0.6869657039642334,
            "47": 0.727708101272583,
            "48": 0.694993257522583,
            "49": 0.7239623069763184,
            "50": 0.6842508316040039,
            "51": 0.6768949031829834,
            "52": 0.6825578212738037,
            "53": 0.6778564453125,
            "54": 0.6919090747833252,
            "55": 0.689293384552002,
            "56": 0.6817541122436523,
            "57": 0.6797657012939453,
            "58": 0.6597049236297607,
            "59": 0.6658260822296143
        },
        "time_train_student": {
            "0": 0.5737974643707275,
            "1": 0.4623227119445801,
            "2": 0.4554309844970703,
            "3": 0.44835615158081055,
            "4": 0.42376089096069336,
            "5": 0.4144871234893799,
            "6": 0.4186851978302002,
            "7": 0.426145076751709,
            "8": 0.3941304683685303,
            "9": 0.4325432777404785,
            "10": 0.40042638778686523,
            "11": 0.39105796813964844,
            "12": 0.4171724319458008,
            "13": 0.39073801040649414,
            "14": 0.3972127437591553,
            "15": 0.3943450450897217,
            "16": 0.42139458656311035,