{
    "results": {
        "acc_test_teacher": {
            "0": 90.53999999999999,
            "1": 91.47,
            "2": 93.86,
            "3": 94.25,
            "4": 94.37,
            "5": 94.31,
            "6": 95.28999999999999,
            "7": 95.56,
            "8": 95.28,
            "9": 95.44,
            "10": 95.69,
            "11": 95.36,
            "12": 95.82000000000001,
            "13": 95.89999999999999,
            "14": 95.77,
            "15": 96.08,
            "16": 95.67999999999999,
            "17": 95.82000000000001,
            "18": 95.92,
            "19": 96.23,
            "20": 96.3,
            "21": 96.25,
            "22": 96.17,
            "23": 96.08,
            "24": 96.14,
            "25": 96.3,
            "26": 96.71,
            "27": 96.54,
            "28": 96.2,
            "29": 96.43,
            "30": 96.63000000000001,
            "31": 96.46000000000001,
            "32": 96.67,
            "33": 96.65,
            "34": 96.76,
            "35": 96.64,
            "36": 96.7,
            "37": 96.57,
            "38": 96.63000000000001,
            "39": 96.61,
            "40": 96.61999999999999,
            "41": 96.61,
            "42": 96.37,
            "43": 96.59,
            "44": 96.64,
            "45": 96.75,
            "46": 96.75,
            "47": 96.93,
            "48": 96.91,
            "49": 96.8,
            "50": 96.86,
            "51": 96.84,
            "52": 96.67999999999999,
            "53": 96.78,
            "54": 96.66,
            "55": 96.69,
            "56": 96.76,
            "57": 96.81,
            "58": 96.82,
            "59": 96.8
        },
        "acc_test_student": {
            "0": 92.09,
            "1": 92.92,
            "2": 93.26,
            "3": 93.7,
            "4": 94.13,
            "5": 94.57,
            "6": 94.44,
            "7": 94.48,
            "8": 94.65,
            "9": 94.73,
            "10": 95.13000000000001,
            "11": 94.98,
            "12": 95.1,
            "13": 95.26,
            "14": 95.23,
            "15": 95.03,
            "16": 95.32000000000001,
            "17": 95.42,
            "18": 95.52000000000001,
            "19": 95.57,
            "20": 95.47,
            "21": 95.65,
            "22": 95.59,
            "23": 95.8,
            "24": 95.78,
            "25": 95.8,
            "26": 95.66,
            "27": 95.78,
            "28": 95.63000000000001,
            "29": 95.61,
            "30": 95.89999999999999,
            "31": 95.81,
            "32": 95.75,
            "33": 95.85000000000001,
            "34": 95.83,
            "35": 95.72,
            "36": 95.92,
            "37": 96.04,
            "38": 95.81,
            "39": 95.91,
            "40": 95.86,
            "41": 95.78999999999999,
            "42": 95.81,
            "43": 95.83,
            "44": 95.95,
            "45": 95.67999999999999,
            "46": 95.8,
            "47": 95.81,
            "48": 95.81,
            "49": 95.75,
            "50": 95.57,
            "51": 95.72,
            "52": 95.99,
            "53": 95.76,
            "54": 95.94,
            "55": 95.76,
            "56": 95.95,
            "57": 95.84,
            "58": 95.92,
            "59": 95.94
        },
        "acc_test_distilled": {
            "0": 88.77000000000001,
            "1": 91.88,
            "2": 93.28999999999999,
            "3": 94.1,
            "4": 94.17999999999999,
            "5": 94.61,
            "6": 94.69,
            "7": 94.75,
            "8": 94.99,
            "9": 95.28,
            "10": 95.3,
            "11": 95.46,
            "12": 95.47,
            "13": 95.52000000000001,
            "14": 95.74000000000001,
            "15": 95.7,
            "16": 96.1,
            "17": 95.78,
            "18": 95.73,
            "19": 95.53,
            "20": 95.71,
            "21": 95.59,
            "22": 95.57,
            "23": 95.91,
            "24": 96.21,
            "25": 96.19,
            "26": 95.94,
            "27": 96.04,
            "28": 96.24000000000001,
            "29": 96.21,
            "30": 95.02000000000001,
            "31": 95.75,
            "32": 96.00999999999999,
            "33": 96.38,
            "34": 96.54,
            "35": 96.48,
            "36": 96.52,
            "37": 96.55,
            "38": 96.67,
            "39": 96.97,
            "40": 97.0,
            "41": 97.04,
            "42": 96.78,
            "43": 96.99,
            "44": 96.95,
            "45": 96.96000000000001,
            "46": 96.96000000000001,
            "47": 97.02,
            "48": 97.07000000000001,
            "49": 97.22,
            "50": 97.27,
            "51": 97.15,
            "52": 97.06,
            "53": 97.06,
            "54": 97.26,
            "55": 97.28999999999999,
            "56": 97.2,
            "57": 97.24000000000001,
            "58": 97.23,
            "59": 97.14
        },
        "time_train_teacher": {
            "0": 1.4946024417877197,
            "1": 1.138587236404419,
            "2": 1.0744845867156982,
            "3": 1.03521728515625,
            "4": 1.0152299404144287,
            "5": 0.978935956954956,
            "6": 0.9607045650482178,
            "7": 0.9402999877929688,
            "8": 0.9408209323883057,
            "9": 0.9434413909912109,
            "10": 0.9213075637817383,
            "11": 0.9381399154663086,
            "12": 0.9286761283874512,
            "13": 0.9060707092285156,
            "14": 0.9014942646026611,
            "15": 0.8934926986694336,
            "16": 0.880950927734375,
            "17": 0.8720121383666992,
            "18": 0.8840799331665039,
            "19": 0.8548483848571777,
            "20": 0.8638105392456055,
            "21": 0.860485315322876,
            "22": 0.8720531463623047,
            "23": 0.8529253005981445,
            "24": 0.8527162075042725,
            "25": 0.8533604145050049,
            "26": 0.8810102939605713,
            "27": 0.8459773063659668,
            "28": 0.8324666023254395,
            "29": 0.8480424880981445,
            "30": 0.8471293449401855,
            "31": 0.8354437351226807,
            "32": 0.854055643081665,
            "33": 0.8229897022247314,
            "34": 0.8358209133148193,
            "35": 0.8363471031188965,
            "36": 0.8364400863647461,
            "37": 0.8289647102355957,
            "38": 0.8364484310150146,
            "39": 0.8363962173461914,
            "40": 0.8271768093109131,
            "41": 0.816016435623169,
            "42": 0.8440489768981934,
            "43": 0.8133726119995117,
            "44": 0.8133668899536133,
            "45": 0.8099627494812012,
            "46": 0.8171200752258301,
            "47": 0.8287804126739502,
            "48": 0.8002715110778809,
            "49": 0.8090565204620361,
            "50": 0.7990055084228516,
            "51": 0.813359260559082,
            "52": 0.8116629123687744,
            "53": 0.8245711326599121,
            "54": 0.8020262718200684,
            "55": 0.8328299522399902,
            "56": 0.8236169815063477,
            "57": 0.805323600769043,
            "58": 0.8037705421447754,
            "59": 0.803985595703125
        },
        "time_train_student": {
            "0": 0.36273741722106934,
            "1": 0.31146764755249023,
            "2": 0.2938120365142822,
            "3": 0.29589080810546875,
            "4": 0.2915170192718506,
            "5": 0.29270029067993164,
            "6": 0.2933993339538574,
            "7": 0.28113746643066406,
            "8": 0.2740519046783447,
            "9": 0.2756340503692627,
            "10": 0.2735714912414551,
            "11": 0.26627635955810547,
            "12": 0.2858288288116455,
            "13": 0.27258992195129395,
            "14": 0.27258944511413574,
            "15": 0.27210211753845215,
            "16": 0.2705817222595215,
            "17": 0.26407909393310547,