{
    "results": {
        "acc_test_teacher": {
            "0": 91.19,
            "1": 92.74,
            "2": 93.94,
            "3": 94.39999999999999,
            "4": 94.54,
            "5": 94.89,
            "6": 95.19,
            "7": 95.19999999999999,
            "8": 95.78999999999999,
            "9": 95.53,
            "10": 95.56,
            "11": 95.8,
            "12": 95.5,
            "13": 96.06,
            "14": 96.07,
            "15": 95.93,
            "16": 95.83,
            "17": 96.07,
            "18": 96.12,
            "19": 95.87,
            "20": 95.97,
            "21": 95.95,
            "22": 96.35000000000001,
            "23": 96.26,
            "24": 96.14,
            "25": 96.1,
            "26": 96.05,
            "27": 96.35000000000001,
            "28": 96.33,
            "29": 96.38,
            "30": 96.55,
            "31": 96.17,
            "32": 96.33,
            "33": 96.17,
            "34": 96.17999999999999,
            "35": 96.32,
            "36": 96.33,
            "37": 96.41999999999999,
            "38": 96.33,
            "39": 96.31,
            "40": 96.41999999999999,
            "41": 96.41999999999999,
            "42": 96.36,
            "43": 96.45,
            "44": 96.57,
            "45": 96.57,
            "46": 96.41999999999999,
            "47": 96.48,
            "48": 96.59,
            "49": 96.35000000000001,
            "50": 96.28999999999999,
            "51": 96.43,
            "52": 96.28999999999999,
            "53": 96.57,
            "54": 96.50999999999999,
            "55": 96.58,
            "56": 96.46000000000001,
            "57": 96.6,
            "58": 96.36,
            "59": 96.47
        },
        "acc_test_student": {
            "0": 91.60000000000001,
            "1": 93.99,
            "2": 94.42,
            "3": 94.77,
            "4": 95.22,
            "5": 95.07,
            "6": 95.24000000000001,
            "7": 95.54,
            "8": 95.77,
            "9": 95.74000000000001,
            "10": 95.72,
            "11": 95.75,
            "12": 96.16,
            "13": 96.23,
            "14": 96.1,
            "15": 96.35000000000001,
            "16": 96.03,
            "17": 96.12,
            "18": 96.17,
            "19": 96.38,
            "20": 96.28999999999999,
            "21": 96.39999999999999,
            "22": 96.41,
            "23": 96.28999999999999,
            "24": 96.56,
            "25": 96.61999999999999,
            "26": 96.72,
            "27": 96.49,
            "28": 96.38,
            "29": 96.47,
            "30": 96.65,
            "31": 96.50999999999999,
            "32": 96.61,
            "33": 96.53,
            "34": 96.47,
            "35": 96.45,
            "36": 96.66,
            "37": 96.58,
            "38": 96.61999999999999,
            "39": 96.45,
            "40": 96.61,
            "41": 96.5,
            "42": 96.56,
            "43": 96.71,
            "44": 96.7,
            "45": 96.92,
            "46": 96.46000000000001,
            "47": 96.8,
            "48": 96.67,
            "49": 96.65,
            "50": 96.86,
            "51": 96.71,
            "52": 96.76,
            "53": 96.82,
            "54": 96.69,
            "55": 96.8,
            "56": 96.22,
            "57": 96.71,
            "58": 96.64,
            "59": 96.94
        },
        "acc_test_distilled": {
            "0": 91.84,
            "1": 93.30000000000001,
            "2": 93.72,
            "3": 94.19,
            "4": 94.97,
            "5": 94.95,
            "6": 95.45,
            "7": 95.27,
            "8": 95.39,
            "9": 95.39999999999999,
            "10": 95.72,
            "11": 95.66,
            "12": 95.91,
            "13": 95.78,
            "14": 95.67,
            "15": 95.94,
            "16": 96.05,
            "17": 96.28999999999999,
            "18": 95.92,
            "19": 96.34,
            "20": 96.35000000000001,
            "21": 96.33,
            "22": 96.11,
            "23": 96.13000000000001,
            "24": 96.15,
            "25": 96.28,
            "26": 96.28999999999999,
            "27": 96.31,
            "28": 96.17999999999999,
            "29": 96.38,
            "30": 95.83,
            "31": 96.22,
            "32": 96.87,
            "33": 96.8,
            "34": 96.86,
            "35": 96.99,
            "36": 97.03,
            "37": 97.23,
            "38": 97.24000000000001,
            "39": 97.11,
            "40": 97.39,
            "41": 97.28999999999999,
            "42": 97.09,
            "43": 97.32,
            "44": 97.46000000000001,
            "45": 97.47,
            "46": 97.28999999999999,
            "47": 97.35000000000001,
            "48": 97.55,
            "49": 97.65,
            "50": 97.45,
            "51": 97.57000000000001,
            "52": 97.68,
            "53": 97.61,
            "54": 97.65,
            "55": 97.59,
            "56": 97.61999999999999,
            "57": 97.48,
            "58": 97.49,
            "59": 97.69
        },
        "time_train_teacher": {
            "0": 1.446378469467163,
            "1": 1.1899998188018799,
            "2": 1.0808618068695068,
            "3": 1.0302839279174805,
            "4": 0.9789588451385498,
            "5": 0.9838066101074219,
            "6": 0.9387884140014648,
            "7": 0.9538748264312744,
            "8": 0.9108748435974121,
            "9": 0.9064879417419434,
            "10": 0.9159541130065918,
            "11": 0.9041728973388672,
            "12": 0.9037139415740967,
            "13": 0.8739185333251953,
            "14": 0.8857066631317139,
            "15": 0.8755066394805908,
            "16": 0.8674306869506836,
            "17": 0.8800418376922607,
            "18": 0.861264705657959,
            "19": 0.8573019504547119,
            "20": 0.8767218589782715,
            "21": 0.8683652877807617,
            "22": 0.8318943977355957,
            "23": 0.8385891914367676,
            "24": 0.8346858024597168,
            "25": 0.8521482944488525,
            "26": 0.8387770652770996,
            "27": 0.835322380065918,
            "28": 0.8378386497497559,
            "29": 0.8206968307495117,
            "30": 0.8519043922424316,
            "31": 0.8314752578735352,
            "32": 0.8179147243499756,
            "33": 0.8210511207580566,
            "34": 0.8291971683502197,
            "35": 0.8052194118499756,
            "36": 0.8149831295013428,
            "37": 0.8160762786865234,
            "38": 0.8329856395721436,
            "39": 0.8145022392272949,
            "40": 0.8237130641937256,
            "41": 0.7993111610412598,
            "42": 0.8163480758666992,
            "43": 0.8060798645019531,
            "44": 0.8249096870422363,
            "45": 0.7957625389099121,
            "46": 0.7979099750518799,
            "47": 0.8056282997131348,
            "48": 0.7950761318206787,
            "49": 0.7817916870117188,
            "50": 0.7934448719024658,
            "51": 0.8330533504486084,
            "52": 0.807776927947998,
            "53": 0.7726621627807617,
            "54": 0.8086881637573242,
            "55": 0.7726039886474609,
            "56": 0.7831101417541504,
            "57": 0.7908120155334473,
            "58": 0.7874252796173096,
            "59": 0.7783994674682617
        },
        "time_train_student": {
            "0": 0.5607724189758301,
            "1": 0.462923526763916,
            "2": 0.5007498264312744,
            "3": 0.47478318214416504,
            "4": 0.4504356384277344,
            "5": 0.42032432556152344,
            "6": 0.4061908721923828,
            "7": 0.4131941795349121,
            "8": 0.413158655166626,
            "9": 0.4370856285095215,
            "10": 0.4052999019622803,
            "11": 0.396207332611084,
            "12": 0.38060879707336426,
            "13": 0.38666629791259766,
            "14": 0.4265446662902832,