{
    "results": {
        "acc_test_teacher": {
            "0": 92.17999999999999,
            "1": 93.78
        },
        "acc_test_student": {
            "0": 91.56,
            "1": 92.52
        },
        "acc_test_distilled": {
            "0": 92.04,
            "1": 92.69
        },
        "time_train_teacher": {
            "0": 1.9811065196990967,
            "1": 1.4450798034667969
        },
        "time_train_student": {
            "0": 0.6092302799224854,
            "1": 0.5073099136352539
        },
        "time_train_distilled": {
            "0": 1.8764557838439941,
            "1": 6.822191476821899
        },
        "time_test_teacher": {
            "0": 0.3849670886993408,
            "1": 0.3654611110687256
        },
        "time_test_student": {
            "0": 0.09425902366638184,
            "1": 0.09135293960571289
        },
        "time_test_distilled": {
            "0": 0.34179186820983887,
            "1": 1.100163459777832
        }
    },
    "mutual_information": {
        "sklearn_teacher": 1.9893945263046808,
        "sklearn_student": 2.300158039147173
    },
    "params": {
        "teacher_num_clauses": 600,
        "student_num_clauses": 100,
        "T": 10,
        "s": 5,
        "teacher_epochs": 1,
        "student_epochs": 1
    },
    "experiment_name": "MNIST"
}