{
    "results": {
        "acc_test_teacher": {
            "0": 86.89,
            "1": 89.83,
            "2": 91.01,
            "3": 92.03,
            "4": 91.44,
            "5": 93.28,
            "6": 93.66,
            "7": 93.08999999999999,
            "8": 93.85,
            "9": 93.30000000000001,
            "10": 94.06,
            "11": 94.41000000000001,
            "12": 94.34,
            "13": 94.41000000000001,
            "14": 95.28,
            "15": 94.91000000000001,
            "16": 94.73,
            "17": 94.97,
            "18": 94.69999999999999,
            "19": 95.23,
            "20": 95.38,
            "21": 95.53,
            "22": 95.25,
            "23": 94.85,
            "24": 94.94,
            "25": 94.72,
            "26": 95.07,
            "27": 95.05,
            "28": 95.08,
            "29": 95.23,
            "30": 95.65,
            "31": 95.71,
            "32": 95.11,
            "33": 95.77,
            "34": 95.55,
            "35": 95.39999999999999,
            "36": 95.33,
            "37": 95.83,
            "38": 95.61,
            "39": 95.36,
            "40": 95.30999999999999,
            "41": 95.59,
            "42": 95.67,
            "43": 95.67,
            "44": 95.74000000000001,
            "45": 95.86,
            "46": 95.75,
            "47": 95.69,
            "48": 95.72,
            "49": 95.91,
            "50": 95.83,
            "51": 95.71,
            "52": 95.6,
            "53": 96.08,
            "54": 95.7,
            "55": 95.61,
            "56": 95.95,
            "57": 95.7,
            "58": 95.95,
            "59": 96.38
        },
        "acc_test_student": {
            "0": 85.94000000000001,
            "1": 86.99,
            "2": 88.66000000000001,
            "3": 86.33999999999999,
            "4": 87.21,
            "5": 88.87,
            "6": 90.16999999999999,
            "7": 90.23,
            "8": 90.08,
            "9": 88.17,
            "10": 89.69,
            "11": 90.23,
            "12": 90.51,
            "13": 90.75,
            "14": 89.22,
            "15": 92.03,
            "16": 91.07,
            "17": 90.9,
            "18": 90.82000000000001,
            "19": 90.07,
            "20": 91.77,
            "21": 91.53,
            "22": 92.29,
            "23": 91.63,
            "24": 90.5,
            "25": 90.75,
            "26": 92.67,
            "27": 92.13,
            "28": 92.61,
            "29": 92.0,
            "30": 91.29,
            "31": 92.5,
            "32": 91.88,
            "33": 92.16,
            "34": 90.25,
            "35": 91.8,
            "36": 92.36,
            "37": 92.17999999999999,
            "38": 91.91,
            "39": 92.41,
            "40": 91.81,
            "41": 92.60000000000001,
            "42": 92.17,
            "43": 91.64,
            "44": 92.39,
            "45": 91.05,
            "46": 92.11,
            "47": 93.02,
            "48": 92.31,
            "49": 92.65,
            "50": 92.67999999999999,
            "51": 91.94,
            "52": 91.57,
            "53": 93.12,
            "54": 93.15,
            "55": 91.46,
            "56": 93.16,
            "57": 90.8,
            "58": 92.54,
            "59": 93.07
        },
        "acc_test_distilled": {
            "0": 87.81,
            "1": 88.88000000000001,
            "2": 90.83,
            "3": 92.25,
            "4": 92.25,
            "5": 93.62,
            "6": 94.25,
            "7": 92.69,
            "8": 94.55,
            "9": 94.11,
            "10": 93.86,
            "11": 93.62,
            "12": 94.95,
            "13": 94.27,
            "14": 94.32000000000001,
            "15": 95.09,
            "16": 94.69999999999999,
            "17": 94.86,
            "18": 95.17,
            "19": 94.32000000000001,
            "20": 95.22,
            "21": 94.82000000000001,
            "22": 95.17999999999999,
            "23": 95.74000000000001,
            "24": 94.73,
            "25": 95.09,
            "26": 95.19999999999999,
            "27": 95.45,
            "28": 95.53,
            "29": 95.56,
            "30": 88.47,
            "31": 91.07,
            "32": 90.61,
            "33": 91.25999999999999,
            "34": 91.46,
            "35": 92.72,
            "36": 92.15,
            "37": 92.67,
            "38": 92.2,
            "39": 93.61,
            "40": 93.0,
            "41": 93.89999999999999,
            "42": 92.94,
            "43": 94.11,
            "44": 93.77,
            "45": 93.37,
            "46": 94.24,
            "47": 93.38,
            "48": 94.31,
            "49": 94.11,
            "50": 93.93,
            "51": 93.58,
            "52": 94.59,
            "53": 93.31,
            "54": 92.99,
            "55": 93.66,
            "56": 94.11,
            "57": 94.41000000000001,
            "58": 93.47,
            "59": 93.38
        },
        "time_train_teacher": {
            "0": 3.7025322914123535,
            "1": 3.1794803142547607,
            "2": 2.999000310897827,
            "3": 2.8765125274658203,
            "4": 2.833303928375244,
            "5": 2.7642712593078613,
            "6": 2.739347457885742,
            "7": 2.6873035430908203,
            "8": 2.689239501953125,
            "9": 2.6637067794799805,
            "10": 2.620457410812378,
            "11": 2.6263625621795654,
            "12": 2.578127145767212,
            "13": 2.5855860710144043,
            "14": 2.5825998783111572,
            "15": 2.5332062244415283,
            "16": 2.5602216720581055,
            "17": 2.538851499557495,
            "18": 2.5318593978881836,
            "19": 2.5281565189361572,
            "20": 2.4891467094421387,
            "21": 2.491872787475586,
            "22": 2.503737211227417,
            "23": 2.497162342071533,
            "24": 2.484142541885376,
            "25": 2.491947889328003,
            "26": 2.4521961212158203,
            "27": 2.4459240436553955,
            "28": 2.4645473957061768,
            "29": 2.4604971408843994,
            "30": 2.448723554611206,
            "31": 2.449798583984375,
            "32": 2.4358863830566406,
            "33": 2.451489210128784,
            "34": 2.4335741996765137,
            "35": 2.425184965133667,
            "36": 2.421820640563965,
            "37": 2.4237301349639893,
            "38": 2.412681818008423,
            "39": 2.433422803878784,
            "40": 2.411820888519287,
            "41": 2.4569144248962402,
            "42": 2.4145615100860596,
            "43": 2.4279682636260986,
            "44": 2.405621290206909,
            "45": 2.4060702323913574,
            "46": 2.416016101837158,
            "47": 2.3970155715942383,
            "48": 2.401939868927002,
            "49": 2.4163084030151367,
            "50": 2.4037811756134033,
            "51": 2.384586811065674,
            "52": 2.4068069458007812,
            "53": 2.3765172958374023,
            "54": 2.3810415267944336,
            "55": 2.3781678676605225,
            "56": 2.378981113433838,
            "57": 2.3731956481933594,
            "58": 2.38669753074646,
            "59": 2.3807756900787354
        },
        "time_train_student": {
            "0": 0.6860775947570801,
            "1": 0.5891835689544678,
            "2": 0.5342562198638916,
            "3": 0.5229794979095459,
            "4": 0.510857105255127,
            "5": 0.5112299919128418,
            "6": 0.4945235252380371,
            "7": 0.48636722564697266,
            "8": 0.47835206985473633,
            "9": 0.4754354953765869,
            "10": 0.48662686347961426,
            "11": 0.47261977195739746,
            "12": 0.46135568618774414,
            "13": 0.4646894931793213,
            "14": 0.46962833404541016,
            "15": 0.46763157844543457,
            "16": 0.4623570442199707,
            "17": 0.4538576602935791,
            "18": 0.4460783004760742,