{
    "results": {
        "acc_test_teacher": {
            "0": 88.36,
            "1": 89.35,
            "2": 91.8,
            "3": 90.77,
            "4": 92.16,
            "5": 91.03,
            "6": 92.9,
            "7": 92.5,
            "8": 94.08,
            "9": 92.99,
            "10": 93.01,
            "11": 92.93,
            "12": 93.2,
            "13": 93.35,
            "14": 94.39,
            "15": 93.56,
            "16": 93.99,
            "17": 94.55,
            "18": 94.89,
            "19": 94.8,
            "20": 94.95,
            "21": 94.0,
            "22": 94.23,
            "23": 94.43,
            "24": 94.84,
            "25": 94.88,
            "26": 94.67,
            "27": 94.97,
            "28": 95.12,
            "29": 94.13,
            "30": 95.30999999999999,
            "31": 94.3,
            "32": 95.1,
            "33": 94.78999999999999,
            "34": 95.54,
            "35": 95.3,
            "36": 94.67999999999999,
            "37": 94.78999999999999,
            "38": 94.99,
            "39": 95.09,
            "40": 95.21,
            "41": 95.46,
            "42": 95.14,
            "43": 95.06,
            "44": 95.26,
            "45": 95.05,
            "46": 95.3,
            "47": 95.45,
            "48": 95.00999999999999,
            "49": 95.39999999999999,
            "50": 95.48,
            "51": 95.26,
            "52": 94.92,
            "53": 95.62,
            "54": 95.30999999999999,
            "55": 95.00999999999999,
            "56": 95.16,
            "57": 95.25,
            "58": 95.39999999999999,
            "59": 95.04
        },
        "acc_test_student": {
            "0": 83.53,
            "1": 87.38,
            "2": 89.19,
            "3": 89.11,
            "4": 88.94999999999999,
            "5": 90.42,
            "6": 89.47,
            "7": 89.5,
            "8": 91.33,
            "9": 90.83,
            "10": 90.98,
            "11": 90.33,
            "12": 91.11,
            "13": 90.03,
            "14": 90.85,
            "15": 91.10000000000001,
            "16": 93.08,
            "17": 90.36,
            "18": 91.67999999999999,
            "19": 91.77,
            "20": 90.58,
            "21": 91.89,
            "22": 90.86,
            "23": 92.11,
            "24": 92.25,
            "25": 91.39,
            "26": 92.01,
            "27": 92.86,
            "28": 93.03,
            "29": 92.15,
            "30": 91.75,
            "31": 92.2,
            "32": 91.81,
            "33": 91.23,
            "34": 92.69,
            "35": 92.36,
            "36": 92.99,
            "37": 92.25,
            "38": 92.13,
            "39": 91.97,
            "40": 92.7,
            "41": 92.7,
            "42": 91.99000000000001,
            "43": 93.28999999999999,
            "44": 90.68,
            "45": 91.97999999999999,
            "46": 92.92,
            "47": 93.23,
            "48": 92.85,
            "49": 92.95,
            "50": 92.47,
            "51": 92.16,
            "52": 91.35,
            "53": 92.17999999999999,
            "54": 91.9,
            "55": 92.75,
            "56": 92.44,
            "57": 91.78,
            "58": 92.46,
            "59": 91.91
        },
        "acc_test_distilled": {
            "0": 84.38,
            "1": 89.5,
            "2": 91.69,
            "3": 91.82000000000001,
            "4": 92.81,
            "5": 92.73,
            "6": 91.58,
            "7": 92.19000000000001,
            "8": 92.58999999999999,
            "9": 93.05,
            "10": 92.61,
            "11": 93.55,
            "12": 94.25,
            "13": 93.37,
            "14": 93.88,
            "15": 94.31,
            "16": 93.92,
            "17": 93.62,
            "18": 94.15,
            "19": 94.53,
            "20": 94.94,
            "21": 94.77,
            "22": 94.1,
            "23": 94.16,
            "24": 94.57,
            "25": 94.14,
            "26": 94.71000000000001,
            "27": 94.84,
            "28": 95.25,
            "29": 94.75,
            "30": 87.72999999999999,
            "31": 84.71,
            "32": 90.69,
            "33": 91.64999999999999,
            "34": 91.67,
            "35": 93.62,
            "36": 92.83,
            "37": 93.62,
            "38": 93.96,
            "39": 93.92,
            "40": 91.81,
            "41": 94.19,
            "42": 93.35,
            "43": 94.15,
            "44": 93.97999999999999,
            "45": 93.57,
            "46": 94.1,
            "47": 94.69999999999999,
            "48": 94.1,
            "49": 94.23,
            "50": 95.08,
            "51": 94.25,
            "52": 94.36,
            "53": 94.17,
            "54": 94.92,
            "55": 94.52000000000001,
            "56": 94.69,
            "57": 94.54,
            "58": 94.32000000000001,
            "59": 94.69999999999999
        },
        "time_train_teacher": {
            "0": 2.109142541885376,
            "1": 1.6974942684173584,
            "2": 1.5776193141937256,
            "3": 1.5622851848602295,
            "4": 1.4793062210083008,
            "5": 1.4739129543304443,
            "6": 1.4287281036376953,
            "7": 1.3872253894805908,
            "8": 1.3638219833374023,
            "9": 1.3703901767730713,
            "10": 1.345658540725708,
            "11": 1.3302316665649414,
            "12": 1.3543822765350342,
            "13": 1.3225765228271484,
            "14": 1.307863473892212,
            "15": 1.3047115802764893,
            "16": 1.2797183990478516,
            "17": 1.2782411575317383,
            "18": 1.2864415645599365,
            "19": 1.2593042850494385,
            "20": 1.2623019218444824,
            "21": 1.2731928825378418,
            "22": 1.2667882442474365,
            "23": 1.2443211078643799,
            "24": 1.262204647064209,
            "25": 1.2690703868865967,
            "26": 1.2533323764801025,
            "27": 1.2575170993804932,
            "28": 1.2431666851043701,
            "29": 1.2334158420562744,
            "30": 1.2336857318878174,
            "31": 1.2333061695098877,
            "32": 1.218895435333252,
            "33": 1.231834888458252,
            "34": 1.2292146682739258,
            "35": 1.2344257831573486,
            "36": 1.2156672477722168,
            "37": 1.2235920429229736,
            "38": 1.2393503189086914,
            "39": 1.2122881412506104,
            "40": 1.2275409698486328,
            "41": 1.1982524394989014,
            "42": 1.197333812713623,
            "43": 1.2010736465454102,
            "44": 1.2288949489593506,
            "45": 1.2052147388458252,
            "46": 1.2012107372283936,
            "47": 1.2008161544799805,
            "48": 1.1969072818756104,
            "49": 1.195570468902588,
            "50": 1.2069926261901855,
            "51": 1.1853809356689453,
            "52": 1.1920406818389893,
            "53": 1.1824276447296143,
            "54": 1.195970058441162,
            "55": 1.178147315979004,
            "56": 1.1966800689697266,
            "57": 1.1772031784057617,
            "58": 1.1972310543060303,
            "59": 1.179816722869873
        },
        "time_train_student": {
            "0": 0.7432780265808105,
            "1": 0.5773065090179443,
            "2": 0.5320954322814941,
            "3": 0.5211715698242188,
            "4": 0.5116293430328369,
            "5": 0.4998321533203125,
            "6": 0.4997549057006836,
            "7": 0.4804816246032715,
            "8": 0.4832444190979004,
            "9": 0.4771578311920166,
            "10": 0.4963662624359131,
            "11": 0.47533512115478516,
            "12": 0.4701039791107178,
            "13": 0.4534432888031006,
            "14": 0.46219539642333984,
            "15": 0.46006131172180176,
            "16": 0.46134400367736816,
            "17": 0.4546787738800049,
            "18": 0.45552825927734375,