{
    "results": {
        "acc_test_teacher": {
            "0": 83.16,
            "1": 88.39,
            "2": 89.38000000000001,
            "3": 89.42999999999999,
            "4": 89.41,
            "5": 88.31,
            "6": 89.75,
            "7": 90.23,
            "8": 90.34,
            "9": 91.39,
            "10": 91.44,
            "11": 91.44,
            "12": 91.99000000000001,
            "13": 91.10000000000001,
            "14": 91.32000000000001,
            "15": 90.86,
            "16": 91.56,
            "17": 91.0,
            "18": 92.58999999999999,
            "19": 92.12,
            "20": 92.24,
            "21": 92.36999999999999,
            "22": 91.78,
            "23": 93.01,
            "24": 93.28999999999999,
            "25": 91.34,
            "26": 92.63,
            "27": 92.75,
            "28": 92.80000000000001,
            "29": 93.17,
            "30": 93.03,
            "31": 93.10000000000001,
            "32": 93.28,
            "33": 92.75999999999999,
            "34": 92.95,
            "35": 92.96,
            "36": 93.62,
            "37": 92.86,
            "38": 93.66,
            "39": 93.02,
            "40": 93.45,
            "41": 92.63,
            "42": 93.07,
            "43": 92.56,
            "44": 92.53,
            "45": 93.55,
            "46": 93.49,
            "47": 92.92,
            "48": 93.89,
            "49": 93.21000000000001,
            "50": 93.74,
            "51": 93.84,
            "52": 93.2,
            "53": 93.03,
            "54": 93.67,
            "55": 93.49,
            "56": 93.2,
            "57": 93.8,
            "58": 93.91000000000001,
            "59": 93.44
        },
        "acc_test_student": {
            "0": 85.08,
            "1": 87.57000000000001,
            "2": 88.46000000000001,
            "3": 88.75,
            "4": 89.23,
            "5": 88.14,
            "6": 90.19,
            "7": 88.4,
            "8": 88.82,
            "9": 88.42999999999999,
            "10": 88.77000000000001,
            "11": 88.88000000000001,
            "12": 89.17,
            "13": 87.8,
            "14": 89.09,
            "15": 90.03999999999999,
            "16": 89.88000000000001,
            "17": 87.42,
            "18": 90.66,
            "19": 90.02,
            "20": 90.21000000000001,
            "21": 89.4,
            "22": 89.73,
            "23": 89.95,
            "24": 88.73,
            "25": 89.97,
            "26": 88.87,
            "27": 89.25999999999999,
            "28": 90.01,
            "29": 90.72,
            "30": 87.47,
            "31": 90.51,
            "32": 90.69,
            "33": 91.05,
            "34": 89.18,
            "35": 89.25999999999999,
            "36": 89.96,
            "37": 90.60000000000001,
            "38": 90.13,
            "39": 89.64,
            "40": 89.35,
            "41": 90.18,
            "42": 88.94999999999999,
            "43": 90.14999999999999,
            "44": 91.24,
            "45": 89.68,
            "46": 89.37,
            "47": 90.83,
            "48": 89.86,
            "49": 89.55,
            "50": 89.42,
            "51": 90.25,
            "52": 90.75,
            "53": 89.79,
            "54": 89.97,
            "55": 90.64999999999999,
            "56": 89.79,
            "57": 89.8,
            "58": 87.31,
            "59": 89.73
        },
        "acc_test_distilled": {
            "0": 84.99,
            "1": 86.63,
            "2": 89.4,
            "3": 90.02,
            "4": 88.91,
            "5": 88.67,
            "6": 89.29,
            "7": 90.89,
            "8": 90.22,
            "9": 91.60000000000001,
            "10": 91.34,
            "11": 90.42999999999999,
            "12": 90.89,
            "13": 90.93,
            "14": 92.13,
            "15": 92.78999999999999,
            "16": 92.77,
            "17": 92.15,
            "18": 91.89,
            "19": 93.34,
            "20": 93.28,
            "21": 92.91,
            "22": 92.06,
            "23": 93.28,
            "24": 92.97999999999999,
            "25": 92.04,
            "26": 92.42,
            "27": 92.15,
            "28": 92.9,
            "29": 93.22,
            "30": 88.16000000000001,
            "31": 90.75999999999999,
            "32": 91.7,
            "33": 91.94,
            "34": 92.64,
            "35": 92.61,
            "36": 92.12,
            "37": 92.81,
            "38": 91.92,
            "39": 91.29,
            "40": 93.28,
            "41": 93.56,
            "42": 93.03,
            "43": 93.53,
            "44": 93.53,
            "45": 91.81,
            "46": 92.33,
            "47": 92.45,
            "48": 94.25,
            "49": 93.19,
            "50": 92.75,
            "51": 92.11,
            "52": 93.25,
            "53": 93.52000000000001,
            "54": 93.86,
            "55": 93.64,
            "56": 93.43,
            "57": 93.95,
            "58": 92.97999999999999,
            "59": 93.77
        },
        "time_train_teacher": {
            "0": 0.8676962852478027,
            "1": 0.6972157955169678,
            "2": 0.671816349029541,
            "3": 0.6513361930847168,
            "4": 0.6375303268432617,
            "5": 0.6195535659790039,
            "6": 0.6185994148254395,
            "7": 0.5787353515625,
            "8": 0.6110293865203857,
            "9": 0.5924901962280273,
            "10": 0.5780339241027832,
            "11": 0.5991885662078857,
            "12": 0.5737168788909912,
            "13": 0.5934867858886719,
            "14": 0.5531244277954102,
            "15": 0.5614314079284668,
            "16": 0.5522561073303223,
            "17": 0.5589945316314697,
            "18": 0.5583369731903076,
            "19": 0.5559308528900146,
            "20": 0.5673534870147705,
            "21": 0.526968240737915,
            "22": 0.5401318073272705,
            "23": 0.5351455211639404,
            "24": 0.5451323986053467,
            "25": 0.5312099456787109,
            "26": 0.531862735748291,
            "27": 0.5532703399658203,
            "28": 0.5203244686126709,
            "29": 0.5200810432434082,
            "30": 0.5306985378265381,
            "31": 0.5482182502746582,
            "32": 0.5260004997253418,
            "33": 0.5175819396972656,
            "34": 0.5114758014678955,
            "35": 0.5238327980041504,
            "36": 0.531125545501709,
            "37": 0.5077016353607178,
            "38": 0.5013554096221924,
            "39": 0.507012128829956,
            "40": 0.49801206588745117,
            "41": 0.5209510326385498,
            "42": 0.5073344707489014,
            "43": 0.5019733905792236,
            "44": 0.5223989486694336,
            "45": 0.5039606094360352,
            "46": 0.5084881782531738,
            "47": 0.528742790222168,
            "48": 0.5122079849243164,
            "49": 0.5282883644104004,
            "50": 0.535029411315918,
            "51": 0.5305073261260986,
            "52": 0.5231006145477295,
            "53": 0.4996368885040283,
            "54": 0.5262198448181152,
            "55": 0.5086379051208496,
            "56": 0.5260648727416992,
            "57": 0.5193028450012207,
            "58": 0.5252559185028076,
            "59": 0.49724555015563965
        },
        "time_train_student": {
            "0": 0.3641817569732666,
            "1": 0.3386223316192627,
            "2": 0.31018590927124023,
            "3": 0.30850887298583984,
            "4": 0.2767632007598877,
            "5": 0.2845439910888672,
            "6": 0.2682833671569824,
            "7": 0.28449177742004395,
            "8": 0.2828397750854492,
            "9": 0.2721097469329834,
            "10": 0.26935791969299316,
            "11": 0.26385045051574707,
            "12": 0.26107215881347656,
            "13": 0.2629208564758301,
            "14": 0.261167049407959,
            "15": 0.27440571784973145,
            "16": 0.2696707248687744,