{
    "results": {
        "acc_test_teacher": {
            "0": 46.400000000000006,
            "1": 52.2,
            "2": 53.349999999999994,
            "3": 54.7,
            "4": 55.15,
            "5": 57.45,
            "6": 58.599999999999994,
            "7": 56.55,
            "8": 56.3,
            "9": 59.3,
            "10": 58.550000000000004,
            "11": 57.4,
            "12": 58.95,
            "13": 57.99999999999999,
            "14": 56.2,
            "15": 60.25,
            "16": 59.95,
            "17": 57.99999999999999,
            "18": 58.25,
            "19": 58.15,
            "20": 59.599999999999994,
            "21": 60.099999999999994,
            "22": 58.95,
            "23": 59.8,
            "24": 59.45,
            "25": 60.150000000000006,
            "26": 60.550000000000004,
            "27": 59.9,
            "28": 57.3,
            "29": 60.6,
            "30": 59.8,
            "31": 59.699999999999996,
            "32": 61.0,
            "33": 58.45,
            "34": 59.650000000000006,
            "35": 58.15,
            "36": 59.199999999999996,
            "37": 58.85,
            "38": 60.550000000000004,
            "39": 60.150000000000006
        },
        "acc_test_student": {
            "0": 48.6,
            "1": 50.14999999999999,
            "2": 54.55,
            "3": 54.300000000000004,
            "4": 55.65,
            "5": 57.35,
            "6": 54.65,
            "7": 54.800000000000004,
            "8": 56.699999999999996,
            "9": 53.449999999999996,
            "10": 56.699999999999996,
            "11": 57.15,
            "12": 57.099999999999994,
            "13": 57.199999999999996,
            "14": 57.99999999999999,
            "15": 57.15,
            "16": 56.49999999999999,
            "17": 54.900000000000006,
            "18": 55.95,
            "19": 55.800000000000004,
            "20": 56.89999999999999,
            "21": 56.39999999999999,
            "22": 57.550000000000004,
            "23": 57.15,
            "24": 56.95,
            "25": 56.89999999999999,
            "26": 57.4,
            "27": 58.550000000000004,
            "28": 58.85,
            "29": 57.49999999999999,
            "30": 58.3,
            "31": 58.95,
            "32": 57.35,
            "33": 57.599999999999994,
            "34": 56.8,
            "35": 57.3,
            "36": 58.75,
            "37": 58.45,
            "38": 59.4,
            "39": 57.49999999999999
        },
        "acc_test_distilled": {
            "0": 46.6,
            "1": 53.15,
            "2": 51.65,
            "3": 53.849999999999994,
            "4": 52.449999999999996,
            "5": 54.949999999999996,
            "6": 57.550000000000004,
            "7": 57.85,
            "8": 54.75,
            "9": 57.199999999999996,
            "10": 49.15,
            "11": 55.60000000000001,
            "12": 56.599999999999994,
            "13": 55.95,
            "14": 55.85,
            "15": 58.75,
            "16": 58.75,
            "17": 61.4,
            "18": 58.8,
            "19": 59.3,
            "20": 60.5,
            "21": 58.95,
            "22": 59.25,
            "23": 60.95,
            "24": 60.099999999999994,
            "25": 60.85,
            "26": 61.45,
            "27": 60.150000000000006,
            "28": 60.0,
            "29": 61.150000000000006,
            "30": 60.75000000000001,
            "31": 60.050000000000004,
            "32": 59.599999999999994,
            "33": 60.3,
            "34": 61.0,
            "35": 60.95,
            "36": 60.199999999999996,
            "37": 60.85,
            "38": 62.25000000000001,
            "39": 61.150000000000006
        },
        "time_train_teacher": {
            "0": 4.511846303939819,
            "1": 3.977166175842285,
            "2": 3.768841028213501,
            "3": 3.2547595500946045,
            "4": 2.9385581016540527,
            "5": 2.987429618835449,
            "6": 2.7711992263793945,
            "7": 2.6972622871398926,
            "8": 2.5326857566833496,
            "9": 2.52836012840271,
            "10": 2.4391324520111084,
            "11": 2.4000141620635986,
            "12": 2.326436758041382,
            "13": 2.3097002506256104,
            "14": 2.2326254844665527,
            "15": 2.184258460998535,
            "16": 2.227306604385376,
            "17": 2.208275079727173,
            "18": 2.1077022552490234,
            "19": 2.117260456085205,
            "20": 2.116894483566284,
            "21": 2.0917139053344727,
            "22": 2.0359280109405518,
            "23": 2.058706521987915,
            "24": 2.0190114974975586,
            "25": 1.974524974822998,
            "26": 2.021883487701416,
            "27": 1.9776082038879395,
            "28": 1.9511332511901855,
            "29": 1.9483020305633545,
            "30": 1.8777990341186523,
            "31": 1.8549928665161133,
            "32": 1.9278619289398193,
            "33": 1.8846347332000732,
            "34": 1.8533921241760254,
            "35": 1.8927886486053467,
            "36": 1.896592140197754,
            "37": 1.8827824592590332,
            "38": 1.8314762115478516,
            "39": 1.8295929431915283
        },
        "time_train_student": {
            "0": 0.6020004749298096,
            "1": 0.5292153358459473,
            "2": 0.5094540119171143,
            "3": 0.496427059173584,
            "4": 0.4777352809906006,
            "5": 0.4844825267791748,
            "6": 0.4795074462890625,
            "7": 0.4720113277435303,
            "8": 0.4560580253601074,
            "9": 0.4489257335662842,
            "10": 0.4349637031555176,
            "11": 0.42706894874572754,
            "12": 0.4213275909423828,
            "13": 0.42496824264526367,
            "14": 0.41991353034973145,
            "15": 0.4161202907562256,
            "16": 0.40470075607299805,
            "17": 0.4138364791870117,
            "18": 0.40781641006469727,
            "19": 0.4131143093109131,
            "20": 0.4310188293457031,
            "21": 0.3962230682373047,
            "22": 0.4010615348815918,
            "23": 0.3936879634857178,
            "24": 0.3981668949127197,
            "25": 0.40137600898742676,
            "26": 0.3954200744628906,
            "27": 0.37422966957092285,
            "28": 0.38728928565979004,
            "29": 0.3812398910522461,
            "30": 0.38175225257873535,
            "31": 0.37975549697875977,
            "32": 0.37090086936950684,
            "33": 0.3836512565612793,
            "34": 0.3697926998138428,
            "35": 0.39115238189697266,
            "36": 0.3675065040588379,
            "37": 0.37551236152648926,
            "38": 0.3698761463165283,
            "39": 0.40911865234375
        },
        "time_train_distilled": {
            "0": 4.530364274978638,
            "1": 3.9110729694366455,
            "2": 3.754312753677368,
            "3": 3.4951179027557373,
            "4": 3.351846933364868,
            "5": 3.3180463314056396,
            "6": 3.2370917797088623,
            "7": 3.1188082695007324,
            "8": 2.8787264823913574,
            "9": 2.511960029602051,
            "10": 1.104907512664795,
            "11": 0.9472603797912598,
            "12": 0.8831734657287598,
            "13": 0.8507084846496582,
            "14": 0.7678713798522949,
            "15": 0.7768633365631104,
            "16": 0.8266923427581787,
            "17": 0.7252740859985352,
            "18": 0.7758018970489502,
            "19": 0.7288899421691895,
            "20": 0.6683940887451172,
            "21": 0.6600039005279541,
            "22": 0.6518759727478027,
            "23": 0.648461103439331,
            "24": 0.6285202503204346,
            "25": 0.6083037853240967,
            "26": 0.6221504211425781,
            "27": 0.6173129081726074,
            "28": 0.6118800640106201,
            "29": 0.6083269119262695,