{
    "results": {
        "acc_test_teacher": {
            "0": 41.449999999999996,
            "1": 51.24999999999999,
            "2": 53.7,
            "3": 53.6,
            "4": 57.599999999999994,
            "5": 57.8,
            "6": 58.3,
            "7": 56.39999999999999,
            "8": 59.150000000000006,
            "9": 57.099999999999994,
            "10": 59.75,
            "11": 60.3,
            "12": 59.3,
            "13": 58.85,
            "14": 57.599999999999994,
            "15": 60.25,
            "16": 56.95,
            "17": 60.5,
            "18": 60.4,
            "19": 59.199999999999996,
            "20": 60.4,
            "21": 60.75000000000001,
            "22": 59.4,
            "23": 59.9,
            "24": 59.599999999999994,
            "25": 58.45,
            "26": 59.45,
            "27": 60.150000000000006,
            "28": 60.050000000000004,
            "29": 60.099999999999994,
            "30": 59.35,
            "31": 60.5,
            "32": 60.3,
            "33": 59.8,
            "34": 59.85,
            "35": 58.8,
            "36": 58.95,
            "37": 60.4,
            "38": 59.8,
            "39": 59.550000000000004
        },
        "acc_test_student": {
            "0": 52.449999999999996,
            "1": 53.55,
            "2": 56.45,
            "3": 55.7,
            "4": 55.1,
            "5": 58.5,
            "6": 57.550000000000004,
            "7": 55.800000000000004,
            "8": 58.199999999999996,
            "9": 57.75,
            "10": 56.89999999999999,
            "11": 56.89999999999999,
            "12": 56.75,
            "13": 58.699999999999996,
            "14": 60.199999999999996,
            "15": 59.5,
            "16": 59.599999999999994,
            "17": 59.45,
            "18": 59.35,
            "19": 59.550000000000004,
            "20": 59.25,
            "21": 59.199999999999996,
            "22": 59.4,
            "23": 58.699999999999996,
            "24": 58.45,
            "25": 59.050000000000004,
            "26": 59.699999999999996,
            "27": 59.95,
            "28": 59.35,
            "29": 60.150000000000006,
            "30": 58.5,
            "31": 58.550000000000004,
            "32": 59.650000000000006,
            "33": 58.3,
            "34": 59.050000000000004,
            "35": 59.5,
            "36": 59.3,
            "37": 59.699999999999996,
            "38": 60.3,
            "39": 60.099999999999994
        },
        "acc_test_distilled": {
            "0": 44.4,
            "1": 47.55,
            "2": 51.9,
            "3": 56.49999999999999,
            "4": 55.95,
            "5": 57.45,
            "6": 56.00000000000001,
            "7": 55.2,
            "8": 58.050000000000004,
            "9": 56.8,
            "10": 50.9,
            "11": 57.95,
            "12": 56.2,
            "13": 57.35,
            "14": 59.699999999999996,
            "15": 59.45,
            "16": 57.95,
            "17": 58.95,
            "18": 59.75,
            "19": 58.699999999999996,
            "20": 60.050000000000004,
            "21": 60.550000000000004,
            "22": 59.25,
            "23": 61.5,
            "24": 60.699999999999996,
            "25": 60.35,
            "26": 60.45,
            "27": 60.95,
            "28": 60.699999999999996,
            "29": 59.45,
            "30": 60.75000000000001,
            "31": 60.95,
            "32": 60.8,
            "33": 60.150000000000006,
            "34": 60.6,
            "35": 61.5,
            "36": 60.25,
            "37": 61.4,
            "38": 61.050000000000004,
            "39": 59.75
        },
        "time_train_teacher": {
            "0": 9.254812717437744,
            "1": 7.950525999069214,
            "2": 7.4404706954956055,
            "3": 7.188997030258179,
            "4": 6.839982509613037,
            "5": 6.646433115005493,
            "6": 6.404648303985596,
            "7": 6.141848802566528,
            "8": 6.071149826049805,
            "9": 6.017804384231567,
            "10": 5.71460747718811,
            "11": 5.667510986328125,
            "12": 5.592891693115234,
            "13": 5.450472354888916,
            "14": 5.547342538833618,
            "15": 5.358569860458374,
            "16": 5.360625982284546,
            "17": 5.271454334259033,
            "18": 4.625171184539795,
            "19": 4.549123525619507,
            "20": 4.420870780944824,
            "21": 4.422090768814087,
            "22": 4.459299087524414,
            "23": 4.3173909187316895,
            "24": 4.404899597167969,
            "25": 4.307146787643433,
            "26": 4.301612615585327,
            "27": 4.223470211029053,
            "28": 4.26975417137146,
            "29": 4.206742525100708,
            "30": 4.150867223739624,
            "31": 4.1399085521698,
            "32": 4.145174741744995,
            "33": 4.11802339553833,
            "34": 4.110748291015625,
            "35": 4.167064666748047,
            "36": 4.099210739135742,
            "37": 4.094470024108887,
            "38": 4.0402796268463135,
            "39": 3.985930919647217
        },
        "time_train_student": {
            "0": 1.7016856670379639,
            "1": 1.5356364250183105,
            "2": 1.3475046157836914,
            "3": 1.33707857131958,
            "4": 1.2429561614990234,
            "5": 1.1795048713684082,
            "6": 1.172706127166748,
            "7": 1.0963466167449951,
            "8": 1.0932643413543701,
            "9": 1.0751547813415527,
            "10": 1.0178053379058838,
            "11": 0.991870641708374,
            "12": 0.9669859409332275,
            "13": 0.9261980056762695,
            "14": 0.9288976192474365,
            "15": 0.8975720405578613,
            "16": 0.9361076354980469,
            "17": 0.895514965057373,
            "18": 0.8536086082458496,
            "19": 0.829218864440918,
            "20": 0.8797578811645508,
            "21": 0.8331520557403564,
            "22": 0.8055284023284912,
            "23": 0.790494441986084,
            "24": 0.8172037601470947,
            "25": 0.7519419193267822,
            "26": 0.7716274261474609,
            "27": 0.7311313152313232,
            "28": 0.7373151779174805,
            "29": 0.7505710124969482,
            "30": 0.7687082290649414,
            "31": 0.7397541999816895,
            "32": 0.6910660266876221,
            "33": 0.6903116703033447,
            "34": 0.713524341583252,
            "35": 0.7070021629333496,
            "36": 0.6945712566375732,
            "37": 0.7011432647705078,
            "38": 0.65814208984375,
            "39": 0.6924419403076172
        },
        "time_train_distilled": {
            "0": 9.127069473266602,
            "1": 8.181671619415283,
            "2": 7.717855215072632,
            "3": 7.079764127731323,
            "4": 6.881039619445801,
            "5": 6.6076133251190186,
            "6": 6.527481317520142,
            "7": 5.603439092636108,
            "8": 5.468318700790405,
            "9": 5.2286412715911865,
            "10": 9.373758316040039,
            "11": 8.003558158874512,
            "12": 7.406982183456421,
            "13": 6.934165000915527,
            "14": 6.6054840087890625,
            "15": 6.303474426269531,
            "16": 6.042502403259277,
            "17": 5.901705265045166,
            "18": 5.69659423828125,
            "19": 5.679513692855835,
            "20": 5.440483808517456,
            "21": 5.336278200149536,
            "22": 5.197179794311523,
            "23": 5.220304250717163,
            "24": 5.032100439071655,
            "25": 5.029073238372803,
            "26": 4.922450542449951,
            "27": 4.870706558227539,
            "28": 4.287098407745361,
            "29": 4.533094167709351,
            "30": 4.445730686187744,
            "31": 4.44173002243042,
            "32": 4.506289720535278,
            "33": 4.498239994049072,