{
    "results": {
        "acc_test_teacher": {
            "0": 88.72,
            "1": 92.19000000000001,
            "2": 93.53,
            "3": 93.5,
            "4": 94.13,
            "5": 95.00999999999999,
            "6": 94.75,
            "7": 94.96,
            "8": 94.59,
            "9": 95.16,
            "10": 95.49,
            "11": 94.91000000000001,
            "12": 95.63000000000001,
            "13": 95.93,
            "14": 95.92,
            "15": 95.39999999999999,
            "16": 95.45,
            "17": 95.75,
            "18": 95.78,
            "19": 96.03,
            "20": 95.87,
            "21": 95.58,
            "22": 96.0,
            "23": 95.89,
            "24": 96.07,
            "25": 95.85000000000001,
            "26": 95.8,
            "27": 96.23,
            "28": 96.08,
            "29": 96.07,
            "30": 96.25,
            "31": 96.28,
            "32": 96.41999999999999,
            "33": 96.64,
            "34": 96.21,
            "35": 96.41,
            "36": 96.41,
            "37": 96.37,
            "38": 96.28999999999999,
            "39": 96.3,
            "40": 96.41,
            "41": 96.50999999999999,
            "42": 96.44,
            "43": 96.41,
            "44": 96.34,
            "45": 96.53,
            "46": 96.27,
            "47": 96.45,
            "48": 96.54,
            "49": 96.65,
            "50": 96.55,
            "51": 96.46000000000001,
            "52": 96.54,
            "53": 96.52,
            "54": 96.71,
            "55": 96.72,
            "56": 96.67,
            "57": 96.5,
            "58": 96.48,
            "59": 96.6
        },
        "acc_test_student": {
            "0": 91.8,
            "1": 93.14,
            "2": 93.89999999999999,
            "3": 94.19999999999999,
            "4": 94.19999999999999,
            "5": 94.33,
            "6": 94.67999999999999,
            "7": 94.46,
            "8": 94.85,
            "9": 94.83,
            "10": 95.03,
            "11": 95.33,
            "12": 95.33,
            "13": 95.21,
            "14": 95.33,
            "15": 95.37,
            "16": 95.36,
            "17": 95.37,
            "18": 95.5,
            "19": 95.5,
            "20": 95.50999999999999,
            "21": 95.67,
            "22": 95.59,
            "23": 95.72,
            "24": 95.65,
            "25": 95.69,
            "26": 95.87,
            "27": 95.34,
            "28": 95.72,
            "29": 95.85000000000001,
            "30": 95.88,
            "31": 95.8,
            "32": 95.83,
            "33": 95.81,
            "34": 95.89999999999999,
            "35": 95.72,
            "36": 95.82000000000001,
            "37": 95.84,
            "38": 95.86,
            "39": 95.96000000000001,
            "40": 95.64,
            "41": 95.67999999999999,
            "42": 95.86,
            "43": 95.76,
            "44": 95.89,
            "45": 95.81,
            "46": 95.94,
            "47": 95.96000000000001,
            "48": 95.78999999999999,
            "49": 96.00999999999999,
            "50": 95.87,
            "51": 95.89999999999999,
            "52": 95.89999999999999,
            "53": 96.06,
            "54": 95.99,
            "55": 95.8,
            "56": 95.83,
            "57": 95.93,
            "58": 95.89,
            "59": 96.16
        },
        "acc_test_distilled": {
            "0": 91.23,
            "1": 92.43,
            "2": 93.22,
            "3": 94.6,
            "4": 94.22,
            "5": 94.82000000000001,
            "6": 93.91000000000001,
            "7": 94.98,
            "8": 94.84,
            "9": 95.19,
            "10": 95.02000000000001,
            "11": 95.54,
            "12": 95.48,
            "13": 95.76,
            "14": 95.89999999999999,
            "15": 95.41,
            "16": 95.84,
            "17": 95.76,
            "18": 95.84,
            "19": 95.85000000000001,
            "20": 96.09,
            "21": 96.07,
            "22": 96.19,
            "23": 96.22,
            "24": 96.1,
            "25": 96.16,
            "26": 95.73,
            "27": 96.11,
            "28": 96.26,
            "29": 96.27,
            "30": 95.27,
            "31": 95.96000000000001,
            "32": 96.36,
            "33": 96.16,
            "34": 96.36,
            "35": 96.63000000000001,
            "36": 96.87,
            "37": 96.78,
            "38": 96.86,
            "39": 96.86,
            "40": 96.8,
            "41": 96.88,
            "42": 96.99,
            "43": 97.09,
            "44": 97.03,
            "45": 96.94,
            "46": 97.13000000000001,
            "47": 97.03,
            "48": 96.99,
            "49": 97.2,
            "50": 97.15,
            "51": 97.19,
            "52": 97.13000000000001,
            "53": 97.13000000000001,
            "54": 97.14,
            "55": 97.11999999999999,
            "56": 97.13000000000001,
            "57": 97.17,
            "58": 97.09,
            "59": 97.00999999999999
        },
        "time_train_teacher": {
            "0": 1.4756112098693848,
            "1": 1.1501538753509521,
            "2": 1.0743811130523682,
            "3": 1.0471477508544922,
            "4": 1.005253791809082,
            "5": 0.9744157791137695,
            "6": 0.9498252868652344,
            "7": 0.9197332859039307,
            "8": 0.9038338661193848,
            "9": 0.896338939666748,
            "10": 0.9044039249420166,
            "11": 0.8873751163482666,
            "12": 0.888848066329956,
            "13": 0.8955326080322266,
            "14": 0.871452808380127,
            "15": 0.9070448875427246,
            "16": 0.8723654747009277,
            "17": 0.8724062442779541,
            "18": 0.8716483116149902,
            "19": 0.846381664276123,
            "20": 0.8571758270263672,
            "21": 0.8627068996429443,
            "22": 0.8459386825561523,
            "23": 0.84171462059021,
            "24": 0.8773715496063232,
            "25": 0.8466269969940186,
            "26": 0.8352675437927246,
            "27": 0.8498666286468506,
            "28": 0.8288323879241943,
            "29": 0.8326511383056641,
            "30": 0.8400204181671143,
            "31": 0.8307056427001953,
            "32": 0.8296835422515869,
            "33": 0.8349437713623047,
            "34": 0.8337843418121338,
            "35": 0.8157060146331787,
            "36": 0.8164985179901123,
            "37": 0.8189599514007568,
            "38": 0.8345036506652832,
            "39": 0.8087940216064453,
            "40": 0.810929536819458,
            "41": 0.8176412582397461,
            "42": 0.8125643730163574,
            "43": 0.8016998767852783,
            "44": 0.8360345363616943,
            "45": 0.795384407043457,
            "46": 0.8014087677001953,
            "47": 0.8172152042388916,
            "48": 0.808880090713501,
            "49": 0.7970623970031738,
            "50": 0.7949974536895752,
            "51": 0.7977499961853027,
            "52": 0.7918312549591064,
            "53": 0.8013770580291748,
            "54": 0.8078687191009521,
            "55": 0.8018593788146973,
            "56": 0.8084909915924072,
            "57": 0.786870002746582,
            "58": 0.8110573291778564,
            "59": 0.7894482612609863
        },
        "time_train_student": {
            "0": 0.36743736267089844,
            "1": 0.303372859954834,
            "2": 0.2884340286254883,
            "3": 0.30588364601135254,
            "4": 0.28236842155456543,
            "5": 0.2811260223388672,
            "6": 0.2771890163421631,
            "7": 0.2718346118927002,
            "8": 0.28664588928222656,
            "9": 0.2718355655670166,
            "10": 0.2753748893737793,
            "11": 0.2749454975128174,
            "12": 0.28133320808410645,
            "13": 0.2835385799407959,
            "14": 0.2722492218017578,
            "15": 0.27117466926574707,