{
    "results": {
        "acc_test_teacher": {
            "0": 86.47,
            "1": 87.55,
            "2": 88.83,
            "3": 89.13,
            "4": 89.14999999999999,
            "5": 87.74,
            "6": 89.27000000000001,
            "7": 90.36999999999999,
            "8": 90.64,
            "9": 91.19,
            "10": 91.09,
            "11": 90.35,
            "12": 91.17,
            "13": 91.84,
            "14": 91.60000000000001,
            "15": 92.21000000000001,
            "16": 92.12,
            "17": 90.14,
            "18": 92.01,
            "19": 91.53999999999999,
            "20": 90.57,
            "21": 91.8,
            "22": 91.7,
            "23": 91.01,
            "24": 90.51,
            "25": 92.02,
            "26": 92.64,
            "27": 90.79,
            "28": 92.54,
            "29": 91.67,
            "30": 93.17,
            "31": 92.4,
            "32": 91.78,
            "33": 91.96,
            "34": 91.64999999999999,
            "35": 91.82000000000001,
            "36": 92.27,
            "37": 92.60000000000001,
            "38": 91.2,
            "39": 92.81,
            "40": 91.75999999999999,
            "41": 92.41,
            "42": 91.71000000000001,
            "43": 92.33,
            "44": 92.39,
            "45": 91.64,
            "46": 92.32000000000001,
            "47": 92.39,
            "48": 91.3,
            "49": 92.2,
            "50": 92.38,
            "51": 91.97999999999999,
            "52": 91.7,
            "53": 91.74,
            "54": 92.36,
            "55": 92.49000000000001,
            "56": 90.27,
            "57": 93.21000000000001,
            "58": 92.19000000000001,
            "59": 92.38
        },
        "acc_test_student": {
            "0": 83.99,
            "1": 87.47,
            "2": 85.97,
            "3": 88.09,
            "4": 88.4,
            "5": 89.1,
            "6": 86.99,
            "7": 88.8,
            "8": 88.0,
            "9": 90.13,
            "10": 89.75,
            "11": 88.86,
            "12": 88.2,
            "13": 87.63,
            "14": 89.82,
            "15": 89.59,
            "16": 89.64999999999999,
            "17": 89.53999999999999,
            "18": 89.19,
            "19": 89.47,
            "20": 89.51,
            "21": 90.31,
            "22": 90.03999999999999,
            "23": 90.03,
            "24": 89.9,
            "25": 90.42999999999999,
            "26": 88.75,
            "27": 89.96,
            "28": 90.03,
            "29": 90.49000000000001,
            "30": 89.75999999999999,
            "31": 90.59,
            "32": 91.02,
            "33": 90.58,
            "34": 90.64999999999999,
            "35": 90.27,
            "36": 91.47999999999999,
            "37": 90.55,
            "38": 88.73,
            "39": 91.34,
            "40": 89.1,
            "41": 90.74,
            "42": 89.97,
            "43": 91.11,
            "44": 90.53,
            "45": 91.79,
            "46": 90.24,
            "47": 91.03999999999999,
            "48": 90.48,
            "49": 89.59,
            "50": 90.36,
            "51": 91.36,
            "52": 89.64999999999999,
            "53": 89.03999999999999,
            "54": 89.4,
            "55": 91.18,
            "56": 91.64,
            "57": 91.16,
            "58": 90.06,
            "59": 90.62
        },
        "acc_test_distilled": {
            "0": 83.86,
            "1": 86.00999999999999,
            "2": 86.61999999999999,
            "3": 89.81,
            "4": 89.36,
            "5": 87.99,
            "6": 88.7,
            "7": 90.16,
            "8": 90.36,
            "9": 90.08,
            "10": 90.09,
            "11": 91.03,
            "12": 91.03999999999999,
            "13": 91.56,
            "14": 90.36999999999999,
            "15": 89.92999999999999,
            "16": 91.12,
            "17": 91.25,
            "18": 91.08000000000001,
            "19": 92.01,
            "20": 91.85,
            "21": 91.73,
            "22": 92.10000000000001,
            "23": 91.8,
            "24": 91.97,
            "25": 91.97,
            "26": 91.21000000000001,
            "27": 92.03,
            "28": 92.27,
            "29": 92.58999999999999,
            "30": 87.22999999999999,
            "31": 90.01,
            "32": 89.95,
            "33": 91.52,
            "34": 92.17,
            "35": 91.03,
            "36": 91.39,
            "37": 92.47,
            "38": 92.05,
            "39": 92.95,
            "40": 91.99000000000001,
            "41": 92.78,
            "42": 92.99,
            "43": 92.35,
            "44": 93.45,
            "45": 92.51,
            "46": 91.86999999999999,
            "47": 91.86999999999999,
            "48": 93.78999999999999,
            "49": 92.9,
            "50": 92.49000000000001,
            "51": 93.08999999999999,
            "52": 91.42,
            "53": 93.31,
            "54": 92.81,
            "55": 92.73,
            "56": 93.97999999999999,
            "57": 92.75999999999999,
            "58": 92.75999999999999,
            "59": 93.49
        },
        "time_train_teacher": {
            "0": 0.6956372261047363,
            "1": 0.5812253952026367,
            "2": 0.540581226348877,
            "3": 0.525721549987793,
            "4": 0.5116696357727051,
            "5": 0.5208346843719482,
            "6": 0.4973485469818115,
            "7": 0.4989290237426758,
            "8": 0.4754183292388916,
            "9": 0.49465250968933105,
            "10": 0.47715234756469727,
            "11": 0.4800846576690674,
            "12": 0.46759915351867676,
            "13": 0.4937252998352051,
            "14": 0.4639096260070801,
            "15": 0.4615788459777832,
            "16": 0.45728063583374023,
            "17": 0.4570026397705078,
            "18": 0.45995116233825684,
            "19": 0.46295928955078125,
            "20": 0.44762325286865234,
            "21": 0.4483613967895508,
            "22": 0.4586308002471924,
            "23": 0.44867753982543945,
            "24": 0.4489152431488037,
            "25": 0.4479343891143799,
            "26": 0.43952035903930664,
            "27": 0.4409329891204834,
            "28": 0.43868041038513184,
            "29": 0.45279979705810547,
            "30": 0.4370136260986328,
            "31": 0.4357919692993164,
            "32": 0.4505593776702881,
            "33": 0.45098090171813965,
            "34": 0.4352250099182129,
            "35": 0.4325752258300781,
            "36": 0.43497705459594727,
            "37": 0.4364323616027832,
            "38": 0.43457603454589844,
            "39": 0.4547600746154785,
            "40": 0.4413340091705322,
            "41": 0.4337942600250244,
            "42": 0.4329988956451416,
            "43": 0.4408540725708008,
            "44": 0.4454963207244873,
            "45": 0.4357292652130127,
            "46": 0.4384801387786865,
            "47": 0.42743992805480957,
            "48": 0.43566012382507324,
            "49": 0.4336428642272949,
            "50": 0.4414989948272705,
            "51": 0.44072961807250977,
            "52": 0.4302523136138916,
            "53": 0.4464607238769531,
            "54": 0.4428696632385254,
            "55": 0.43003177642822266,
            "56": 0.42906785011291504,
            "57": 0.42398929595947266,
            "58": 0.42844438552856445,
            "59": 0.4292442798614502
        },
        "time_train_student": {
            "0": 0.3299288749694824,
            "1": 0.2982902526855469,
            "2": 0.2934744358062744,
            "3": 0.28505516052246094,
            "4": 0.2798488140106201,
            "5": 0.2776951789855957,
            "6": 0.2828969955444336,
            "7": 0.27697253227233887,
            "8": 0.27663469314575195,
            "9": 0.2747769355773926,
            "10": 0.2729837894439697,
            "11": 0.26712918281555176,
            "12": 0.26735925674438477,