{
    "results": {
        "acc_test_teacher": {
            "0": 83.52000000000001,
            "1": 87.85,
            "2": 88.0,
            "3": 91.58,
            "4": 91.34,
            "5": 92.67999999999999,
            "6": 91.9,
            "7": 91.64999999999999,
            "8": 91.27,
            "9": 89.92999999999999,
            "10": 91.58,
            "11": 91.91,
            "12": 92.12,
            "13": 92.51,
            "14": 92.17,
            "15": 92.85,
            "16": 92.74,
            "17": 93.11,
            "18": 92.93,
            "19": 93.12,
            "20": 92.97999999999999,
            "21": 92.04,
            "22": 93.32000000000001,
            "23": 93.4,
            "24": 92.75999999999999,
            "25": 92.52,
            "26": 92.91,
            "27": 93.08,
            "28": 94.34,
            "29": 93.27,
            "30": 93.33,
            "31": 93.04,
            "32": 93.69,
            "33": 93.13,
            "34": 93.76,
            "35": 93.10000000000001,
            "36": 93.78,
            "37": 93.81,
            "38": 93.27,
            "39": 94.04,
            "40": 93.58999999999999,
            "41": 93.99,
            "42": 94.0,
            "43": 93.58,
            "44": 94.14,
            "45": 94.61,
            "46": 94.39999999999999,
            "47": 93.89,
            "48": 94.16,
            "49": 93.64,
            "50": 94.05,
            "51": 93.97999999999999,
            "52": 93.95,
            "53": 94.07,
            "54": 94.07,
            "55": 93.83,
            "56": 94.12,
            "57": 94.08,
            "58": 94.5,
            "59": 93.94
        },
        "acc_test_student": {
            "0": 83.56,
            "1": 84.35000000000001,
            "2": 88.42999999999999,
            "3": 87.82,
            "4": 88.5,
            "5": 87.08,
            "6": 89.01,
            "7": 89.03,
            "8": 88.91,
            "9": 88.75999999999999,
            "10": 90.23,
            "11": 89.74,
            "12": 89.82,
            "13": 88.99000000000001,
            "14": 90.14,
            "15": 89.88000000000001,
            "16": 90.48,
            "17": 87.62,
            "18": 90.64,
            "19": 89.28,
            "20": 89.69,
            "21": 89.92999999999999,
            "22": 89.02,
            "23": 89.28,
            "24": 90.39,
            "25": 90.44,
            "26": 89.92,
            "27": 90.9,
            "28": 91.31,
            "29": 90.25999999999999,
            "30": 90.14999999999999,
            "31": 91.06,
            "32": 90.0,
            "33": 91.49000000000001,
            "34": 90.74,
            "35": 89.05,
            "36": 91.25,
            "37": 90.36999999999999,
            "38": 90.06,
            "39": 90.99000000000001,
            "40": 90.83,
            "41": 90.77,
            "42": 90.05,
            "43": 91.03,
            "44": 90.4,
            "45": 90.32,
            "46": 89.97,
            "47": 90.05,
            "48": 89.78,
            "49": 91.01,
            "50": 90.72,
            "51": 92.05,
            "52": 90.63,
            "53": 91.25999999999999,
            "54": 89.24,
            "55": 91.36,
            "56": 90.23,
            "57": 90.73,
            "58": 90.51,
            "59": 91.09
        },
        "acc_test_distilled": {
            "0": 86.45,
            "1": 90.32,
            "2": 88.44999999999999,
            "3": 89.41,
            "4": 90.05,
            "5": 90.68,
            "6": 92.01,
            "7": 92.5,
            "8": 92.17999999999999,
            "9": 90.35,
            "10": 91.59,
            "11": 92.32000000000001,
            "12": 92.85,
            "13": 91.08000000000001,
            "14": 92.11,
            "15": 92.91,
            "16": 92.71000000000001,
            "17": 92.78999999999999,
            "18": 92.31,
            "19": 92.67,
            "20": 93.47999999999999,
            "21": 91.94,
            "22": 93.2,
            "23": 92.72,
            "24": 92.63,
            "25": 93.41000000000001,
            "26": 93.97999999999999,
            "27": 93.5,
            "28": 93.88,
            "29": 93.26,
            "30": 87.92,
            "31": 90.98,
            "32": 91.95,
            "33": 92.57,
            "34": 91.85,
            "35": 92.77,
            "36": 92.04,
            "37": 94.04,
            "38": 93.36,
            "39": 93.36,
            "40": 93.49,
            "41": 93.05,
            "42": 92.72,
            "43": 92.84,
            "44": 93.93,
            "45": 93.39,
            "46": 93.23,
            "47": 93.17,
            "48": 92.67,
            "49": 94.34,
            "50": 93.19,
            "51": 92.12,
            "52": 91.47,
            "53": 94.03,
            "54": 94.0,
            "55": 93.39,
            "56": 93.10000000000001,
            "57": 93.61,
            "58": 93.89,
            "59": 93.99
        },
        "time_train_teacher": {
            "0": 1.11618971824646,
            "1": 0.9252245426177979,
            "2": 0.8573012351989746,
            "3": 0.8091816902160645,
            "4": 0.8163304328918457,
            "5": 0.769432783126831,
            "6": 0.7594468593597412,
            "7": 0.7418086528778076,
            "8": 0.7324972152709961,
            "9": 0.7404849529266357,
            "10": 0.7202160358428955,
            "11": 0.7105698585510254,
            "12": 0.6964073181152344,
            "13": 0.6786823272705078,
            "14": 0.6859233379364014,
            "15": 0.6824214458465576,
            "16": 0.6746714115142822,
            "17": 0.6686820983886719,
            "18": 0.6618919372558594,
            "19": 0.6728625297546387,
            "20": 0.6836671829223633,
            "21": 0.6784932613372803,
            "22": 0.680619478225708,
            "23": 0.6555478572845459,
            "24": 0.6647121906280518,
            "25": 0.6761653423309326,
            "26": 0.660560131072998,
            "27": 0.6668641567230225,
            "28": 0.6441566944122314,
            "29": 0.6510398387908936,
            "30": 0.6530535221099854,
            "31": 0.6566805839538574,
            "32": 0.6509957313537598,
            "33": 0.6402904987335205,
            "34": 0.6318106651306152,
            "35": 0.639103889465332,
            "36": 0.6382310390472412,
            "37": 0.6431660652160645,
            "38": 0.6349484920501709,
            "39": 0.6207988262176514,
            "40": 0.6359715461730957,
            "41": 0.636324405670166,
            "42": 0.638434648513794,
            "43": 0.6340956687927246,
            "44": 0.6239409446716309,
            "45": 0.6224777698516846,
            "46": 0.6262812614440918,
            "47": 0.6389575004577637,
            "48": 0.6231977939605713,
            "49": 0.6200180053710938,
            "50": 0.6191349029541016,
            "51": 0.6195814609527588,
            "52": 0.6321508884429932,
            "53": 0.6243295669555664,
            "54": 0.6211650371551514,
            "55": 0.6126871109008789,
            "56": 0.6345317363739014,
            "57": 0.6211857795715332,
            "58": 0.6251564025878906,
            "59": 0.613722562789917
        },
        "time_train_student": {
            "0": 0.3236088752746582,
            "1": 0.31096887588500977,
            "2": 0.29026126861572266,
            "3": 0.27894043922424316,
            "4": 0.2730066776275635,
            "5": 0.2742748260498047,
            "6": 0.2724757194519043,
            "7": 0.2698934078216553,
            "8": 0.2790062427520752,
            "9": 0.27373242378234863,
            "10": 0.26839423179626465,
            "11": 0.26769423484802246,
            "12": 0.2687559127807617,
            "13": 0.2651848793029785,
            "14": 0.2719535827636719,
            "15": 0.2631185054779053,
            "16": 0.2640676498413086,