{
    "results": {
        "acc_test_teacher": {
            "0": 85.5,
            "1": 84.28999999999999,
            "2": 89.68,
            "3": 87.72999999999999,
            "4": 90.58,
            "5": 90.05,
            "6": 90.27,
            "7": 90.66,
            "8": 90.33,
            "9": 90.46,
            "10": 91.31,
            "11": 91.33,
            "12": 92.28,
            "13": 91.18,
            "14": 92.5,
            "15": 91.63,
            "16": 92.75,
            "17": 92.72,
            "18": 92.46,
            "19": 92.32000000000001,
            "20": 92.49000000000001,
            "21": 92.17,
            "22": 93.34,
            "23": 92.32000000000001,
            "24": 91.46,
            "25": 92.23,
            "26": 91.41,
            "27": 92.67,
            "28": 91.89,
            "29": 91.97,
            "30": 93.28,
            "31": 93.71000000000001,
            "32": 93.19,
            "33": 93.01,
            "34": 92.60000000000001,
            "35": 92.96,
            "36": 92.47,
            "37": 91.96,
            "38": 94.1,
            "39": 93.36,
            "40": 92.74,
            "41": 93.26,
            "42": 93.42,
            "43": 92.96,
            "44": 93.88,
            "45": 92.9,
            "46": 94.0,
            "47": 93.11,
            "48": 92.96,
            "49": 92.88,
            "50": 93.15,
            "51": 93.58,
            "52": 93.34,
            "53": 93.44,
            "54": 93.25,
            "55": 92.65,
            "56": 92.67,
            "57": 93.74,
            "58": 94.17999999999999,
            "59": 93.4
        },
        "acc_test_student": {
            "0": 83.96000000000001,
            "1": 86.72,
            "2": 88.61,
            "3": 88.75,
            "4": 89.05,
            "5": 89.75999999999999,
            "6": 88.69,
            "7": 89.62,
            "8": 89.03,
            "9": 88.33,
            "10": 89.53,
            "11": 90.42,
            "12": 89.18,
            "13": 89.61,
            "14": 88.81,
            "15": 90.63,
            "16": 90.29,
            "17": 90.38000000000001,
            "18": 89.87,
            "19": 90.5,
            "20": 89.88000000000001,
            "21": 87.78,
            "22": 88.55,
            "23": 88.72,
            "24": 89.9,
            "25": 90.25999999999999,
            "26": 89.4,
            "27": 90.24,
            "28": 90.86999999999999,
            "29": 90.09,
            "30": 89.77000000000001,
            "31": 90.45,
            "32": 90.71000000000001,
            "33": 91.39,
            "34": 90.85,
            "35": 90.51,
            "36": 89.05,
            "37": 90.51,
            "38": 90.44,
            "39": 89.32,
            "40": 90.99000000000001,
            "41": 89.89,
            "42": 91.25,
            "43": 90.32,
            "44": 90.47,
            "45": 89.7,
            "46": 90.79,
            "47": 91.4,
            "48": 89.53999999999999,
            "49": 90.47,
            "50": 91.0,
            "51": 90.28,
            "52": 90.4,
            "53": 91.69,
            "54": 88.64,
            "55": 90.14999999999999,
            "56": 90.25999999999999,
            "57": 89.53999999999999,
            "58": 90.77,
            "59": 88.89
        },
        "acc_test_distilled": {
            "0": 85.22999999999999,
            "1": 86.38,
            "2": 86.03,
            "3": 90.16999999999999,
            "4": 88.83,
            "5": 88.6,
            "6": 89.47,
            "7": 91.11,
            "8": 90.14999999999999,
            "9": 91.62,
            "10": 91.51,
            "11": 91.63,
            "12": 92.44,
            "13": 89.69,
            "14": 90.19,
            "15": 91.11,
            "16": 91.46,
            "17": 91.64,
            "18": 92.35,
            "19": 92.29,
            "20": 92.39,
            "21": 92.49000000000001,
            "22": 92.41,
            "23": 92.85,
            "24": 92.02,
            "25": 92.43,
            "26": 92.61,
            "27": 91.97999999999999,
            "28": 93.15,
            "29": 92.61,
            "30": 88.79,
            "31": 90.62,
            "32": 90.60000000000001,
            "33": 91.88,
            "34": 91.41,
            "35": 90.62,
            "36": 92.74,
            "37": 92.09,
            "38": 92.91,
            "39": 92.72,
            "40": 92.63,
            "41": 92.36,
            "42": 93.69,
            "43": 93.47999999999999,
            "44": 93.8,
            "45": 93.27,
            "46": 92.61,
            "47": 93.56,
            "48": 90.59,
            "49": 94.22,
            "50": 92.78,
            "51": 92.58,
            "52": 93.24,
            "53": 93.0,
            "54": 92.61,
            "55": 92.85,
            "56": 91.71000000000001,
            "57": 93.64,
            "58": 93.58,
            "59": 93.99
        },
        "time_train_teacher": {
            "0": 0.8553915023803711,
            "1": 0.7062242031097412,
            "2": 0.6670827865600586,
            "3": 0.7059237957000732,
            "4": 0.6129677295684814,
            "5": 0.6055700778961182,
            "6": 0.6024794578552246,
            "7": 0.6110951900482178,
            "8": 0.5899760723114014,
            "9": 0.5920515060424805,
            "10": 0.5888733863830566,
            "11": 0.5522844791412354,
            "12": 0.5462861061096191,
            "13": 0.5615651607513428,
            "14": 0.5772554874420166,
            "15": 0.5346670150756836,
            "16": 0.536297082901001,
            "17": 0.5335161685943604,
            "18": 0.5250768661499023,
            "19": 0.537198543548584,
            "20": 0.5276801586151123,
            "21": 0.5340595245361328,
            "22": 0.5495193004608154,
            "23": 0.5262758731842041,
            "24": 0.535231351852417,
            "25": 0.5426182746887207,
            "26": 0.547269344329834,
            "27": 0.5732550621032715,
            "28": 0.5316224098205566,
            "29": 0.5243978500366211,
            "30": 0.5207393169403076,
            "31": 0.5244419574737549,
            "32": 0.5049841403961182,
            "33": 0.5277378559112549,
            "34": 0.5228967666625977,
            "35": 0.5184535980224609,
            "36": 0.5275769233703613,
            "37": 0.5055177211761475,
            "38": 0.551508903503418,
            "39": 0.5120718479156494,
            "40": 0.5270705223083496,
            "41": 0.5327296257019043,
            "42": 0.5239048004150391,
            "43": 0.53598952293396,
            "44": 0.5204777717590332,
            "45": 0.5062940120697021,
            "46": 0.512925386428833,
            "47": 0.5252315998077393,
            "48": 0.5161232948303223,
            "49": 0.5062012672424316,
            "50": 0.5416693687438965,
            "51": 0.4998760223388672,
            "52": 0.5194778442382812,
            "53": 0.5079278945922852,
            "54": 0.5189609527587891,
            "55": 0.5183448791503906,
            "56": 0.5320010185241699,
            "57": 0.5084414482116699,
            "58": 0.48856234550476074,
            "59": 0.5077641010284424
        },
        "time_train_student": {
            "0": 0.3777320384979248,
            "1": 0.32000303268432617,
            "2": 0.3129277229309082,
            "3": 0.2968449592590332,
            "4": 0.2811751365661621,
            "5": 0.27365589141845703,
            "6": 0.27273106575012207,
            "7": 0.26927924156188965,
            "8": 0.2619516849517822,
            "9": 0.27179932594299316,
            "10": 0.26607370376586914,
            "11": 0.2600388526916504,
            "12": 0.2668120861053467,
            "13": 0.26883816719055176,
            "14": 0.2608001232147217,
            "15": 0.2760434150695801,
            "16": 0.2593393325805664,
            "17": 0.26219606399536133,
            "18": 0.2605581283569336,