{
    "results": {
        "acc_test_teacher": {
            "0": 48.949999999999996,
            "1": 52.5,
            "2": 54.300000000000004,
            "3": 52.55,
            "4": 55.1,
            "5": 58.3,
            "6": 55.50000000000001,
            "7": 55.45,
            "8": 57.550000000000004,
            "9": 56.599999999999994,
            "10": 56.55,
            "11": 57.599999999999994,
            "12": 57.099999999999994,
            "13": 58.75,
            "14": 58.8,
            "15": 58.45,
            "16": 58.8,
            "17": 59.5,
            "18": 59.75,
            "19": 60.0,
            "20": 59.150000000000006,
            "21": 58.25,
            "22": 59.35,
            "23": 59.3,
            "24": 59.35,
            "25": 58.95,
            "26": 59.35,
            "27": 59.099999999999994,
            "28": 59.85,
            "29": 60.650000000000006,
            "30": 57.599999999999994,
            "31": 59.45,
            "32": 59.199999999999996,
            "33": 59.150000000000006,
            "34": 59.699999999999996,
            "35": 58.75,
            "36": 59.9,
            "37": 60.050000000000004,
            "38": 60.3,
            "39": 60.75000000000001
        },
        "acc_test_student": {
            "0": 52.1,
            "1": 51.65,
            "2": 55.2,
            "3": 55.55,
            "4": 54.50000000000001,
            "5": 54.55,
            "6": 56.39999999999999,
            "7": 56.00000000000001,
            "8": 56.599999999999994,
            "9": 55.50000000000001,
            "10": 58.5,
            "11": 59.3,
            "12": 57.95,
            "13": 58.25,
            "14": 59.050000000000004,
            "15": 61.35,
            "16": 59.150000000000006,
            "17": 59.150000000000006,
            "18": 59.099999999999994,
            "19": 57.49999999999999,
            "20": 57.15,
            "21": 60.199999999999996,
            "22": 61.650000000000006,
            "23": 60.3,
            "24": 59.599999999999994,
            "25": 59.8,
            "26": 60.45,
            "27": 60.45,
            "28": 60.5,
            "29": 60.550000000000004,
            "30": 60.3,
            "31": 58.9,
            "32": 58.9,
            "33": 59.650000000000006,
            "34": 59.650000000000006,
            "35": 59.85,
            "36": 59.699999999999996,
            "37": 58.9,
            "38": 60.650000000000006,
            "39": 60.75000000000001
        },
        "acc_test_distilled": {
            "0": 46.5,
            "1": 45.7,
            "2": 54.800000000000004,
            "3": 56.15,
            "4": 54.75,
            "5": 56.2,
            "6": 53.800000000000004,
            "7": 56.39999999999999,
            "8": 55.900000000000006,
            "9": 57.49999999999999,
            "10": 48.25,
            "11": 55.300000000000004,
            "12": 58.75,
            "13": 57.699999999999996,
            "14": 58.15,
            "15": 58.15,
            "16": 60.699999999999996,
            "17": 58.8,
            "18": 60.650000000000006,
            "19": 59.099999999999994,
            "20": 59.35,
            "21": 61.550000000000004,
            "22": 58.3,
            "23": 60.199999999999996,
            "24": 61.5,
            "25": 61.650000000000006,
            "26": 60.35,
            "27": 59.95,
            "28": 60.150000000000006,
            "29": 60.050000000000004,
            "30": 60.099999999999994,
            "31": 59.550000000000004,
            "32": 59.9,
            "33": 59.550000000000004,
            "34": 61.35,
            "35": 60.9,
            "36": 60.8,
            "37": 61.6,
            "38": 61.7,
            "39": 62.849999999999994
        },
        "time_train_teacher": {
            "0": 5.09499716758728,
            "1": 4.547879457473755,
            "2": 4.255020380020142,
            "3": 3.936964988708496,
            "4": 3.7082133293151855,
            "5": 3.5353846549987793,
            "6": 3.456080436706543,
            "7": 3.3681228160858154,
            "8": 3.0438764095306396,
            "9": 3.045947313308716,
            "10": 3.0589652061462402,
            "11": 2.8490195274353027,
            "12": 2.8693487644195557,
            "13": 2.7346880435943604,
            "14": 2.7237205505371094,
            "15": 2.7276840209960938,
            "16": 2.6876041889190674,
            "17": 2.585249185562134,
            "18": 2.633119821548462,
            "19": 2.5992939472198486,
            "20": 2.5158796310424805,
            "21": 2.5131211280822754,
            "22": 2.5256457328796387,
            "23": 2.5175983905792236,
            "24": 2.4860527515411377,
            "25": 2.451491117477417,
            "26": 2.4475467205047607,
            "27": 2.382786750793457,
            "28": 2.3447771072387695,
            "29": 2.3477942943573,
            "30": 2.3530771732330322,
            "31": 2.3635904788970947,
            "32": 2.356734275817871,
            "33": 2.2733895778656006,
            "34": 2.3203988075256348,
            "35": 2.2633676528930664,
            "36": 2.283144950866699,
            "37": 2.251282215118408,
            "38": 2.2418744564056396,
            "39": 2.2597246170043945
        },
        "time_train_student": {
            "0": 1.7035205364227295,
            "1": 1.4866282939910889,
            "2": 1.4157185554504395,
            "3": 1.3613102436065674,
            "4": 1.3058147430419922,
            "5": 1.234248399734497,
            "6": 1.1568188667297363,
            "7": 1.1636855602264404,
            "8": 1.0586185455322266,
            "9": 1.040100336074829,
            "10": 0.9964165687561035,
            "11": 0.9576835632324219,
            "12": 0.9816758632659912,
            "13": 0.9872398376464844,
            "14": 0.9219684600830078,
            "15": 0.9306447505950928,
            "16": 0.8645122051239014,
            "17": 0.862903356552124,
            "18": 0.8503410816192627,
            "19": 0.8466024398803711,
            "20": 0.8162245750427246,
            "21": 0.8431427478790283,
            "22": 0.7994022369384766,
            "23": 0.827796220779419,
            "24": 0.7715222835540771,
            "25": 0.7674791812896729,
            "26": 0.751875638961792,
            "27": 0.7687180042266846,
            "28": 0.7521219253540039,
            "29": 0.7498421669006348,
            "30": 0.7109179496765137,
            "31": 0.7455995082855225,
            "32": 0.6993558406829834,
            "33": 0.6992752552032471,
            "34": 0.7047104835510254,
            "35": 0.7087769508361816,
            "36": 0.6732726097106934,
            "37": 0.6970829963684082,
            "38": 0.6577322483062744,
            "39": 0.6564779281616211
        },
        "time_train_distilled": {
            "0": 5.026960849761963,
            "1": 4.3985185623168945,
            "2": 4.136568069458008,
            "3": 3.8807952404022217,
            "4": 3.709615707397461,
            "5": 3.498239040374756,
            "6": 3.386728286743164,
            "7": 3.3662378787994385,
            "8": 3.137525796890259,
            "9": 3.0431413650512695,
            "10": 5.222235918045044,
            "11": 4.379623651504517,
            "12": 3.826288938522339,
            "13": 3.6270835399627686,
            "14": 3.369391918182373,
            "15": 3.2084217071533203,
            "16": 3.007084846496582,
            "17": 2.9889466762542725,
            "18": 2.9283900260925293,
            "19": 2.7472758293151855,
            "20": 2.6803531646728516,
            "21": 2.5724172592163086,
            "22": 2.4640426635742188,
            "23": 2.4539437294006348,
            "24": 2.4203624725341797,
            "25": 2.410872220993042,
            "26": 2.3014519214630127,
            "27": 2.2788422107696533,
            "28": 2.2653305530548096,