,acc_test_teacher,acc_test_student,acc_test_distilled,time_train_teacher,time_train_student,time_train_distilled,time_test_teacher,time_test_student,time_test_distilled
0,92.35,91.42,91.18,1.9159417152404785,0.6566658020019531,1.9692702293395996,0.3976709842681885,0.1060631275177002,0.34668922424316406
1,94.06,92.47999999999999,93.08999999999999,1.4743614196777344,0.5115995407104492,5.963097095489502,0.3658103942871094,0.09369683265686035,0.9497957229614258
