{
    "results": {
        "acc_test_teacher": {
            "0": 90.88000000000001,
            "1": 92.7,
            "2": 92.99,
            "3": 93.67999999999999,
            "4": 94.6,
            "5": 94.83,
            "6": 94.63000000000001,
            "7": 94.91000000000001,
            "8": 94.86,
            "9": 95.44,
            "10": 95.14,
            "11": 95.76,
            "12": 95.62,
            "13": 95.85000000000001,
            "14": 95.94,
            "15": 95.58,
            "16": 95.93,
            "17": 95.99,
            "18": 96.07,
            "19": 95.82000000000001,
            "20": 95.86,
            "21": 95.56,
            "22": 95.87,
            "23": 95.8,
            "24": 96.1,
            "25": 96.38,
            "26": 96.31,
            "27": 96.02000000000001,
            "28": 96.24000000000001,
            "29": 95.77,
            "30": 95.61,
            "31": 96.27,
            "32": 96.5,
            "33": 96.28,
            "34": 96.25,
            "35": 96.14,
            "36": 96.02000000000001,
            "37": 96.32,
            "38": 96.28,
            "39": 96.41999999999999,
            "40": 96.46000000000001,
            "41": 96.46000000000001,
            "42": 96.45,
            "43": 96.32,
            "44": 96.48,
            "45": 96.38,
            "46": 96.41999999999999,
            "47": 96.54,
            "48": 96.46000000000001,
            "49": 96.28999999999999,
            "50": 96.5,
            "51": 96.64,
            "52": 96.53,
            "53": 96.28999999999999,
            "54": 96.25,
            "55": 96.52,
            "56": 96.46000000000001,
            "57": 96.44,
            "58": 96.49,
            "59": 96.48
        },
        "acc_test_student": {
            "0": 92.63,
            "1": 93.61,
            "2": 94.6,
            "3": 94.74000000000001,
            "4": 94.59,
            "5": 95.22,
            "6": 95.50999999999999,
            "7": 95.52000000000001,
            "8": 95.19,
            "9": 95.65,
            "10": 96.00999999999999,
            "11": 95.71,
            "12": 95.84,
            "13": 95.89,
            "14": 96.02000000000001,
            "15": 96.11,
            "16": 96.21,
            "17": 96.28,
            "18": 96.23,
            "19": 95.99,
            "20": 96.32,
            "21": 96.24000000000001,
            "22": 96.39999999999999,
            "23": 96.21,
            "24": 96.39,
            "25": 96.07,
            "26": 96.16,
            "27": 96.04,
            "28": 96.22,
            "29": 96.36,
            "30": 96.17,
            "31": 96.53,
            "32": 96.48,
            "33": 96.25,
            "34": 96.27,
            "35": 96.49,
            "36": 96.41,
            "37": 96.47,
            "38": 96.35000000000001,
            "39": 96.55,
            "40": 96.7,
            "41": 96.5,
            "42": 96.73,
            "43": 96.46000000000001,
            "44": 96.8,
            "45": 96.81,
            "46": 96.45,
            "47": 96.67999999999999,
            "48": 96.66,
            "49": 96.67999999999999,
            "50": 96.94,
            "51": 96.45,
            "52": 96.52,
            "53": 96.84,
            "54": 96.65,
            "55": 96.59,
            "56": 96.67,
            "57": 96.95,
            "58": 96.75,
            "59": 96.81
        },
        "acc_test_distilled": {
            "0": 91.49000000000001,
            "1": 93.84,
            "2": 93.58999999999999,
            "3": 94.21000000000001,
            "4": 94.73,
            "5": 94.86,
            "6": 95.16,
            "7": 95.41,
            "8": 95.32000000000001,
            "9": 95.66,
            "10": 95.62,
            "11": 95.78,
            "12": 96.12,
            "13": 96.2,
            "14": 96.05,
            "15": 96.11,
            "16": 96.08,
            "17": 96.02000000000001,
            "18": 96.08,
            "19": 96.37,
            "20": 95.97,
            "21": 96.43,
            "22": 96.36,
            "23": 96.28999999999999,
            "24": 96.25,
            "25": 96.65,
            "26": 96.64,
            "27": 96.58,
            "28": 96.55,
            "29": 96.55,
            "30": 95.92,
            "31": 96.3,
            "32": 96.67999999999999,
            "33": 96.83,
            "34": 97.00999999999999,
            "35": 97.22,
            "36": 97.19,
            "37": 97.11,
            "38": 97.27,
            "39": 97.28,
            "40": 97.39,
            "41": 97.28,
            "42": 97.45,
            "43": 97.39999999999999,
            "44": 97.32,
            "45": 97.3,
            "46": 97.45,
            "47": 97.5,
            "48": 97.36,
            "49": 97.5,
            "50": 97.46000000000001,
            "51": 97.63,
            "52": 97.44,
            "53": 97.57000000000001,
            "54": 97.63,
            "55": 97.55,
            "56": 97.39,
            "57": 97.39,
            "58": 97.37,
            "59": 97.42
        },
        "time_train_teacher": {
            "0": 1.475118637084961,
            "1": 1.1519598960876465,
            "2": 1.0709517002105713,
            "3": 1.032853126525879,
            "4": 1.03507399559021,
            "5": 1.0044004917144775,
            "6": 0.9572708606719971,
            "7": 0.9423508644104004,
            "8": 0.9214189052581787,
            "9": 0.9593772888183594,
            "10": 0.9299147129058838,
            "11": 0.9390947818756104,
            "12": 0.9087002277374268,
            "13": 0.9025893211364746,
            "14": 0.9107611179351807,
            "15": 0.9356672763824463,
            "16": 0.9345827102661133,
            "17": 0.8913416862487793,
            "18": 0.9017164707183838,
            "19": 0.8905675411224365,
            "20": 0.8742115497589111,
            "21": 0.8794651031494141,
            "22": 0.8779644966125488,
            "23": 0.8626654148101807,
            "24": 0.8659689426422119,
            "25": 0.8512635231018066,
            "26": 0.8746869564056396,
            "27": 0.8654515743255615,
            "28": 0.8698873519897461,
            "29": 0.8381500244140625,
            "30": 0.8646872043609619,
            "31": 0.8581173419952393,
            "32": 0.8349606990814209,
            "33": 0.8414268493652344,
            "34": 0.8658967018127441,
            "35": 0.861842155456543,
            "36": 0.8419632911682129,
            "37": 0.870558500289917,
            "38": 0.8597862720489502,
            "39": 0.8074378967285156,
            "40": 0.8325276374816895,
            "41": 0.826087474822998,
            "42": 0.8784868717193604,
            "43": 0.8209261894226074,
            "44": 0.8327560424804688,
            "45": 0.8169586658477783,
            "46": 0.8241019248962402,
            "47": 0.8114087581634521,
            "48": 0.8152484893798828,
            "49": 0.8209896087646484,
            "50": 0.8272230625152588,
            "51": 0.8219566345214844,
            "52": 0.8211708068847656,
            "53": 0.8157303333282471,
            "54": 0.8060050010681152,
            "55": 0.8159444332122803,
            "56": 0.8410382270812988,
            "57": 0.80816650390625,
            "58": 0.8512468338012695,
            "59": 0.8204245567321777
        },
        "time_train_student": {
            "0": 0.5746541023254395,
            "1": 0.49306583404541016,
            "2": 0.4545879364013672,
            "3": 0.43372392654418945,
            "4": 0.4591517448425293,
            "5": 0.4310770034790039,
            "6": 0.4473536014556885,
            "7": 0.43143582344055176,
            "8": 0.4034385681152344,
            "9": 0.4093470573425293,
            "10": 0.4280202388763428,
            "11": 0.4095792770385742,
            "12": 0.4029240608215332,
            "13": 0.40446925163269043,
            "14": 0.38501715660095215,