{
    "results": {
        "acc_test_teacher": {
            "0": 85.05,
            "1": 85.99,
            "2": 86.57000000000001,
            "3": 86.79,
            "4": 88.4,
            "5": 88.38000000000001,
            "6": 89.31,
            "7": 88.78,
            "8": 89.83,
            "9": 90.55,
            "10": 90.51,
            "11": 91.13,
            "12": 90.79,
            "13": 88.17,
            "14": 89.88000000000001,
            "15": 90.58,
            "16": 92.27,
            "17": 89.56,
            "18": 90.71000000000001,
            "19": 88.75
        },
        "acc_test_student": {
            "0": 85.21,
            "1": 86.99,
            "2": 87.82,
            "3": 88.05,
            "4": 88.82,
            "5": 88.22,
            "6": 89.91,
            "7": 89.07000000000001,
            "8": 88.88000000000001,
            "9": 88.66000000000001,
            "10": 90.92,
            "11": 89.0,
            "12": 89.88000000000001,
            "13": 89.38000000000001,
            "14": 89.13,
            "15": 89.89,
            "16": 90.72,
            "17": 89.58,
            "18": 89.88000000000001,
            "19": 90.44
        },
        "acc_test_distilled": {
            "0": 86.24000000000001,
            "1": 88.41,
            "2": 88.92,
            "3": 90.51,
            "4": 89.23,
            "5": 89.28,
            "6": 88.11,
            "7": 89.82,
            "8": 89.64,
            "9": 91.36,
            "10": 84.11,
            "11": 89.9,
            "12": 91.06,
            "13": 90.78,
            "14": 90.01,
            "15": 90.85,
            "16": 90.0,
            "17": 92.04,
            "18": 90.94,
            "19": 90.86999999999999
        },
        "time_train_teacher": {
            "0": 1.2906830310821533,
            "1": 1.000889539718628,
            "2": 0.9443261623382568,
            "3": 0.9051599502563477,
            "4": 0.8795166015625,
            "5": 0.920518159866333,
            "6": 0.8390038013458252,
            "7": 0.8405303955078125,
            "8": 0.8553574085235596,
            "9": 0.8016142845153809,
            "10": 0.8071141242980957,
            "11": 0.8151054382324219,
            "12": 0.7859506607055664,
            "13": 0.7752163410186768,
            "14": 0.771491527557373,
            "15": 0.7698981761932373,
            "16": 0.7784109115600586,
            "17": 0.7681317329406738,
            "18": 0.7619493007659912,
            "19": 0.7720117568969727
        },
        "time_train_student": {
            "0": 0.5516188144683838,
            "1": 0.4983804225921631,
            "2": 0.4691472053527832,
            "3": 0.46365785598754883,
            "4": 0.45537757873535156,
            "5": 0.45308828353881836,
            "6": 0.4541800022125244,
            "7": 0.4493567943572998,
            "8": 0.44806575775146484,
            "9": 0.44652533531188965,
            "10": 0.4520423412322998,
            "11": 0.44060516357421875,
            "12": 0.4335598945617676,
            "13": 0.47193002700805664,
            "14": 0.43642640113830566,
            "15": 0.43543219566345215,
            "16": 0.4315650463104248,
            "17": 0.4375755786895752,
            "18": 0.45705485343933105,
            "19": 0.42778825759887695
        },
        "time_train_distilled": {
            "0": 1.252413034439087,
            "1": 0.9815571308135986,
            "2": 0.9449234008789062,
            "3": 0.9070701599121094,
            "4": 0.8726356029510498,
            "5": 0.8593120574951172,
            "6": 0.825423002243042,
            "7": 0.8030192852020264,
            "8": 0.8188250064849854,
            "9": 0.8080928325653076,
            "10": 3.646698236465454,
            "11": 3.3996024131774902,
            "12": 3.2710611820220947,
            "13": 3.264141321182251,
            "14": 3.187716007232666,
            "15": 3.1992199420928955,
            "16": 3.1874773502349854,
            "17": 3.1362497806549072,
            "18": 3.1656494140625,
            "19": 3.0863149166107178
        },
        "time_test_teacher": {
            "0": 0.22740411758422852,
            "1": 0.23154354095458984,
            "2": 0.2168254852294922,
            "3": 0.21695351600646973,
            "4": 0.21079277992248535,
            "5": 0.21874237060546875,
            "6": 0.21689772605895996,
            "7": 0.21928000450134277,
            "8": 0.2247776985168457,
            "9": 0.23058700561523438,
            "10": 0.22337865829467773,
            "11": 0.22359251976013184,
            "12": 0.22449493408203125,
            "13": 0.2261950969696045,
            "14": 0.23419761657714844,
            "15": 0.22650742530822754,
            "16": 0.21747136116027832,
            "17": 0.21770048141479492,
            "18": 0.21705079078674316,
            "19": 0.2566566467285156
        },
        "time_test_student": {
            "0": 0.09017062187194824,
            "1": 0.08563947677612305,
            "2": 0.08577275276184082,
            "3": 0.08686971664428711,
            "4": 0.08399558067321777,
            "5": 0.08681368827819824,
            "6": 0.0802464485168457,
            "7": 0.09553098678588867,
            "8": 0.0861809253692627,
            "9": 0.08810186386108398,
            "10": 0.08430147171020508,
            "11": 0.08020162582397461,
            "12": 0.0873115062713623,
            "13": 0.08181023597717285,
            "14": 0.07947540283203125,
            "15": 0.08198308944702148,
            "16": 0.07965755462646484,
            "17": 0.08376169204711914,
            "18": 0.08580994606018066,
            "19": 0.08302044868469238
        },
        "time_test_distilled": {
            "0": 0.2152390480041504,
            "1": 0.21851134300231934,
            "2": 0.22170162200927734,
            "3": 0.22472190856933594,
            "4": 0.21761107444763184,
            "5": 0.21477580070495605,
            "6": 0.22370100021362305,
            "7": 0.21936964988708496,
            "8": 0.2741577625274658,
            "9": 0.21793031692504883,
            "10": 0.6504731178283691,
            "11": 0.6350672245025635,
            "12": 0.6343071460723877,
            "13": 0.6430590152740479,
            "14": 0.6397373676300049,
            "15": 0.6481044292449951,
            "16": 0.6385164260864258,
            "17": 0.6390054225921631,
            "18": 0.6336073875427246,
            "19": 0.6412920951843262
        }
    },
    "analysis": {
        "avg_acc_test_teacher": 89.1,
        "std_acc_test_teacher": 1.8807305411517758,
        "avg_acc_test_student": 89.02250000000001,
        "std_acc_test_student": 1.3347535747332404,
        "avg_acc_test_distilled": 89.60399999999998,
        "std_acc_test_distilled": 1.844047036733122,
        "final_acc_test_distilled": 90.86999999999999,
        "sum_time_train_teacher": 17.082879304885864,
        "sum_time_train_student": 9.113377809524536,
        "sum_time_train_distilled": 41.61740207672119,
        "total_time": 83.2544195652008
    },
    "mutual_information": {
        "sklearn_teacher": 1.6806274356182942,
        "sklearn_student": 2.2951901876784855
    },
    "params": {
        "teacher_num_clauses": 400,
        "student_num_clauses": 100,
        "T": 10,
        "s": 5,
        "teacher_epochs": 10,
        "student_epochs": 10,
        "weighted_clauses": true,
        "number_of_state_bits": 8
    },
    "experiment_name": "MNIST_0",
    "timestamp": "2025-01-21 01:46:57",
    "id": "MNIST_0_tnc400_snc100_T10_s5_te10_se10"
}