{
    "results": {
        "acc_test_teacher": {
            "0": 92.54,
            "1": 94.08999999999999,
            "2": 93.95,
            "3": 95.21,
            "4": 94.8,
            "5": 95.44,
            "6": 95.62,
            "7": 95.81,
            "8": 96.0,
            "9": 96.03,
            "10": 95.94,
            "11": 96.25,
            "12": 96.06,
            "13": 96.27,
            "14": 96.37,
            "15": 96.64,
            "16": 96.47,
            "17": 96.52,
            "18": 96.66,
            "19": 96.66,
            "20": 96.52,
            "21": 96.45,
            "22": 96.53,
            "23": 96.76,
            "24": 96.75,
            "25": 96.64,
            "26": 96.8,
            "27": 96.78999999999999,
            "28": 96.81,
            "29": 96.83,
            "30": 96.91,
            "31": 96.84,
            "32": 96.89999999999999,
            "33": 96.92,
            "34": 96.94,
            "35": 97.02,
            "36": 96.83,
            "37": 96.93,
            "38": 96.93,
            "39": 96.81,
            "40": 96.83,
            "41": 96.99,
            "42": 96.97,
            "43": 96.91,
            "44": 97.00999999999999,
            "45": 96.92,
            "46": 96.89999999999999,
            "47": 96.89,
            "48": 97.03,
            "49": 96.88,
            "50": 97.0,
            "51": 97.1,
            "52": 97.0,
            "53": 96.94,
            "54": 97.0,
            "55": 97.07000000000001,
            "56": 97.08,
            "57": 97.16,
            "58": 96.91,
            "59": 96.89
        },
        "acc_test_student": {
            "0": 91.83,
            "1": 92.81,
            "2": 93.38,
            "3": 93.7,
            "4": 94.61,
            "5": 94.46,
            "6": 94.66,
            "7": 94.61,
            "8": 94.91000000000001,
            "9": 95.13000000000001,
            "10": 95.07,
            "11": 94.94,
            "12": 94.98,
            "13": 95.19,
            "14": 95.28999999999999,
            "15": 95.12,
            "16": 95.25,
            "17": 95.27,
            "18": 95.45,
            "19": 95.17,
            "20": 95.52000000000001,
            "21": 95.7,
            "22": 95.48,
            "23": 95.6,
            "24": 95.91,
            "25": 95.73,
            "26": 95.67,
            "27": 95.71,
            "28": 95.69,
            "29": 95.86,
            "30": 95.54,
            "31": 95.78999999999999,
            "32": 95.54,
            "33": 95.5,
            "34": 95.72,
            "35": 95.76,
            "36": 95.64,
            "37": 95.76,
            "38": 95.72,
            "39": 95.83,
            "40": 95.74000000000001,
            "41": 95.75,
            "42": 95.84,
            "43": 95.73,
            "44": 95.71,
            "45": 95.57,
            "46": 95.57,
            "47": 95.53,
            "48": 95.69,
            "49": 95.72,
            "50": 95.99,
            "51": 95.96000000000001,
            "52": 95.67999999999999,
            "53": 95.91,
            "54": 95.91,
            "55": 95.86,
            "56": 95.99,
            "57": 95.87,
            "58": 95.78,
            "59": 95.84
        },
        "acc_test_distilled": {
            "0": 91.08000000000001,
            "1": 92.95,
            "2": 93.93,
            "3": 94.78,
            "4": 94.76,
            "5": 95.39999999999999,
            "6": 95.35,
            "7": 95.62,
            "8": 95.76,
            "9": 95.45,
            "10": 95.78,
            "11": 95.72,
            "12": 95.65,
            "13": 95.88,
            "14": 95.58,
            "15": 96.1,
            "16": 96.1,
            "17": 96.17,
            "18": 95.87,
            "19": 96.2,
            "20": 96.28,
            "21": 96.45,
            "22": 96.37,
            "23": 96.33,
            "24": 96.21,
            "25": 96.38,
            "26": 96.24000000000001,
            "27": 96.58,
            "28": 96.41999999999999,
            "29": 96.49,
            "30": 94.89999999999999,
            "31": 95.52000000000001,
            "32": 96.00999999999999,
            "33": 96.26,
            "34": 96.57,
            "35": 96.46000000000001,
            "36": 96.7,
            "37": 96.65,
            "38": 96.67999999999999,
            "39": 96.86,
            "40": 96.71,
            "41": 96.69,
            "42": 96.84,
            "43": 96.78999999999999,
            "44": 96.8,
            "45": 96.84,
            "46": 96.99,
            "47": 96.89999999999999,
            "48": 96.88,
            "49": 96.91,
            "50": 96.94,
            "51": 96.81,
            "52": 97.00999999999999,
            "53": 97.0,
            "54": 97.07000000000001,
            "55": 96.91,
            "56": 96.94,
            "57": 97.07000000000001,
            "58": 97.15,
            "59": 97.11999999999999
        },
        "time_train_teacher": {
            "0": 0.9175755977630615,
            "1": 0.7705807685852051,
            "2": 0.698620080947876,
            "3": 0.6739532947540283,
            "4": 0.6584599018096924,
            "5": 0.6525774002075195,
            "6": 0.6643581390380859,
            "7": 0.6231338977813721,
            "8": 0.6253964900970459,
            "9": 0.6132998466491699,
            "10": 0.5946152210235596,
            "11": 0.6127848625183105,
            "12": 0.6058471202850342,
            "13": 0.6045851707458496,
            "14": 0.6057004928588867,
            "15": 0.5894057750701904,
            "16": 0.5880606174468994,
            "17": 0.5692195892333984,
            "18": 0.5933160781860352,
            "19": 0.6061415672302246,
            "20": 0.6066713333129883,
            "21": 0.572737455368042,
            "22": 0.5587172508239746,
            "23": 0.5600471496582031,
            "24": 0.5808305740356445,
            "25": 0.5771951675415039,
            "26": 0.5624732971191406,
            "27": 0.5559725761413574,
            "28": 0.5936520099639893,
            "29": 0.5588784217834473,
            "30": 0.5768427848815918,
            "31": 0.584566593170166,
            "32": 0.5601890087127686,
            "33": 0.5409104824066162,
            "34": 0.5423872470855713,
            "35": 0.5766165256500244,
            "36": 0.5503110885620117,
            "37": 0.5449128150939941,
            "38": 0.5770950317382812,
            "39": 0.536973237991333,
            "40": 0.5447523593902588,
            "41": 0.5815255641937256,
            "42": 0.5503039360046387,
            "43": 0.5544798374176025,
            "44": 0.5855002403259277,
            "45": 0.5548450946807861,
            "46": 0.5521652698516846,
            "47": 0.5428695678710938,
            "48": 0.5538618564605713,
            "49": 0.5207743644714355,
            "50": 0.5258910655975342,
            "51": 0.539177417755127,
            "52": 0.528860330581665,
            "53": 0.5336160659790039,
            "54": 0.5633599758148193,
            "55": 0.5335161685943604,
            "56": 0.5327258110046387,
            "57": 0.5347626209259033,
            "58": 0.5229012966156006,
            "59": 0.5439727306365967
        },
        "time_train_student": {
            "0": 0.3630869388580322,
            "1": 0.3057873249053955,
            "2": 0.2996799945831299,
            "3": 0.3060777187347412,
            "4": 0.2794983386993408,
            "5": 0.28708958625793457,
            "6": 0.28021764755249023,
            "7": 0.28128671646118164,
            "8": 0.2867562770843506,
            "9": 0.2844405174255371,
            "10": 0.2978177070617676,
            "11": 0.2843015193939209,
            "12": 0.27481579780578613,
            "13": 0.2888932228088379,
            "14": 0.2661094665527344,
            "15": 0.2830204963684082,
            "16": 0.2877345085144043,
            "17": 0.2755134105682373,
            "18": 0.2853860855102539,