{
    "results": {
        "acc_test_teacher": {
            "0": 88.51,
            "1": 90.39,
            "2": 90.93,
            "3": 93.14,
            "4": 92.77,
            "5": 94.13,
            "6": 93.91000000000001,
            "7": 93.69,
            "8": 94.96,
            "9": 94.36,
            "10": 94.74000000000001,
            "11": 94.64,
            "12": 94.83,
            "13": 95.28,
            "14": 94.95,
            "15": 94.86,
            "16": 95.1,
            "17": 95.43,
            "18": 95.76,
            "19": 95.57,
            "20": 95.26,
            "21": 95.6,
            "22": 95.37,
            "23": 95.77,
            "24": 95.67,
            "25": 95.61,
            "26": 95.39999999999999,
            "27": 95.50999999999999,
            "28": 95.66,
            "29": 96.08,
            "30": 96.17,
            "31": 95.81,
            "32": 96.06,
            "33": 95.44,
            "34": 95.91,
            "35": 96.04,
            "36": 95.91,
            "37": 95.65,
            "38": 96.06,
            "39": 96.07,
            "40": 96.23,
            "41": 96.07,
            "42": 96.1,
            "43": 96.19,
            "44": 95.99,
            "45": 96.13000000000001,
            "46": 96.26,
            "47": 95.89999999999999,
            "48": 96.02000000000001,
            "49": 96.07,
            "50": 96.02000000000001,
            "51": 96.14,
            "52": 96.21,
            "53": 96.07,
            "54": 96.28,
            "55": 96.03,
            "56": 96.34,
            "57": 96.37,
            "58": 96.38,
            "59": 96.16
        },
        "acc_test_student": {
            "0": 92.05,
            "1": 93.63,
            "2": 94.26,
            "3": 94.44,
            "4": 94.58,
            "5": 95.16,
            "6": 95.41,
            "7": 95.12,
            "8": 95.49,
            "9": 96.0,
            "10": 95.57,
            "11": 95.96000000000001,
            "12": 95.8,
            "13": 95.59,
            "14": 95.81,
            "15": 96.05,
            "16": 96.09,
            "17": 96.00999999999999,
            "18": 96.27,
            "19": 96.46000000000001,
            "20": 96.36,
            "21": 96.19,
            "22": 95.99,
            "23": 96.26,
            "24": 96.27,
            "25": 96.15,
            "26": 96.43,
            "27": 96.22,
            "28": 96.26,
            "29": 96.1,
            "30": 96.17999999999999,
            "31": 96.47,
            "32": 96.39,
            "33": 96.64,
            "34": 96.43,
            "35": 96.33,
            "36": 96.14,
            "37": 96.50999999999999,
            "38": 96.41999999999999,
            "39": 96.69,
            "40": 96.63000000000001,
            "41": 96.31,
            "42": 96.38,
            "43": 96.31,
            "44": 96.21,
            "45": 96.47,
            "46": 96.28,
            "47": 96.41999999999999,
            "48": 96.63000000000001,
            "49": 96.49,
            "50": 96.77,
            "51": 96.44,
            "52": 96.57,
            "53": 96.72,
            "54": 96.38,
            "55": 96.53,
            "56": 96.67999999999999,
            "57": 96.74000000000001,
            "58": 96.39,
            "59": 96.73
        },
        "acc_test_distilled": {
            "0": 92.2,
            "1": 92.82000000000001,
            "2": 93.58999999999999,
            "3": 94.6,
            "4": 94.16,
            "5": 95.28999999999999,
            "6": 94.99,
            "7": 95.14,
            "8": 94.8,
            "9": 95.71,
            "10": 95.5,
            "11": 95.59,
            "12": 95.59,
            "13": 95.66,
            "14": 95.92,
            "15": 95.81,
            "16": 96.17999999999999,
            "17": 95.89999999999999,
            "18": 96.14,
            "19": 95.86,
            "20": 96.13000000000001,
            "21": 96.03,
            "22": 96.24000000000001,
            "23": 96.26,
            "24": 96.02000000000001,
            "25": 96.24000000000001,
            "26": 96.36,
            "27": 96.17999999999999,
            "28": 95.95,
            "29": 96.35000000000001,
            "30": 95.39,
            "31": 96.26,
            "32": 96.35000000000001,
            "33": 96.76,
            "34": 96.89999999999999,
            "35": 96.89999999999999,
            "36": 97.1,
            "37": 97.04,
            "38": 97.24000000000001,
            "39": 97.34,
            "40": 97.26,
            "41": 97.27,
            "42": 97.36,
            "43": 97.28,
            "44": 97.34,
            "45": 97.36,
            "46": 97.32,
            "47": 97.28999999999999,
            "48": 97.43,
            "49": 97.39999999999999,
            "50": 97.39999999999999,
            "51": 97.41,
            "52": 97.35000000000001,
            "53": 97.52,
            "54": 97.43,
            "55": 97.56,
            "56": 97.41,
            "57": 97.45,
            "58": 97.63,
            "59": 97.61
        },
        "time_train_teacher": {
            "0": 1.4593055248260498,
            "1": 1.1945958137512207,
            "2": 1.116684913635254,
            "3": 1.051182508468628,
            "4": 1.025146245956421,
            "5": 1.0375685691833496,
            "6": 0.9580087661743164,
            "7": 0.9592394828796387,
            "8": 0.9509949684143066,
            "9": 0.9330382347106934,
            "10": 0.9290568828582764,
            "11": 0.9054958820343018,
            "12": 0.9293813705444336,
            "13": 0.9028294086456299,
            "14": 0.8823091983795166,
            "15": 0.8893842697143555,
            "16": 0.8842794895172119,
            "17": 0.9117062091827393,
            "18": 0.8677182197570801,
            "19": 0.8780741691589355,
            "20": 0.8831219673156738,
            "21": 0.8640050888061523,
            "22": 0.8720593452453613,
            "23": 0.904454231262207,
            "24": 0.8244879245758057,
            "25": 0.8428478240966797,
            "26": 0.8564660549163818,
            "27": 0.8880078792572021,
            "28": 0.8466784954071045,
            "29": 0.8712494373321533,
            "30": 0.8244752883911133,
            "31": 0.8430111408233643,
            "32": 0.8837070465087891,
            "33": 0.8447725772857666,
            "34": 0.8471236228942871,
            "35": 0.8239519596099854,
            "36": 0.8193244934082031,
            "37": 0.8526055812835693,
            "38": 0.8511803150177002,
            "39": 0.8113422393798828,
            "40": 0.8622875213623047,
            "41": 0.8345870971679688,
            "42": 0.8219809532165527,
            "43": 0.8033511638641357,
            "44": 0.8252065181732178,
            "45": 0.8367342948913574,
            "46": 0.8204226493835449,
            "47": 0.8219747543334961,
            "48": 0.8296980857849121,
            "49": 0.7902650833129883,
            "50": 0.8022341728210449,
            "51": 0.7872650623321533,
            "52": 0.8217434883117676,
            "53": 0.8155848979949951,
            "54": 0.8108093738555908,
            "55": 0.8339052200317383,
            "56": 0.8027470111846924,
            "57": 0.8082599639892578,
            "58": 0.7927439212799072,
            "59": 0.8019928932189941
        },
        "time_train_student": {
            "0": 0.5669412612915039,
            "1": 0.4753456115722656,
            "2": 0.47353363037109375,
            "3": 0.47515344619750977,
            "4": 0.4283030033111572,
            "5": 0.4370906352996826,
            "6": 0.41471266746520996,
            "7": 0.4080038070678711,
            "8": 0.4065079689025879,
            "9": 0.4172220230102539,
            "10": 0.4416954517364502,
            "11": 0.423084020614624,
            "12": 0.39967966079711914,
            "13": 0.397754430770874,
            "14": 0.39264941215515137,
            "15": 0.3821253776550293,