{
    "results": {
        "acc_test_teacher": {
            "0": 87.89,
            "1": 88.49000000000001,
            "2": 91.10000000000001,
            "3": 92.65,
            "4": 91.89,
            "5": 93.52000000000001,
            "6": 94.04,
            "7": 93.82000000000001,
            "8": 93.47,
            "9": 94.34,
            "10": 94.37,
            "11": 94.89999999999999,
            "12": 94.02000000000001,
            "13": 94.71000000000001,
            "14": 94.58,
            "15": 94.58,
            "16": 94.85,
            "17": 95.05,
            "18": 94.85,
            "19": 95.52000000000001,
            "20": 95.14,
            "21": 94.69,
            "22": 94.82000000000001,
            "23": 95.1,
            "24": 95.05,
            "25": 95.69,
            "26": 95.22,
            "27": 95.24000000000001,
            "28": 95.21,
            "29": 95.02000000000001,
            "30": 95.32000000000001,
            "31": 95.39999999999999,
            "32": 95.62,
            "33": 95.63000000000001,
            "34": 95.33,
            "35": 95.52000000000001,
            "36": 95.72,
            "37": 95.67999999999999,
            "38": 95.84,
            "39": 95.38,
            "40": 95.78999999999999,
            "41": 95.54,
            "42": 95.77,
            "43": 95.82000000000001,
            "44": 95.34,
            "45": 95.72,
            "46": 95.67999999999999,
            "47": 95.62,
            "48": 96.00999999999999,
            "49": 95.63000000000001,
            "50": 95.55,
            "51": 95.67999999999999,
            "52": 95.8,
            "53": 95.52000000000001,
            "54": 95.56,
            "55": 95.74000000000001,
            "56": 95.72,
            "57": 96.1,
            "58": 95.81,
            "59": 95.93
        },
        "acc_test_student": {
            "0": 86.39,
            "1": 86.24000000000001,
            "2": 89.38000000000001,
            "3": 87.49,
            "4": 88.42999999999999,
            "5": 87.09,
            "6": 90.3,
            "7": 90.7,
            "8": 91.7,
            "9": 90.52,
            "10": 89.75,
            "11": 90.79,
            "12": 91.3,
            "13": 90.82000000000001,
            "14": 89.59,
            "15": 92.2,
            "16": 90.88000000000001,
            "17": 90.98,
            "18": 91.21000000000001,
            "19": 90.64,
            "20": 90.73,
            "21": 90.21000000000001,
            "22": 92.02,
            "23": 92.12,
            "24": 92.46,
            "25": 91.92,
            "26": 91.39,
            "27": 92.82000000000001,
            "28": 90.89,
            "29": 91.79,
            "30": 90.9,
            "31": 92.34,
            "32": 91.8,
            "33": 91.07,
            "34": 91.86999999999999,
            "35": 92.33,
            "36": 92.49000000000001,
            "37": 92.28,
            "38": 92.95,
            "39": 92.25999999999999,
            "40": 91.33,
            "41": 92.55,
            "42": 92.93,
            "43": 92.03,
            "44": 91.45,
            "45": 92.99,
            "46": 89.53999999999999,
            "47": 90.96,
            "48": 92.36,
            "49": 91.49000000000001,
            "50": 90.86,
            "51": 91.99000000000001,
            "52": 91.14999999999999,
            "53": 91.47999999999999,
            "54": 92.92,
            "55": 92.19000000000001,
            "56": 91.94,
            "57": 93.97,
            "58": 93.0,
            "59": 92.17
        },
        "acc_test_distilled": {
            "0": 83.69,
            "1": 89.55,
            "2": 91.66,
            "3": 92.22,
            "4": 91.97,
            "5": 93.66,
            "6": 93.46,
            "7": 92.86999999999999,
            "8": 94.28,
            "9": 94.17999999999999,
            "10": 94.19,
            "11": 94.44,
            "12": 95.0,
            "13": 94.94,
            "14": 94.33,
            "15": 94.84,
            "16": 94.83,
            "17": 95.23,
            "18": 95.36,
            "19": 94.8,
            "20": 95.0,
            "21": 95.25,
            "22": 94.84,
            "23": 95.34,
            "24": 95.71,
            "25": 95.7,
            "26": 95.50999999999999,
            "27": 95.65,
            "28": 95.52000000000001,
            "29": 95.32000000000001,
            "30": 89.28,
            "31": 90.42,
            "32": 91.10000000000001,
            "33": 90.7,
            "34": 92.82000000000001,
            "35": 93.86,
            "36": 92.85,
            "37": 92.39,
            "38": 93.19,
            "39": 91.85,
            "40": 93.26,
            "41": 93.11,
            "42": 93.56,
            "43": 93.32000000000001,
            "44": 92.13,
            "45": 93.83,
            "46": 94.58,
            "47": 93.84,
            "48": 93.84,
            "49": 94.47,
            "50": 93.67999999999999,
            "51": 93.44,
            "52": 94.87,
            "53": 93.94,
            "54": 94.39,
            "55": 94.36,
            "56": 94.06,
            "57": 93.88,
            "58": 93.43,
            "59": 94.67
        },
        "time_train_teacher": {
            "0": 3.7301113605499268,
            "1": 3.116746425628662,
            "2": 2.973015308380127,
            "3": 2.8974549770355225,
            "4": 2.787325382232666,
            "5": 2.7823352813720703,
            "6": 2.73087477684021,
            "7": 2.698920249938965,
            "8": 2.655139446258545,
            "9": 2.636436939239502,
            "10": 2.6261892318725586,
            "11": 2.5912728309631348,
            "12": 2.6037919521331787,
            "13": 2.589085340499878,
            "14": 2.56728458404541,
            "15": 2.5439116954803467,
            "16": 2.556140184402466,
            "17": 2.551704168319702,
            "18": 2.540151834487915,
            "19": 2.5338099002838135,
            "20": 2.5388247966766357,
            "21": 2.506276845932007,
            "22": 2.5302157402038574,
            "23": 2.517855405807495,
            "24": 2.4602599143981934,
            "25": 2.4899284839630127,
            "26": 2.492614507675171,
            "27": 2.4611165523529053,
            "28": 2.476919651031494,
            "29": 2.4763994216918945,
            "30": 2.4519476890563965,
            "31": 2.445021390914917,
            "32": 2.446164846420288,
            "33": 2.4699628353118896,
            "34": 2.4635984897613525,
            "35": 2.428765296936035,
            "36": 2.454514503479004,
            "37": 2.442051649093628,
            "38": 2.425844669342041,
            "39": 2.452859401702881,
            "40": 2.4338653087615967,
            "41": 2.427396774291992,
            "42": 2.4189419746398926,
            "43": 2.4435911178588867,
            "44": 2.4311416149139404,
            "45": 2.4291014671325684,
            "46": 2.4341750144958496,
            "47": 2.441099166870117,
            "48": 2.4127399921417236,
            "49": 2.423443078994751,
            "50": 2.4041812419891357,
            "51": 2.409592628479004,
            "52": 2.3997888565063477,
            "53": 2.412606716156006,
            "54": 2.41705060005188,
            "55": 2.4104321002960205,
            "56": 2.4116570949554443,
            "57": 2.391068935394287,
            "58": 2.3886027336120605,
            "59": 2.418748378753662
        },
        "time_train_student": {
            "0": 0.6901383399963379,
            "1": 0.583721399307251,
            "2": 0.5467877388000488,
            "3": 0.517674446105957,
            "4": 0.5021584033966064,
            "5": 0.5110433101654053,
            "6": 0.49111437797546387,
            "7": 0.487133264541626,
            "8": 0.47541213035583496,
            "9": 0.48397088050842285,
            "10": 0.4832735061645508,
            "11": 0.4645683765411377,
            "12": 0.4729294776916504,