{
    "results": {
        "acc_test_teacher": {
            "0": 90.01,
            "1": 93.67,
            "2": 93.58,
            "3": 94.34,
            "4": 93.97,
            "5": 94.89,
            "6": 95.12,
            "7": 95.08,
            "8": 95.14,
            "9": 94.98,
            "10": 95.22,
            "11": 95.6,
            "12": 95.62,
            "13": 95.74000000000001,
            "14": 95.71,
            "15": 96.14,
            "16": 96.3,
            "17": 95.92,
            "18": 96.12,
            "19": 96.09,
            "20": 96.28999999999999,
            "21": 96.17999999999999,
            "22": 96.14,
            "23": 96.38,
            "24": 95.74000000000001,
            "25": 95.84,
            "26": 96.17999999999999,
            "27": 96.37,
            "28": 96.50999999999999,
            "29": 96.09,
            "30": 96.17999999999999,
            "31": 96.26,
            "32": 96.50999999999999,
            "33": 96.50999999999999,
            "34": 96.56,
            "35": 96.24000000000001,
            "36": 96.48,
            "37": 96.26,
            "38": 96.14,
            "39": 96.52,
            "40": 96.39,
            "41": 96.74000000000001,
            "42": 96.63000000000001,
            "43": 96.67,
            "44": 96.61999999999999,
            "45": 96.76,
            "46": 96.74000000000001,
            "47": 96.81,
            "48": 96.8,
            "49": 96.52,
            "50": 96.54,
            "51": 96.58,
            "52": 96.46000000000001,
            "53": 96.58,
            "54": 96.65,
            "55": 96.72,
            "56": 96.74000000000001,
            "57": 96.63000000000001,
            "58": 96.64,
            "59": 96.71
        },
        "acc_test_student": {
            "0": 92.22,
            "1": 93.06,
            "2": 93.96,
            "3": 94.39999999999999,
            "4": 94.07,
            "5": 94.75,
            "6": 94.85,
            "7": 94.86,
            "8": 94.93,
            "9": 94.82000000000001,
            "10": 95.00999999999999,
            "11": 95.19,
            "12": 95.19,
            "13": 95.25,
            "14": 95.22,
            "15": 95.44,
            "16": 95.48,
            "17": 95.61,
            "18": 95.72,
            "19": 95.58,
            "20": 95.52000000000001,
            "21": 95.59,
            "22": 95.63000000000001,
            "23": 95.66,
            "24": 95.55,
            "25": 95.77,
            "26": 95.76,
            "27": 95.59,
            "28": 95.61,
            "29": 95.56,
            "30": 95.47,
            "31": 95.81,
            "32": 95.74000000000001,
            "33": 95.85000000000001,
            "34": 95.69,
            "35": 95.48,
            "36": 95.82000000000001,
            "37": 95.78,
            "38": 95.84,
            "39": 95.46,
            "40": 95.61,
            "41": 95.78999999999999,
            "42": 95.93,
            "43": 95.91,
            "44": 96.02000000000001,
            "45": 96.02000000000001,
            "46": 96.00999999999999,
            "47": 95.85000000000001,
            "48": 95.94,
            "49": 96.00999999999999,
            "50": 96.03,
            "51": 96.0,
            "52": 96.03,
            "53": 95.88,
            "54": 95.85000000000001,
            "55": 96.0,
            "56": 95.97,
            "57": 95.97,
            "58": 95.89999999999999,
            "59": 96.03
        },
        "acc_test_distilled": {
            "0": 90.01,
            "1": 93.46,
            "2": 93.72,
            "3": 93.97,
            "4": 94.43,
            "5": 93.75,
            "6": 94.89999999999999,
            "7": 95.21,
            "8": 95.83,
            "9": 95.33,
            "10": 95.46,
            "11": 95.65,
            "12": 95.32000000000001,
            "13": 95.73,
            "14": 95.56,
            "15": 95.76,
            "16": 96.15,
            "17": 95.95,
            "18": 96.23,
            "19": 96.11,
            "20": 96.24000000000001,
            "21": 96.17999999999999,
            "22": 95.83,
            "23": 96.03,
            "24": 96.33,
            "25": 96.21,
            "26": 96.37,
            "27": 96.28999999999999,
            "28": 96.04,
            "29": 96.19,
            "30": 95.00999999999999,
            "31": 95.63000000000001,
            "32": 96.17999999999999,
            "33": 96.32,
            "34": 96.5,
            "35": 96.76,
            "36": 96.72,
            "37": 96.67999999999999,
            "38": 97.0,
            "39": 97.08,
            "40": 97.1,
            "41": 97.09,
            "42": 97.13000000000001,
            "43": 97.2,
            "44": 97.04,
            "45": 96.99,
            "46": 97.11,
            "47": 97.11,
            "48": 97.24000000000001,
            "49": 97.27,
            "50": 97.17,
            "51": 97.07000000000001,
            "52": 97.06,
            "53": 97.27,
            "54": 97.31,
            "55": 97.3,
            "56": 97.28,
            "57": 97.47,
            "58": 97.27,
            "59": 97.13000000000001
        },
        "time_train_teacher": {
            "0": 1.413949966430664,
            "1": 1.1617560386657715,
            "2": 1.080155611038208,
            "3": 1.0383734703063965,
            "4": 1.0286996364593506,
            "5": 0.9860825538635254,
            "6": 0.943748950958252,
            "7": 0.9546713829040527,
            "8": 0.9495372772216797,
            "9": 0.9298672676086426,
            "10": 0.9179844856262207,
            "11": 0.8944940567016602,
            "12": 0.90683913230896,
            "13": 0.8980257511138916,
            "14": 0.882347822189331,
            "15": 0.890981912612915,
            "16": 0.9182662963867188,
            "17": 0.8908429145812988,
            "18": 0.8758785724639893,
            "19": 0.8711085319519043,
            "20": 0.8625509738922119,
            "21": 0.8689799308776855,
            "22": 0.8697850704193115,
            "23": 0.8495614528656006,
            "24": 0.8389461040496826,
            "25": 0.9122929573059082,
            "26": 0.8501358032226562,
            "27": 0.8411693572998047,
            "28": 0.8384499549865723,
            "29": 0.8388757705688477,
            "30": 0.836867094039917,
            "31": 0.8234028816223145,
            "32": 0.8246536254882812,
            "33": 0.8297743797302246,
            "34": 0.8348238468170166,
            "35": 0.8359119892120361,
            "36": 0.8429808616638184,
            "37": 0.8342523574829102,
            "38": 0.8424878120422363,
            "39": 0.8269989490509033,
            "40": 0.8124754428863525,
            "41": 0.8210546970367432,
            "42": 0.8365135192871094,
            "43": 0.822521448135376,
            "44": 0.7967042922973633,
            "45": 0.8330957889556885,
            "46": 0.8126199245452881,
            "47": 0.8398575782775879,
            "48": 0.8141636848449707,
            "49": 0.8368668556213379,
            "50": 0.7984752655029297,
            "51": 0.8066885471343994,
            "52": 0.8088760375976562,
            "53": 0.7829573154449463,
            "54": 0.7985212802886963,
            "55": 0.8107185363769531,
            "56": 0.793018102645874,
            "57": 0.7982432842254639,
            "58": 0.7912595272064209,
            "59": 0.7929337024688721
        },
        "time_train_student": {
            "0": 0.33284687995910645,
            "1": 0.303361177444458,
            "2": 0.2880423069000244,
            "3": 0.28669214248657227,
            "4": 0.28407716751098633,
            "5": 0.2776329517364502,
            "6": 0.2845339775085449,
            "7": 0.2764151096343994,
            "8": 0.28371691703796387,
            "9": 0.28180384635925293,
            "10": 0.2767140865325928,
            "11": 0.2718162536621094,
            "12": 0.27023768424987793,