{
    "results": {
        "acc_test_teacher": {
            "0": 49.4,
            "1": 53.400000000000006,
            "2": 54.55,
            "3": 50.5,
            "4": 53.55,
            "5": 54.400000000000006,
            "6": 56.85,
            "7": 56.49999999999999,
            "8": 57.099999999999994,
            "9": 56.00000000000001,
            "10": 56.65,
            "11": 58.75,
            "12": 58.5,
            "13": 57.45,
            "14": 58.85,
            "15": 59.050000000000004,
            "16": 58.050000000000004,
            "17": 58.3,
            "18": 57.9,
            "19": 59.45
        },
        "acc_test_student": {
            "0": 51.74999999999999,
            "1": 51.74999999999999,
            "2": 53.7,
            "3": 53.05,
            "4": 54.25,
            "5": 56.00000000000001,
            "6": 55.35,
            "7": 54.35,
            "8": 56.25,
            "9": 55.65,
            "10": 56.39999999999999,
            "11": 57.599999999999994,
            "12": 57.4,
            "13": 56.10000000000001,
            "14": 57.699999999999996,
            "15": 56.699999999999996,
            "16": 57.25,
            "17": 59.150000000000006,
            "18": 59.0,
            "19": 57.9
        },
        "acc_test_distilled": {
            "0": NaN,
            "1": NaN,
            "2": NaN,
            "3": NaN,
            "4": NaN,
            "5": NaN,
            "6": NaN,
            "7": NaN,
            "8": NaN,
            "9": NaN,
            "10": 49.0,
            "11": 51.05,
            "12": 56.25,
            "13": 57.15,
            "14": 58.25,
            "15": 57.05,
            "16": 58.85,
            "17": 58.9,
            "18": 59.0,
            "19": 57.4
        },
        "time_train_teacher": {
            "0": 4.549360752105713,
            "1": 3.90683913230896,
            "2": 3.7719430923461914,
            "3": 3.2978458404541016,
            "4": 2.9970686435699463,
            "5": 2.8310296535491943,
            "6": 2.7285666465759277,
            "7": 2.78285551071167,
            "8": 2.7032785415649414,
            "9": 2.556368589401245,
            "10": 2.394866943359375,
            "11": 2.3880884647369385,
            "12": 2.3417372703552246,
            "13": 2.309244155883789,
            "14": 2.299123525619507,
            "15": 2.244337558746338,
            "16": 2.1682932376861572,
            "17": 2.2413411140441895,
            "18": 2.3643784523010254,
            "19": 2.2909064292907715
        },
        "time_train_student": {
            "0": 0.5940899848937988,
            "1": 0.5235650539398193,
            "2": 0.5108897686004639,
            "3": 0.5046792030334473,
            "4": 0.4790987968444824,
            "5": 0.4763622283935547,
            "6": 0.4650399684906006,
            "7": 0.4468855857849121,
            "8": 0.44934558868408203,
            "9": 0.44335460662841797,
            "10": 0.43992066383361816,
            "11": 0.4348163604736328,
            "12": 0.4262807369232178,
            "13": 0.42967820167541504,
            "14": 0.42767834663391113,
            "15": 0.43447017669677734,
            "16": 0.4058036804199219,
            "17": 0.41094517707824707,
            "18": 0.39563679695129395,
            "19": 0.4211006164550781
        },
        "time_train_distilled": {
            "0": NaN,
            "1": NaN,
            "2": NaN,
            "3": NaN,
            "4": NaN,
            "5": NaN,
            "6": NaN,
            "7": NaN,
            "8": NaN,
            "9": NaN,
            "10": 0.9863946437835693,
            "11": 0.8970167636871338,
            "12": 0.822246789932251,
            "13": 0.787689208984375,
            "14": 0.7787134647369385,
            "15": 0.7328295707702637,
            "16": 0.7361221313476562,
            "17": 0.7081606388092041,
            "18": 0.6758208274841309,
            "19": 0.7048919200897217
        },
        "time_test_teacher": {
            "0": 0.8436965942382812,
            "1": 0.84977126121521,
            "2": 0.5817661285400391,
            "3": 0.567758321762085,
            "4": 0.5914859771728516,
            "5": 0.5963573455810547,
            "6": 0.5739724636077881,
            "7": 0.6216812133789062,
            "8": 0.6014788150787354,
            "9": 0.5887134075164795,
            "10": 0.574028491973877,
            "11": 0.5598044395446777,
            "12": 0.6072330474853516,
            "13": 0.5845580101013184,
            "14": 0.5847511291503906,
            "15": 0.5922799110412598,
            "16": 0.5623931884765625,
            "17": 0.5985603332519531,
            "18": 0.6940629482269287,
            "19": 0.5867738723754883
        },
        "time_test_student": {
            "0": 0.06689214706420898,
            "1": 0.07266497611999512,
            "2": 0.06675291061401367,
            "3": 0.07301664352416992,
            "4": 0.06682181358337402,
            "5": 0.07883453369140625,
            "6": 0.06710433959960938,
            "7": 0.07378149032592773,
            "8": 0.07296442985534668,
            "9": 0.09523725509643555,
            "10": 0.07371687889099121,
            "11": 0.07370901107788086,
            "12": 0.06900858879089355,
            "13": 0.071685791015625,
            "14": 0.06956124305725098,
            "15": 0.07289338111877441,
            "16": 0.0762786865234375,
            "17": 0.06836438179016113,
            "18": 0.07284092903137207,
            "19": 0.06902432441711426
        },
        "time_test_distilled": {
            "0": NaN,
            "1": NaN,
            "2": NaN,
            "3": NaN,
            "4": NaN,
            "5": NaN,
            "6": NaN,
            "7": NaN,
            "8": NaN,
            "9": NaN,
            "10": 0.113739013671875,
            "11": 0.11230635643005371,
            "12": 0.1142122745513916,
            "13": 0.11387777328491211,
            "14": 0.11632084846496582,
            "15": 0.11035585403442383,
            "16": 0.1103663444519043,
            "17": 0.10902571678161621,
            "18": 0.11614751815795898,
            "19": 0.1083824634552002
        }
    },
    "analysis": {
        "avg_acc_test_teacher": 56.260000000000005,
        "std_acc_test_teacher": 2.8175483930836793,
        "avg_acc_test_student": 55.86500000000001,
        "std_acc_test_student": 2.155903767015491,
        "avg_acc_test_distilled": 56.290000000000006,
        "std_acc_test_distilled": 3.4593512558153323,
        "final_acc_test_distilled": 57.4,
        "sum_time_train_teacher": 55.167473554611206,
        "sum_time_train_student": 9.119641542434692,
        "sum_time_train_distilled": 7.829885959625244,
        "total_time": 91.75433421134949
    },
    "mutual_information": {
        "sklearn_teacher": 0.8026756555018854,
        "sklearn_student": 2.2828768394565415
    },
    "params": {
        "teacher_num_clauses": 1000,
        "student_num_clauses": 100,
        "T": 60,
        "s": 3.0,
        "teacher_epochs": 10,
        "student_epochs": 10,
        "over": 0.95,
        "under": 0.05,
        "weighted_clauses": true,
        "number_of_state_bits": 8
    },
    "experiment_name": "MNIST-3D",
    "timestamp": "2025-02-04 22:38:07",
    "id": "MNIST-3D_tnc1000_snc100_T60_s3.0_te10_se10_over0.95_under0.05"
}