{
    "analysis": {
        "avg_acc_test_teacher": 57.73,
        "std_acc_test_teacher": 2.9982858350594177,
        "avg_acc_test_student": 58.26874999999999,
        "std_acc_test_student": 2.0357285440667683,
        "avg_acc_test_distilled": 58.32375,
        "std_acc_test_distilled": 3.9364501042280375,
        "final_acc_test_distilled": 61.4,
        "sum_time_train_teacher": 112.37917804718018,
        "sum_time_train_student": 36.79095959663391,
        "sum_time_train_distilled": 85.77979135513306,
        "total_time": 250.62700533866882,
        "num_clauses_dropped": 4584,
        "num_clauses_dropped_percentage": 38.2
    },
    "mutual_information": {
        "sklearn_teacher": 0.8715833293024615,
        "sklearn_student": 2.2800937165726975
    },
    "params": {
        "teacher_num_clauses": 1200,
        "student_num_clauses": 400,
        "T": 60,
        "s": 3.0,
        "teacher_epochs": 10,
        "student_epochs": 30,
        "weighted_clauses": true,
        "number_of_state_bits": 8,
        "over": 0.95,
        "under": 0.05
    },
    "experiment_name": "MNIST-3D",
    "timestamp": "2025-02-05 18:32:09",
    "id": "MNIST-3D_tnc1200_snc400_T60_s3.0_te10_se30_over0.95_under0.05",
    "results": {
        "acc_test_teacher": {
            "0": 46.35,
            "1": 49.15,
            "2": 53.5,
            "3": 54.949999999999996,
            "4": 55.7,
            "5": 56.99999999999999,
            "6": 55.65,
            "7": 55.900000000000006,
            "8": 54.25,
            "9": 54.300000000000004,
            "10": 57.8,
            "11": 56.89999999999999,
            "12": 58.050000000000004,
            "13": 56.699999999999996,
            "14": 58.599999999999994,
            "15": 59.650000000000006,
            "16": 58.95,
            "17": 59.85,
            "18": 60.3,
            "19": 58.650000000000006,
            "20": 59.75,
            "21": 59.75,
            "22": 59.8,
            "23": 59.050000000000004,
            "24": 58.3,
            "25": 57.65,
            "26": 57.9,
            "27": 59.650000000000006,
            "28": 58.85,
            "29": 59.8,
            "30": 59.050000000000004,
            "31": 59.35,
            "32": 59.9,
            "33": 61.199999999999996,
            "34": 59.550000000000004,
            "35": 59.85,
            "36": 59.75,
            "37": 58.599999999999994,
            "38": 60.4,
            "39": 58.85
        },
        "acc_test_student": {
            "0": 52.25,
            "1": 53.449999999999996,
            "2": 55.400000000000006,
            "3": 54.949999999999996,
            "4": 55.800000000000004,
            "5": 57.25,
            "6": 57.599999999999994,
            "7": 54.35,
            "8": 55.60000000000001,
            "9": 57.3,
            "10": 58.4,
            "11": 59.35,
            "12": 56.89999999999999,
            "13": 59.199999999999996,
            "14": 59.25,
            "15": 57.95,
            "16": 59.599999999999994,
            "17": 57.699999999999996,
            "18": 60.050000000000004,
            "19": 60.8,
            "20": 60.0,
            "21": 58.5,
            "22": 59.8,
            "23": 59.599999999999994,
            "24": 57.199999999999996,
            "25": 58.75,
            "26": 58.699999999999996,
            "27": 59.75,
            "28": 60.0,
            "29": 59.85,
            "30": 58.85,
            "31": 59.9,
            "32": 58.85,
            "33": 59.650000000000006,
            "34": 58.95,
            "35": 59.699999999999996,
            "36": 60.5,
            "37": 59.5,
            "38": 59.95,
            "39": 59.599999999999994
        },
        "acc_test_distilled": {
            "0": 46.35,
            "1": 49.15,
            "2": 53.5,
            "3": 54.949999999999996,
            "4": 55.7,
            "5": 56.99999999999999,
            "6": 55.65,
            "7": 55.900000000000006,
            "8": 54.25,
            "9": 54.300000000000004,
            "10": 50.449999999999996,
            "11": 52.75,
            "12": 56.75,
            "13": 57.8,
            "14": 57.99999999999999,
            "15": 59.199999999999996,
            "16": 58.5,
            "17": 59.75,
            "18": 58.9,
            "19": 60.099999999999994,
            "20": 60.3,
            "21": 60.550000000000004,
            "22": 58.050000000000004,
            "23": 61.0,
            "24": 60.45,
            "25": 60.85,
            "26": 61.4,
            "27": 60.8,
            "28": 61.050000000000004,
            "29": 61.199999999999996,
            "30": 60.85,
            "31": 61.1,
            "32": 62.45,
            "33": 62.45,
            "34": 61.550000000000004,
            "35": 61.75000000000001,
            "36": 61.550000000000004,
            "37": 62.64999999999999,
            "38": 62.6,
            "39": 61.4
        },
        "time_train_teacher": {
            "0": 5.1345415115356445,
            "1": 4.511391878128052,
            "2": 4.086472272872925,
            "3": 3.81748628616333,
            "4": 3.6117377281188965,
            "5": 3.629242420196533,
            "6": 3.392017364501953,
            "7": 3.224982976913452,
            "8": 3.076611280441284,
            "9": 3.0889029502868652,
            "10": 2.974886178970337,
            "11": 2.840125322341919,
            "12": 2.8754220008850098,
            "13": 2.7404963970184326,
            "14": 2.7292988300323486,
            "15": 2.64626145362854,
            "16": 2.6587274074554443,
            "17": 2.662335157394409,
            "18": 2.6098105907440186,
            "19": 2.6018917560577393,
            "20": 2.589341640472412,
            "21": 2.530210256576538,
            "22": 2.519761562347412,
            "23": 2.449345350265503,
            "24": 2.430464267730713,
            "25": 2.409947395324707,
            "26": 2.415403127670288,
            "27": 2.3134918212890625,
            "28": 2.3881821632385254,
            "29": 2.374183177947998,
            "30": 2.3253731727600098,
            "31": 2.37770676612854,
            "32": 2.3522539138793945,
            "33": 2.311877965927124,
            "34": 2.293572187423706,
            "35": 2.249298572540283,
            "36": 2.3084917068481445,
            "37": 2.25964093208313,
            "38": 2.3144237995147705,
            "39": 2.2535665035247803
        },
        "time_train_student": {
            "0": 1.7008001804351807,
            "1": 1.5007152557373047,
            "2": 1.395132303237915,
            "3": 1.2953221797943115,
            "4": 1.2904858589172363,
            "5": 1.1844463348388672,
            "6": 1.123542070388794,
            "7": 1.1202783584594727,
            "8": 1.0816700458526611,
            "9": 1.0775501728057861,
            "10": 1.0265049934387207,
            "11": 1.014089584350586,
            "12": 1.0133709907531738,
            "13": 0.9603633880615234,
            "14": 0.9507675170898438,
            "15": 0.9087488651275635,
            "16": 0.9019842147827148,
            "17": 0.9144117832183838,
            "18": 0.8515195846557617,
            "19": 0.8321473598480225,
            "20": 0.8427872657775879,
            "21": 0.8009095191955566,
            "22": 0.8063921928405762,
            "23": 0.7885150909423828,
            "24": 0.8130369186401367,
            "25": 0.7627415657043457,
            "26": 0.7338030338287354,
            "27": 0.7432727813720703,
            "28": 0.7303416728973389,
            "29": 0.7425353527069092,
            "30": 0.7064576148986816,
            "31": 0.7254633903503418,
            "32": 0.6837427616119385,
            "33": 0.6976447105407715,
            "34": 0.7023165225982666,
            "35": 0.6839582920074463,
            "36": 0.6971089839935303,
            "37": 0.6687257289886475,
            "38": 0.6420509815216064,